Model,Ddknnifec2d-avg,Ddknnifec2d-med,Ddknnifec2d-stdev
/CDL/am31_sim,19.7365690744761,19.7367012484465,0.202820201595753
/CDL/ea2468,16.7520376432315,16.7454450700898,0.043415636215128
/CDL/p2106,9.16813272994943,9.16932988236658,0.0315741687135
/KConfig/axTLS,0.004376869332045,0.00437665451318,0.000605069610683
/KConfig/busybox-1.18.0,0.024146173158661,0.024198365630582,0.002253541931434
/KConfig/embtoolkit,0.033054964095354,0.033122404478491,0.001944123001821
/KConfig/uClibc,0.020115628121421,0.020067536039278,0.002208076333367
/KConfig/uClinux-base,0.022475530086085,0.022296032868326,0.001850289809071
/KConfig/uClinux-distribution,0.069871089775115,0.069404736394063,0.002401078647086
/Smarch/7z,0.004925659205765,0.005043014651164,0.000341462880778
/Smarch/BerkeleyDBC,0.004339176462963,0.004339144565165,0.000114096046613
/Smarch/Dune,0.004308207901195,0.004326409427449,0.000232776433192
/Smarch/HiPAcc,0.004976800959557,0.004994118353352,0.000143069119058
/Smarch/JHipster,0.004954280927777,0.004956344841048,0.000131591790786
/Smarch/JavaGC,0.004675845904276,0.004651708994061,0.000121142187236
/Smarch/LLVM,0.02130542056635,0.021644317079336,0.001206207962673
/Smarch/Polly,0.004454434961081,0.00450932350941,0.000260729441946
/Smarch/VP9,0.004587040888146,0.00463304319419,0.000231966811733
/Smarch/X264,0.004263112340122,0.004288773052395,0.000170750857676
/Smarch/adderII,9.7795058203768,9.76239865086973,0.105551960098528
/Smarch/at91sam7sek,20.6562344171666,20.6267248250078,0.180756897925372
/Smarch/axTLS,0.011056496780366,0.010925872717053,0.000920339369717
/Smarch/axtls_2_1_4,0.005843422552571,0.005887840641663,0.000477154437543
/Smarch/busybox-1.18.0,0.066844283994287,0.066874195588753,0.003190967482112
/Smarch/busybox_1_28_0,0.102233003051952,0.101812834385783,0.003321644551931
/Smarch/ecos-icse11,31.8944204937294,31.6592277644667,1.96855408904682
/Smarch/embtoolkit,1248.76617270772,1243.11189789442,25.990781744514
/Smarch/fiasco,0.019724482065067,0.019736466929317,0.002749785757484
/Smarch/fiasco_17_10,0.011691800486297,0.011747529963032,0.001006992028746
/Smarch/integrator_arm9,9.17151243339293,9.16642006044276,0.118498106902285
/Smarch/lrzip,0.004169716620818,0.00418825307861,0.000325362336252
/Smarch/m5272c3,30.2412232569884,30.2219866872765,0.424236284304565
/Smarch/olpce2294,13.7458116489183,13.753891256405,0.203386174577358
/Smarch/pati,28.5137984994892,28.4608796301764,0.542327975538095
/Smarch/phycore229x,22.6112857513688,22.0714298998937,0.829923684267467
/Smarch/ref4955,25.0526311342232,24.7028482784517,0.882817479850734
/Smarch/se77x9,28.7489742997754,28.4580100923776,0.82122403730522
/Smarch/toybox,0.006482524601743,0.006518761860207,0.000597261445613
/Smarch/toybox_0_7_5,0.008715374814346,0.008832618361339,0.00089201454532
/Smarch/uClibc-ng_1_0_29,0.015945954304189,0.01640396588482,0.00202158369004
/Smarch/uClinux-config,4.77495534677059,4.73184656025842,0.083537182811742
/Smarch/uClinux,0.012510057156906,0.01246461365372,0.001112747371914
/automotive01/automotive01,0.235419995589182,0.230880122864618,0.014062762385936
/automotive02/automotive2_4,168.429044108186,169.040403994033,2.00479026243109
/featureide_examples/berkeleydb,0.006031813779846,0.005658166948706,0.001895789931808
/financial_services/financialServices_2018-05-09,0.131545122265816,0.131657517282293,0.002159795892428
/confidential/automotive03/03,0.0401689478755,0.040072639472783,0.001558548876093
/confidential/automotive03/automotive03a,0.007884876634926,0.007877486059442,0.000769030452594
/confidential/automotive03/automotive03b,0.039664153279737,0.039112363010645,0.003618471703685
/confidential/automotive04/04,0.029855973450467,0.030033085960895,0.001972015371298
/confidential/automotive06/automotive06a,0.009031373383477,0.009190779179335,0.00094392757531
/confidential/automotive06/automotive06b,0.035207452857867,0.035031858598814,0.002141834317898
/confidential/automotive07/automotive07a,0.144059588834643,0.146217525471002,0.005669907098535
/confidential/automotive07/automotive07b,1.61232868197374,1.61541477846913,0.018398234570887
