,Ddknnifedsharp-avg,Ddknnifedsharp-med,Ddknnifedsharp-stdev
/CDL/am31_sim.dimacs.nnf,"25,6062139962986","25,6428797396366","0,52875390870419"
/CDL/ea2468.dimacs.nnf,"90,8339248334337","91,0133079560474","0,677110496366647"
/CDL/p2106.dimacs.nnf,"42,7797528625","42,8435857237782","0,658388392006393"
/KConfig/axTLS.dimacs.nnf,"0,023579134903848","0,024171579396352","0,002921980868454"
/KConfig/busybox-1.18.0.dimacs.nnf,"0,077711019925773","0,07838601898402","0,00515682294948"
/KConfig/embtoolkit.dimacs.nnf,"0,191957844002172","0,18777040974237","0,010481182937046"
KConfig/linux-2.6.33.3.dimacs	,1800,1800,0
/KConfig/uClibc.dimacs.nnf,"0,072465244140476","0,064454326871783","0,017716541114873"
/KConfig/uClinux-base.dimacs.nnf,"0,076302644032985","0,069573898101226","0,015214413454499"
/KConfig/uClinux-distribution.dimacs.nnf,"0,144442801978439","0,141163945198059","0,010829077743242"
Smarch/2.6.28.6-icse11.dimacs	,1800,1800,0
Smarch/2.6.32-2var.dimacs	,1800,1800,0
Smarch/2.6.33.3-2var.dimacs	,1800,1800,0
/Smarch/7z.dimacs.nnf,"0,285837977435441","0,026582352351397","1,76117779682229"
/Smarch/BerkeleyDBC.dimacs.nnf,"0,025781268449501","0,024710988160223","0,008282675045533"
/Smarch/Dune.dimacs.nnf,"0,029605981279165","0,025949518429116","0,013347097263537"
/Smarch/HiPAcc.dimacs.nnf,"0,029633853640408","0,026781508466229","0,010674315818469"
/Smarch/JHipster.dimacs.nnf,"0,028882894711569","0,027625016868114","0,00909122531493"
/Smarch/JavaGC.dimacs.nnf,"0,031523984717205","0,027559027308598","0,012653039725297"
/Smarch/LLVM.dimacs.nnf,"0,028390966802836","0,025695767952129","0,013156805945839"
/Smarch/Polly.dimacs.nnf,"0,029591233329848","0,027191143250093","0,011502169074449"
/Smarch/VP9.dimacs.nnf,"0,029247779417783","0,026421460788697","0,014606067096298"
/Smarch/X264.dimacs.nnf,"0,025808663489297","0,021100491518155","0,01108182490069"
Smarch/adderII.dimacs.nnf,"269,472545944313","268,283750356408","5,99604886567278"
Smarch/at91sam7sek.dimacs.nnf,"289,110011408161","288,575275531737","3,48147226894743"
/Smarch/axTLS.dimacs.nnf,"0,101736035682261","0,066519806394354","0,184475782764132"
/Smarch/axtls_2_1_4.dimacs.nnf,"0,0348417492304","0,027895119739697","0,013857946472805"
Smarch/buildroot.dimacs	,1800,1800,0
/Smarch/busybox-1.18.0.dimacs.nnf,"1,18725279740058","1,18384075630456","0,03022595794887"
/Smarch/busybox_1_28_0.dimacs.nnf,"15,4982176709175","15,4785736396443","0,190626845325249"
Smarch/ecos-icse11.dimacs.nnf,"608,555984382043","607,585444880649","4,45210308707871"
/Smarch/embtoolkit.dimacs.nnf,"111,033097763173","110,812737610657","2,53907553141286"
/Smarch/fiasco.dimacs.nnf,"0,177574919248","0,178473999258131","0,010112049799102"
/Smarch/fiasco_17_10.dimacs.nnf,"0,050131774386391","0,049928278429434","0,004991537422612"
Smarch/freebsd-icse11.dimacs.nnf,"837,79052180077","836,835808441508","9,61727618637477"
Smarch/freetz.dimacs	,1800,1800,0
Smarch/integrator_arm9.dimacs.nnf,"314,080794667685","309,889683913207","8,87023888678451"
/Smarch/lrzip.dimacs.nnf,"0,104014479359612","0,035250492626802","0,42825612876476"
Smarch/m5272c3.dimacs.nnf,"275,449376453357","273,635185562307","7,80318715533142"
Smarch/olpce2294.dimacs.nnf,"327,829684438398","327,594581116224","10,1206930217405"
Smarch/pati.dimacs.nnf,"193,829783970742","192,185248860391","12,8667822506438"
Smarch/phycore229x.dimacs.nnf,"329,662695612917","329,342319176998","11,4971649976653"
Smarch/ref4955.dimacs.nnf,"178,548204337722","175,486488203052","12,178212473703"
Smarch/se77x9.dimacs.nnf,"294,521597062452","294,076589968754","7,42151128421159"
/Smarch/toybox.dimacs.nnf,"0,061283265920356","0,056533363182098","0,023787475932176"
/Smarch/toybox_0_7_5.dimacs.nnf,"0,041607665270567","0,034698402043432","0,012805170420681"
/Smarch/uClibc-ng_1_0_29.dimacs.nnf,"0,065693327011541","0,06231072335504","0,014770950061488"
/Smarch/uClinux-config.dimacs.nnf,"3,4395238009654","3,43497593607753","0,038436360619399"
/Smarch/uClinux.dimacs.nnf,"0,15063746098429","0,148401092737913","0,013083799799065"
/automotive01/automotive01.dimacs.nnf,"4,09998175755143","4,10377553501166","0,03463308658746"
/automotive02/automotive2_4.dimacs.nnf,"12,2388559334166","12,1879748022184","0,213364859296148"
/featureide_examples/berkeleydb.dimacs.nnf,"0,024961252612993","0,024332333588973","0,003498635734962"
/financial_services/financialServices_2018-05-09.dimacs.nnf,"1,19398745778017","1,19247310957871","0,020312599861852"
/confidential/automotive03/03.dimacs.nnf,"0,120183608373627","0,117228478658944","0,015518734644959"
/confidential/automotive03/automotive03a.dimacs.nnf,"0,049092574249953","0,044859190471471","0,016633656670489"
/confidential/automotive03/automotive03b.dimacs.nnf,"0,655280583482236","0,64881919301115","0,031213738740322"
/confidential/automotive04/04.dimacs.nnf,"0,07192205907777","0,068914111936465","0,010650219553492"
confidential/automotive05/05.dimacs	,1800,1800,0
/confidential/automotive06/automotive06a.dimacs.nnf,"0,079221768798307","0,079904870595783","0,004389978717332"
/confidential/automotive06/automotive06b.dimacs.nnf,"0,759307625228539","0,75721912807785","0,03986434549912"
/confidential/automotive07/automotive07a.dimacs.nnf,"0,345418229727075","0,343599249608815","0,011175519345084"
/confidential/automotive07/automotive07b.dimacs.nnf,"17,7073171568848","17,7789450366981","0,405702513990451"
