/CDL/am31_sim.dimacs.nnf;14.089303594082594,13.945779849775136,14.251615046989173,14.56871796073392,14.792299736756831,15.250790770165622,15.364084776956588,15.378680468071252,14.923024069983512,14.415844585746527,14.76603355165571,14.774115432985127,14.779809867963195,14.768740634899586,14.714035747107118,14.752688741777092,14.802220365032554,14.824393075890839,14.791995107196271,14.93336654221639,14.767147582024336,14.92262989608571,14.779389207717031,14.904378767125309,14.810748002957553	/CDL/am31_sim.dimacs.nnf;14.524919618386775,14.32730206195265,14.739014409016818,14.697913660202175,14.639727194327861,14.380526930093765,14.68914059875533,15.036799842957407,15.003978030290455,15.02719919104129,15.071447798982263,15.090506362263113,15.043200080282986,14.981893905904144,14.952484176959842,15.003581785131246,15.109756847843528,15.122163181193173,14.968779305927455,14.945360372774303,15.087216807063669,15.114586796145886,15.016807293985039,15.100465168710798,15.089058317709714
/CDL/ea2468.dimacs.nnf;54.77854582294822,54.244178272783756,54.50972213689238,54.28821314033121,54.24685444543138,54.18618184188381,54.22608207818121,54.31260653492063,54.447272221092135,54.2330665839836,54.25078109372407,54.38171588815749,54.293194997124374,54.56175922229886,54.392419500276446,54.616329786833376,54.35229462897405,54.64691855804995,54.60244373977184,54.835561752785,54.226456535980105,54.380199877079576,54.313464309088886,54.67585027124733,54.790223259013146	/CDL/ea2468.dimacs.nnf;55.4873443976976,55.29144984623417,55.09696083003655,55.22708085691556,55.11700299428776,55.18485927488655,55.151350228115916,55.33342820499092,55.263061387930065,55.02539258636534,55.52452334901318,55.37321810191497,55.22257864335552,55.30132456123829,55.32592685520649,55.06748294411227,55.142433285713196,55.47188491607085,55.31020198203623,55.20537109300494,55.44017194909975,55.48110751993954,55.207720366772264,55.35307463025674,55.829990851227194
/CDL/p2106.dimacs.nnf;25.165139647666365,25.652548810001463,25.587502618320286,25.533649972174317,25.510752532165498,25.556275561917573,25.5832915850915,25.53122028382495,25.594396585132927,25.47093520872295,25.408847339916974,25.172182196751237,25.056111295241863,25.073296043090522,25.324790283106267,25.285389503929764,25.286689255852252,25.242679741233587,25.166311852168292,25.23722295789048,25.164097066037357,25.212737053167075,25.254600019194186,23.812023560050875,23.71524693397805	/CDL/p2106.dimacs.nnf;25.919918764848262,26.001608869992197,25.896804553922266,25.914085178636014,25.906597300898284,25.956374229863286,25.92719556996599,25.91996934916824,25.82045047916472,25.463380741886795,25.0439141751267,25.07624021777883,25.160695075057447,25.16593991126865,25.087582028936595,25.27254004171118,25.355789358727634,25.029456182848662,24.9960740939714,25.047836487181485,25.170904466882348,23.798668328672647,23.86829208722338,24.365779645740986,23.913405308965594
/KConfig/axTLS.dimacs.nnf;0.006193499080836773,0.005323811899870634,0.005190066061913967,0.005422553978860378,0.005589992739260197,0.0053022769279778,0.005427989177405834,0.005154499318450689,0.0051721809431910515,0.005212763324379921,0.005535520147532225,0.005563357379287481,0.005642968695610762,0.00581657700240612,0.005596651695668697,0.005688606295734644,0.0057037449441850185,0.003973457962274551,0.003877887036651373,0.0043229032307863235,0.005370492115616798,0.005050577223300934,0.005310154054313898,0.004898706916719675,0.005230912938714027	/KConfig/axTLS.dimacs.nnf;0.005124461837112904,0.005716572981327772,0.005395710002630949,0.005359208211302757,0.005292592104524374,0.005373947788029909,0.005108001176267862,0.005249374080449343,0.0052499594166874886,0.004948587156832218,0.005355005152523518,0.005153600592166185,0.0051169851794838905,0.005358078982681036,0.005592909175902605,0.005453627090901136,0.005513879936188459,0.005596852861344814,0.0052133300341665745,0.004873226396739483,0.005507699213922024,0.005584784783422947,0.005108305253088474,0.005687374155968428,0.005593780893832445
/KConfig/busybox-1.18.0.dimacs.nnf;0.029815390706062317,0.030681675300002098,0.029170759953558445,0.02520689181983471,0.03251730976626277,0.025090692099183798,0.03084736317396164,0.031207416206598282,0.030671467073261738,0.03244561981409788,0.025187248829752207,0.031653779093176126,0.033060101326555014,0.029434827156364918,0.03049524687230587,0.02441198006272316,0.02266706107184291,0.02401553327217698,0.02610343089327216,0.029155976139009,0.032183653209358454,0.032157125882804394,0.02699524164199829,0.03019548812881112,0.02595321275293827	/KConfig/busybox-1.18.0.dimacs.nnf;0.029737984761595726,0.029709331691265106,0.03241584589704871,0.032725781202316284,0.03221488371491432,0.026375158224254847,0.028846330009400845,0.03338350635021925,0.028438901994377375,0.033927088137716055,0.033460548147559166,0.026977987959980965,0.022769741248339415,0.020169448107481003,0.025381325744092464,0.025654330849647522,0.031132000032812357,0.02657666662707925,0.020623331423848867,0.020178092177957296,0.024889692664146423,0.026483040302991867,0.03052595490589738,0.02687431126832962,0.020356599241495132
/KConfig/embtoolkit.dimacs.nnf;0.047170164063572884,0.05039190407842398,0.05071326578035951,0.04571264423429966,0.04752235393971205,0.04897614708170295,0.05255140410736203,0.05058412021026015,0.05457670381292701,0.04807161586359143,0.053312358912080526,0.05062260339036584,0.04909394169226289,0.06076138885691762,0.05942406179383397,0.05078345816582441,0.05187129182741046,0.053312514908611774,0.053980419877916574,0.04930262267589569,0.050447158981114626,0.05382205871865153,0.04860751470550895,0.05225320905447006,0.05581792490556836	/KConfig/embtoolkit.dimacs.nnf;0.05385552626103163,0.05331873567774892,0.05158584425225854,0.05021432088688016,0.04715513391420245,0.051018343307077885,0.047304249834269285,0.05057666916400194,0.050864018965512514,0.05243753967806697,0.05171918123960495,0.05441997526213527,0.053892910946160555,0.05020447401329875,0.05544460006058216,0.054113684222102165,0.053448001854121685,0.054896248038858175,0.05012873001396656,0.04852558486163616,0.05411554966121912,0.05448569031432271,0.05198686430230737,0.048346206080168486,0.051395116839557886
/KConfig/uClibc.dimacs.nnf;0.016058296896517277,0.019816512241959572,0.019606998655945063,0.01564324926584959,0.01628922438248992,0.016596115194261074,0.02242649206891656,0.020379557739943266,0.01839398592710495,0.014548135921359062,0.022632841020822525,0.020217604003846645,0.01793403597548604,0.022400573827326298,0.018372958060353994,0.017604831140488386,0.018054593354463577,0.017580315936356783,0.017785915173590183,0.02054325630888343,0.02175901597365737,0.02071844693273306,0.02235641609877348,0.02054105931892991,0.01751087512820959	/KConfig/uClibc.dimacs.nnf;0.01971714897081256,0.016453738324344158,0.016986164264380932,0.0216345121152699,0.018788099754601717,0.01680069463327527,0.015475198160856962,0.018481978215277195,0.020240990910679102,0.018126694951206446,0.017819968983530998,0.02237431611865759,0.02230749512091279,0.016702421009540558,0.02067552600055933,0.02102353796362877,0.021489188075065613,0.022078710608184338,0.016354430932551622,0.02061889786273241,0.020795485004782677,0.018296930007636547,0.01990685099735856,0.02167972270399332,0.021134858950972557
/KConfig/uClinux-base.dimacs.nnf;0.02203524811193347,0.02748853573575616,0.026282506063580513,0.027369205839931965,0.026135681197047234,0.023592118173837662,0.024471535347402096,0.021516350097954273,0.027233908884227276,0.0253743939101696,0.01984088635072112,0.027372146025300026,0.02668621391057968,0.027015602216124535,0.025440241675823927,0.022626772988587618,0.02341896900907159,0.02062535099685192,0.027086911257356405,0.025773721747100353,0.024304796941578388,0.025608982890844345,0.022232089657336473,0.02656752336770296,0.02185554802417755	/KConfig/uClinux-base.dimacs.nnf;0.02326863119378686,0.0234609330072999,0.025141416117548943,0.02712529618293047,0.02523539587855339,0.020192075055092573,0.02192640770226717,0.025128543376922607,0.021811507176607847,0.02434598794206977,0.0242958040907979,0.02262358320876956,0.021034459117799997,0.027147306129336357,0.026139523833990097,0.02401326084509492,0.02456259122118354,0.01980910124257207,0.021772487089037895,0.022962479386478662,0.023311228025704622,0.023013430181890726,0.022691791877150536,0.022988986689597368,0.024503475055098534
/KConfig/uClinux-distribution.dimacs.nnf;0.06950907595455647,0.07052790839225054,0.06695651495829225,0.06535881012678146,0.07572905300185084,0.06219498300924897,0.06238575791940093,0.06124986708164215,0.07186003820970654,0.06583442026749253,0.059933763928711414,0.0653310501947999,0.055202210787683725,0.06174443708732724,0.06171893980354071,0.06997794564813375,0.06599586503580213,0.058230104856193066,0.062231226824223995,0.06113591697067022,0.06988457078114152,0.06538693793118,0.0655549792572856,0.06699861260131001,0.061292590107768774	/KConfig/uClinux-distribution.dimacs.nnf;0.06515102367848158,0.06522133899852633,0.06417969288304448,0.06538646994158626,0.05890080286189914,0.06486921897158027,0.06456541363149881,0.06581288902089,0.06384244095534086,0.059429347049444914,0.06365241017192602,0.07343285763636231,0.060562395956367254,0.06055181100964546,0.06379128899425268,0.060711489990353584,0.060304608661681414,0.06504565104842186,0.06154311401769519,0.06336894119158387,0.059776184149086475,0.059468336403369904,0.0625430578365922,0.06456751516088843,0.06279584905132651
/Smarch/7z.dimacs.nnf;0.004521122667938471,0.004051935859024525,0.004056923091411591,0.004594460129737854,0.003952696919441223,0.0044176336377859116,0.004423791076987982,0.004721691831946373,0.004812701139599085,0.004723070655018091,0.004971681162714958,0.005019803065806627,0.004878764972090721,0.005027256906032562,0.005050149746239185,0.00499309878796339,0.005064528901129961,0.005125863943248987,0.005504625849425793,0.005115221720188856,0.005140149965882301,0.0052432892844080925,0.0051931701600551605,0.005250365938991308,0.005190856754779816	/Smarch/7z.dimacs.nnf;0.003706793300807476,0.0037385481409728527,0.004646934103220701,0.0036485427990555763,0.0048834169283509254,0.004166231956332922,0.004378031939268112,0.004966129083186388,0.004566768184304237,0.004611615091562271,0.004913188051432371,0.004825755953788757,0.0048352493904531,0.004989082925021648,0.005052649881690741,0.005055566318333149,0.004742486868053675,0.004968330729752779,0.0050935689359903336,0.005136767867952585,0.004804081749171019,0.00478970305994153,0.005097715184092522,0.0051330579444766045,0.004991879221051931
/Smarch/BerkeleyDBC.dimacs.nnf;0.004555047955363989,0.0046627819538116455,0.004409983288496733,0.004423776641488075,0.004495428409427404,0.004416048992425203,0.004409140907227993,0.0045701670460402966,0.00444713793694973,0.004392986185848713,0.004522141069173813,0.004450562410056591,0.004367663990706205,0.004419346805661917,0.004630516283214092,0.004404718987643719,0.004492604173719883,0.0046192980371415615,0.004418446682393551,0.004477806854993105,0.004578383173793554,0.004370897077023983,0.004402331076562405,0.004412256181240082,0.004575609695166349	/Smarch/BerkeleyDBC.dimacs.nnf;0.0046942210756242275,0.004557467065751553,0.004608237184584141,0.004451507702469826,0.004570869728922844,0.0032752491533756256,0.0044379206374287605,0.0038634217344224453,0.0041675507090985775,0.004484111908823252,0.004310226067900658,0.004289529286324978,0.00416109012439847,0.004446000792086124,0.004483440890908241,0.004329374060034752,0.004462005104869604,0.004489734768867493,0.004204813856631517,0.004262791946530342,0.004565040115267038,0.004320705309510231,0.0044295829720795155,0.004368981812149286,0.004502998664975166
/Smarch/Dune.dimacs.nnf;0.004476421978324652,0.0044640409760177135,0.004517065826803446,0.004534512292593718,0.004593572113662958,0.004670083988457918,0.004454679321497679,0.004443373065441847,0.004806218668818474,0.004593397956341505,0.004473689943552017,0.004709497094154358,0.0045104119926691055,0.00446820305660367,0.004712004214525223,0.004564150236546993,0.004501523915678263,0.0046876221895217896,0.004529308062046766,0.004489443264901638,0.004670490976423025,0.004592746961861849,0.004476890899240971,0.004627282731235027,0.004510581959038973	/Smarch/Dune.dimacs.nnf;0.0037478976882994175,0.0043393769301474094,0.004561669193208218,0.004066338296979666,0.00457798270508647,0.004540873691439629,0.004579619970172644,0.0044663031585514545,0.004504398908466101,0.004621265921741724,0.004528670106083155,0.004394032061100006,0.004549347795546055,0.00444680405780673,0.0045111821964383125,0.004436959978193045,0.004615067038685083,0.004511462990194559,0.004458018112927675,0.0046203420497477055,0.004524596966803074,0.00447771605104208,0.004643288906663656,0.0045321122743189335,0.0044822776690125465
/Smarch/HiPAcc.dimacs.nnf;0.0052115400321781635,0.0053061749786138535,0.005440100096166134,0.005205183289945126,0.005159072112292051,0.005251409951597452,0.005309519823640585,0.005273975897580385,0.005245248321443796,0.005241101142019033,0.00529864989221096,0.005295861046761274,0.0053515308536589146,0.00513474689796567,0.0051008351147174835,0.005252067930996418,0.005334810819476843,0.005392489954829216,0.005325568839907646,0.0053053018637001514,0.005277280695736408,0.0052334158681333065,0.005158574320375919,0.005287845153361559,0.005278718192130327	/Smarch/HiPAcc.dimacs.nnf;0.0052905152551829815,0.005134077742695808,0.00521443597972393,0.005288305226713419,0.005043573211878538,0.005271420814096928,0.005155652761459351,0.005270205903798342,0.00513498904183507,0.005316686350852251,0.00511957285925746,0.005228892900049686,0.005143813323229551,0.0053807273507118225,0.005161406006664038,0.005281020887196064,0.005156939849257469,0.005240523722022772,0.00521807512268424,0.005295224953442812,0.005155432969331741,0.005258714780211449,0.005143799819052219,0.005325166042894125,0.005079461727291346
/Smarch/JHipster.dimacs.nnf;0.005230791866779327,0.005069379229098558,0.005321099888533354,0.005311146844178438,0.005288410000503063,0.005247416906058788,0.005252660717815161,0.005334826186299324,0.005343256983906031,0.005152418278157711,0.005280208773910999,0.005263824015855789,0.005269578192383051,0.004933345131576061,0.005382346920669079,0.005194129887968302,0.005227641202509403,0.005231623072177172,0.005236714147031307,0.005329092964529991,0.005367352161556482,0.005304107442498207,0.00526515394449234,0.005378087051212788,0.005033525172621012	/Smarch/JHipster.dimacs.nnf;0.0052282861433923244,0.005102795083075762,0.005234302021563053,0.005116303917020559,0.0053195953369140625,0.005289354827255011,0.0052220202051103115,0.005744176916778088,0.005674214102327824,0.005504886154085398,0.005393209867179394,0.005214022938162088,0.005191539879888296,0.005517193116247654,0.00532383332028985,0.005389174912124872,0.005326812155544758,0.005409704986959696,0.005213879980146885,0.005293029360473156,0.0049541909247636795,0.00486917607486248,0.005260139238089323,0.005235882941633463,0.005167017690837383
/Smarch/JavaGC.dimacs.nnf;0.004877567291259766,0.0047442191280424595,0.004835604224354029,0.004809916019439697,0.004820212721824646,0.004956656135618687,0.005008191801607609,0.004911146126687527,0.004827715922147036,0.004738225135952234,0.004662714898586273,0.004914403893053532,0.00483689596876502,0.0048769800923764706,0.004733295179903507,0.004822753835469484,0.004847920965403318,0.004911964759230614,0.004945787601172924,0.004781438037753105,0.004714038223028183,0.004817019682377577,0.004795188084244728,0.004860831890255213,0.004870011005550623	/Smarch/JavaGC.dimacs.nnf;0.004872416146099567,0.00490253372117877,0.004719180054962635,0.004834936931729317,0.004461764823645353,0.004810295067727566,0.0048106578178703785,0.0048717618919909,0.004894457291811705,0.004510569851845503,0.004682749975472689,0.004813114181160927,0.004909500014036894,0.0048898751847445965,0.004790161736309528,0.00498421723023057,0.005063462071120739,0.004841833841055632,0.004858072847127914,0.0048304651863873005,0.00484213512390852,0.0045723989605903625,0.004905926063656807,0.00481036864221096,0.004795199725776911
/Smarch/LLVM.dimacs.nnf;0.004390145186334848,0.004455509129911661,0.004357859026640654,0.004280645865947008,0.004206749144941568,0.004283847287297249,0.004308479838073254,0.004368804395198822,0.0043979547917842865,0.004338490776717663,0.00423840619623661,0.004339652135968208,0.004469979088753462,0.0043564471416175365,0.004318601917475462,0.004147534724324942,0.00432920316234231,0.003295005764812231,0.004376251250505447,0.003761610947549343,0.0037673860788345337,0.003809921909123659,0.0043524326756596565,0.003669796045869589,0.004250428173691034	/Smarch/LLVM.dimacs.nnf;0.004254735074937344,0.004377434030175209,0.004342610016465187,0.004304307978600264,0.004453521687537432,0.004331564996391535,0.004353740718215704,0.004335965029895306,0.004388082306832075,0.004347788169980049,0.004316092934459448,0.004321786109358072,0.004385473672300577,0.004317710176110268,0.004383562598377466,0.004390988033264875,0.004480300005525351,0.0043326918967068195,0.004246055148541927,0.004350429866462946,0.004301673732697964,0.004343737848103046,0.004358081147074699,0.004376932978630066,0.004270806908607483
/Smarch/Polly.dimacs.nnf;0.004238822031766176,0.0044330391101539135,0.004827302880585194,0.004613962024450302,0.004760287702083588,0.004792819730937481,0.00467909500002861,0.004821892827749252,0.004742697812616825,0.004764217883348465,0.004826967604458332,0.0047943489626049995,0.004713875241577625,0.004799552261829376,0.004806100390851498,0.0047150421887636185,0.004757944960147142,0.004724786151200533,0.004850566852837801,0.004904273897409439,0.005230685696005821,0.005061514675617218,0.004771665204316378,0.004695966839790344,0.004787440877407789	/Smarch/Polly.dimacs.nnf;0.004719886928796768,0.0046624387614429,0.004798920825123787,0.004779272247105837,0.004843214992433786,0.00471067288890481,0.004802134353667498,0.004761543124914169,0.004745231941342354,0.00484938221052289,0.0047690486535429955,0.004831106401979923,0.004812214057892561,0.004421828780323267,0.0045845950953662395,0.00492329616099596,0.0047305128537118435,0.0047071706503629684,0.004785364959388971,0.004759570118039846,0.00489032780751586,0.0048123737797141075,0.004834773018956184,0.004727460909634829,0.004760570824146271
/Smarch/VP9.dimacs.nnf;0.004924107808619738,0.004777650814503431,0.0048536863178014755,0.0048768590204417706,0.0048022521659731865,0.004874892998486757,0.004886704962700605,0.004850772675126791,0.004837885033339262,0.00476082181558013,0.004931598901748657,0.004830911289900541,0.004945465829223394,0.005006236955523491,0.004976458847522736,0.0048622558824718,0.004799867980182171,0.004792510997503996,0.00485569192096591,0.004862445872277021,0.0048492769710719585,0.004842196591198444,0.004902119282633066,0.004963352810591459,0.0049101258628070354	/Smarch/VP9.dimacs.nnf;0.004799600224941969,0.004767231177538633,0.004963194951415062,0.004851867910474539,0.00478001032024622,0.0048253461718559265,0.004779015202075243,0.00484891002997756,0.004906526766717434,0.004756327718496323,0.004760130774229765,0.004756065085530281,0.004800563678145409,0.0047882250510156155,0.0049855951219797134,0.004955331329256296,0.0048941983841359615,0.004816184286028147,0.004786076955497265,0.004755840171128511,0.004776971880346537,0.00484600942581892,0.004827289842069149,0.004730131942778826,0.004991224966943264
/Smarch/X264.dimacs.nnf;0.004573254846036434,0.004496043082326651,0.004507808014750481,0.004392776172608137,0.004355018958449364,0.00449782470241189,0.004064072854816914,0.004474294371902943,0.004439361859112978,0.004477278329432011,0.004520281683653593,0.004329086747020483,0.004485484212636948,0.0038245958276093006,0.004139607306569815,0.004191899206489325,0.004424325190484524,0.004144689068198204,0.004418486729264259,0.004429641645401716,0.004450608044862747,0.004408136010169983,0.004501171875745058,0.004473155364394188,0.004418202675879002	/Smarch/X264.dimacs.nnf;0.004570758901536465,0.004571753088384867,0.0043365731835365295,0.004348525777459145,0.004392312839627266,0.004407980944961309,0.004477967973798513,0.004410482011735439,0.004326313268393278,0.004402707796543837,0.004475911147892475,0.003184763714671135,0.004409895744174719,0.003978801891207695,0.0037910672836005688,0.004442337900400162,0.004225133918225765,0.004402033984661102,0.004370430950075388,0.0043276152573525906,0.004369295667856932,0.004366531036794186,0.004393169656395912,0.004416130017489195,0.004479729104787111
/Smarch/axTLS.dimacs.nnf;0.02108387602493167,0.02132338285446167,0.021986505016684532,0.01991853304207325,0.021627152338624,0.01880612690001726,0.019285240676254034,0.01644521811977029,0.01662417408078909,0.024404209572821856,0.02186243189498782,0.023224097676575184,0.022358985617756844,0.02235665312036872,0.023203012067824602,0.023567563854157925,0.021556193940341473,0.016929741948843002,0.016239644959568977,0.015237671323120594,0.01636544894427061,0.024122545961290598,0.020277341827750206,0.017529864795506,0.016428248025476933	/Smarch/axTLS.dimacs.nnf;0.022373302839696407,0.01999601721763611,0.017297049053013325,0.01707121217623353,0.01565343188121915,0.02342619188129902,0.021567374002188444,0.017512517049908638,0.014317371882498264,0.02231378387659788,0.021234734915196896,0.01756372908130288,0.021873136050999165,0.02167327329516411,0.01888983231037855,0.01623847521841526,0.024755909107625484,0.02210401790216565,0.023040474858134985,0.02262153336778283,0.022613415960222483,0.02314350102096796,0.023099007084965706,0.019878284074366093,0.020776112098246813
/Smarch/axtls_2_1_4.dimacs.nnf;0.0045843711122870445,0.006873195059597492,0.005630651954561472,0.005506573244929314,0.006048654671758413,0.006783611141145229,0.006486047990620136,0.005945747252553701,0.006154478993266821,0.006751982029527426,0.006841004826128483,0.006980144884437323,0.006121132988482714,0.006520723924040794,0.00646508764475584,0.005987923592329025,0.006870436016470194,0.006482287775725126,0.0068146600387990475,0.006503544747829437,0.006512008141726255,0.0066332630813121796,0.006933575961738825,0.006288469303399324,0.006882903166115284	/Smarch/axtls_2_1_4.dimacs.nnf;0.00536048598587513,0.00577285373583436,0.0062959520146250725,0.005897583905607462,0.005886733997613192,0.006709924899041653,0.006724937353283167,0.006405436899513006,0.0068924929946660995,0.006755001377314329,0.006606029812246561,0.005938827060163021,0.006740708835422993,0.006452454254031181,0.006599786691367626,0.006633989047259092,0.006284249946475029,0.005967559292912483,0.006556793116033077,0.00651584891602397,0.00697477487847209,0.006906248163431883,0.006359898950904608,0.006092553026974201,0.006892730016261339
/Smarch/busybox-1.18.0.dimacs.nnf;0.7025951859541237,0.6299510360695422,0.5972719178535044,0.5803808742202818,0.5844290228560567,0.6278376248665154,0.5798521186225116,0.6336829918436706,0.6218534749932587,0.6168003641068935,0.6427463036961854,0.5930828573182225,0.5822649779729545,0.6152066588401794,0.6180029171518981,0.6131751262582839,0.58001668471843,0.6244710572063923,0.6226353677920997,0.618003445211798,0.6065837880596519,0.5805069180205464,0.627368819899857,0.6175220618024468,0.6179826250299811	/Smarch/busybox-1.18.0.dimacs.nnf;0.7077195630408823,0.5846031820401549,0.6111000450327992,0.6090349182486534,0.5838379128836095,0.624214543029666,0.6117786280810833,0.5839364556595683,0.5811896529048681,0.581668958067894,0.5857019079849124,0.5848823511041701,0.6000456330366433,0.5987929939292371,0.626604821998626,0.5890289130620658,0.6027254438959062,0.5852626040577888,0.6057017426937819,0.5837281607091427,0.6285841292701662,0.5963379363529384,0.5833852710202336,0.5989263001829386,0.5837541408836842
/Smarch/busybox_1_28_0.dimacs.nnf;5.794230424333364,5.816791086923331,5.857891519088298,6.123208601027727,5.864815274719149,5.829220851883292,5.833417258225381,5.869803625158966,5.823735523037612,5.850523422006518,5.849499328061938,5.7984155640006065,5.82280170917511,5.806009424384683,5.814619224052876,5.849194312933832,5.825330052990466,5.811928388196975,5.86436638282612,5.85038609104231,5.793333232868463,5.858422600198537,5.804016332607716,5.8480320712551475,5.837528406176716	/Smarch/busybox_1_28_0.dimacs.nnf;5.813705975655466,5.885880957823247,5.843942460138351,5.881699095945805,5.821924545802176,5.8359570619650185,5.888473499100655,5.83441584603861,5.826555910985917,5.91912791877985,5.859054048079997,5.868247278034687,5.866735997144133,5.882437197025865,5.881858936045319,5.910432612989098,5.882924052886665,5.846859945915639,5.868847898207605,5.865251469891518,5.87928699888289,5.842355061322451,5.844627929851413,5.883191030006856,5.8737699538469315
/Smarch/embtoolkit.dimacs.nnf;21.94626462692395,21.99892544001341,21.971947378944606,22.0474785217084,22.026348737999797,22.01108557730913,21.97960049798712,21.97946425806731,22.020528499037027,22.021483432967216,21.982229709159583,22.010740261990577,22.057967020664364,22.06122273299843,21.97721877368167,22.004892496857792,21.98825868871063,21.95347632234916,22.011353914625943,21.981335286982358,21.98582949116826,22.026969196274877,21.965731055941433,21.971636864822358,22.02703344495967	/Smarch/embtoolkit.dimacs.nnf;22.062703715171665,22.04918471723795,22.10854508075863,22.067458619829267,22.08330838289112,22.107466077897698,22.01891410537064,22.075993224047124,22.034980596974492,22.114941054955125,22.00722936866805,22.081561136059463,22.043596983887255,22.09801307413727,22.038803979288787,22.12723541399464,22.022422620095313,22.10314194392413,22.06499987700954,22.05523382872343,22.12321112398058,22.09579445887357,22.037923048250377,22.11586489295587,22.15857682703063
/Smarch/fiasco.dimacs.nnf;0.05992535501718521,0.06764693511649966,0.06243901792913675,0.06431578984484076,0.06069736601784825,0.06288751075044274,0.059509027283638716,0.05521956877782941,0.060834567062556744,0.06987679097801447,0.060888092033565044,0.07188829313963652,0.05852719396352768,0.062438524793833494,0.05665681837126613,0.05833660718053579,0.061972544994205236,0.05911160307005048,0.056991174817085266,0.06718507269397378,0.05957553908228874,0.05834494810551405,0.06924252305179834,0.06935675209388137,0.058680234011262655	/Smarch/fiasco.dimacs.nnf;0.07371679972857237,0.05787317082285881,0.058830829337239265,0.05725729512050748,0.060734478291124105,0.05654187500476837,0.06140490481629968,0.06441443180665374,0.0518325581215322,0.043983884155750275,0.046271273866295815,0.06593807507306337,0.06816573673859239,0.06160692172124982,0.061149238143116236,0.07171140797436237,0.0580620770342648,0.04946689587086439,0.04534690594300628,0.06012442708015442,0.0666931550949812,0.06857709120959044,0.05766982585191727,0.06895577488467097,0.07105637015774846
/Smarch/fiasco_17_10.dimacs.nnf;0.008250848855823278,0.010437004268169403,0.009827495086938143,0.013173941057175398,0.012981845997273922,0.010208759922534227,0.013280563987791538,0.012084271758794785,0.012799757067114115,0.012472802307456732,0.011910682544112206,0.012622869107872248,0.013102028984576464,0.013627946842461824,0.012310557067394257,0.011863321997225285,0.013026234228163958,0.009828316047787666,0.011000747792422771,0.009127249009907246,0.01345442421734333,0.012276892084628344,0.013041737955063581,0.012847702018916607,0.013167281169444323	/Smarch/fiasco_17_10.dimacs.nnf;0.010896461084485054,0.011489738244563341,0.012154276948422194,0.012382464949041605,0.008081850130110979,0.00988449389114976,0.010212346911430359,0.011386916041374207,0.011761139146983624,0.012787223793566227,0.013017223682254553,0.013597794342786074,0.01120650302618742,0.01011791592463851,0.014292764943093061,0.012638262938708067,0.012682358268648386,0.013792031910270452,0.012456774711608887,0.012376505881547928,0.013104801997542381,0.012118191923946142,0.011430336628109217,0.010171255096793175,0.014157501980662346
/Smarch/lrzip.dimacs.nnf;0.004571875091642141,0.00457645021378994,0.00467062508687377,0.004554403014481068,0.00454849423840642,0.004580689128488302,0.0046252598986029625,0.0047260457649827,0.004711653105914593,0.004744579084217548,0.004631369840353727,0.004579576198011637,0.004606449976563454,0.004586576018482447,0.004620950669050217,0.004688126966357231,0.004592276178300381,0.0045418632216751575,0.004694785922765732,0.004700672812759876,0.004557798150926828,0.004680898040533066,0.004563464317470789,0.004559169057756662,0.004736384842544794	/Smarch/lrzip.dimacs.nnf;0.004500638227909803,0.004666779190301895,0.004537006840109825,0.004301781300455332,0.003945047035813332,0.004576396197080612,0.0043918113224208355,0.004581045359373093,0.004564906004816294,0.004846191965043545,0.004539082758128643,0.004499243106693029,0.004473018925637007,0.004502684343606234,0.004599818028509617,0.004645669832825661,0.004552687983959913,0.004565172363072634,0.004751996137201786,0.00391173642128706,0.0045716967433691025,0.004632484167814255,0.00470744539052248,0.00456681102514267,0.004526576958596706
/Smarch/toybox.dimacs.nnf;0.015342968050390482,0.010765017941594124,0.011017230805009604,0.012389309238642454,0.01100760092958808,0.011475240346044302,0.016206682194024324,0.013222171925008297,0.013675014954060316,0.00982867507264018,0.01595259504392743,0.014085259288549423,0.013093388639390469,0.01429529208689928,0.011930037289857864,0.012721285223960876,0.011198760010302067,0.01130772614851594,0.011468634009361267,0.01254438329488039,0.016832249704748392,0.013947275932878256,0.015706824138760567,0.013896324671804905,0.014512341003865004	/Smarch/toybox.dimacs.nnf;0.015338053926825523,0.015767754055559635,0.011249218136072159,0.011280106380581856,0.012774276081472635,0.013865720946341753,0.012189471162855625,0.014905585907399654,0.013040388002991676,0.0106761553324759,0.014941787347197533,0.015408976003527641,0.013625359628349543,0.015187125653028488,0.0141921560280025,0.012274096719920635,0.011478172149509192,0.011166492011398077,0.01113471481949091,0.010596036911010742,0.011360918171703815,0.010505800135433674,0.011265912093222141,0.010563359130173922,0.01123703783378005
/Smarch/toybox_0_7_5.dimacs.nnf;0.01091827917844057,0.009253149386495352,0.010698419995605946,0.009590202942490578,0.009320450946688652,0.010491770226508379,0.010617610067129135,0.009892509784549475,0.010712250135838985,0.008336413651704788,0.008505207020789385,0.011679711285978556,0.010298414155840874,0.010323418769985437,0.010910377837717533,0.00978074362501502,0.010010354220867157,0.010197889059782028,0.008823938202112913,0.010306051932275295,0.007865183055400848,0.01016987394541502,0.009253249038010836,0.011692528147250414,0.010409867856651545	/Smarch/toybox_0_7_5.dimacs.nnf;0.007705230265855789,0.008468806743621826,0.011537885293364525,0.009891277179121971,0.009749498218297958,0.010879790876060724,0.010022643953561783,0.010506424121558666,0.01149339322000742,0.010777504649013281,0.010366134345531464,0.011325862724334002,0.010607783682644367,0.011038956232368946,0.010924881789833307,0.01068155886605382,0.0103939613327384,0.010397383943200111,0.009092337917536497,0.009856659919023514,0.010985633824020624,0.009950591716915369,0.009495962876826525,0.01052373880520463,0.01017189770936966
/Smarch/uClibc-ng_1_0_29.dimacs.nnf;0.015845268964767456,0.016309358179569244,0.01764352060854435,0.018168773036450148,0.01613168604671955,0.015444844029843807,0.014418954961001873,0.01450394093990326,0.014421055093407631,0.015987548977136612,0.016831652261316776,0.020090441685169935,0.01846663188189268,0.016212746035307646,0.015357092022895813,0.014066402334719896,0.015387048944830894,0.01677609793841839,0.02007744600996375,0.018598397728055716,0.0172059228643775,0.01854559686034918,0.01782463723793626,0.016071144957095385,0.01621398190036416	/Smarch/uClibc-ng_1_0_29.dimacs.nnf;0.017529515083879232,0.020204135216772556,0.017437899950891733,0.018922879826277494,0.01877293875440955,0.016048618126660585,0.018521066289395094,0.018506071995943785,0.01952120801433921,0.01919413125142455,0.01762761501595378,0.016794728115200996,0.013024387881159782,0.013561339117586613,0.017380888108164072,0.02086502406746149,0.017771854996681213,0.020725709851831198,0.01769447000697255,0.017268613912165165,0.017797033302485943,0.01730516878888011,0.015139300376176834,0.017302362248301506,0.01757731009274721
/Smarch/uClinux-config.dimacs.nnf;1.8604882103390992,1.8182621006853878,1.7990166177041829,1.8098721061833203,1.815585846081376,1.7632922320626676,1.7954739890992641,1.7913625352084637,1.7528960132040083,1.760838690213859,1.7885950142517686,1.8120313491672277,1.81961663486436,1.80229107523337,1.7627355139702559,1.7505376460030675,1.8119686348363757,1.7615080010145903,1.7661765343509614,1.8234683219343424,1.8047483139671385,1.7693589781410992,1.769878497812897,1.7844312842935324,1.8024270320311189	/Smarch/uClinux-config.dimacs.nnf;1.9024011148139834,1.8027809150516987,1.7861635982990265,1.7951949201524258,1.809717615135014,1.8360170568339527,1.7991784061305225,1.775339923799038,1.7855722731910646,1.8271162579767406,1.7997549772262573,1.8198810778558254,1.7803341830149293,1.7725204196758568,1.7947612148709595,1.7976814359426498,1.8075392511673272,1.8036884940229356,1.762708614114672,1.7991172540932894,1.805862796958536,1.815458642784506,1.7639196650125086,1.7886683070100844,1.8028234490193427
/Smarch/uClinux.dimacs.nnf;0.06143790716305375,0.0683363676071167,0.06503869593143463,0.06736126728355885,0.06190344411879778,0.06555250380188227,0.06234325096011162,0.05936110997572541,0.05907044094055891,0.05990262096747756,0.05870053498074412,0.05823639081791043,0.05769190611317754,0.07357096904888749,0.08079665200784802,0.061000583693385124,0.061266988050192595,0.05998484697192907,0.05989339109510183,0.06877117976546288,0.061923553235828876,0.06674121972173452,0.06368812592700124,0.09308779193088412,0.07078648172318935	/Smarch/uClinux.dimacs.nnf;0.07541585573926568,0.060789505019783974,0.0670232349075377,0.06136667123064399,0.05953600397333503,0.06108570005744696,0.05873079225420952,0.07289081998169422,0.07191657973453403,0.06320932786911726,0.06230149371549487,0.07396602956578135,0.06417262926697731,0.06428691791370511,0.06429062224924564,0.08302068570628762,0.06436298415064812,0.06684301001951098,0.06217197980731726,0.05917535722255707,0.0611737291328609,0.060949192848056555,0.08020436624065042,0.06390464818105102,0.05934354895725846
/automotive01/automotive01.dimacs.nnf;2.1483446657657623,2.1551241260021925,2.1814357698895037,2.1357121248729527,2.1742629283107817,2.1281660557724535,2.1773860771209,2.11679938621819,2.160867434926331,2.1610440271906555,2.1665654350072145,2.141658346168697,2.157608116976917,2.1603202880360186,2.154734053183347,2.172716357279569,2.1401608418673277,2.129533763974905,2.156408980023116,2.154746933840215,2.133640327025205,2.138288924936205,2.134584311861545,2.1338250068947673,2.142353172879666	/automotive01/automotive01.dimacs.nnf;2.1383672608062625,2.1440338799729943,2.138684578705579,2.137810801155865,2.1343905963003635,2.146007267292589,2.1595696546137333,2.1754539841786027,2.1311856349930167,2.131994877010584,2.158713022712618,2.1793256257660687,2.1610077121295035,2.1759413070976734,2.141029914841056,2.1387642421759665,2.1502652331255376,2.1610711780376732,2.161592192016542,2.140567357186228,2.1410980140790343,2.1468655169010162,2.136651610955596,2.140911706723273,2.1493153301998973
/automotive02/automotive2_4.dimacs.nnf;5.076221920084208,5.128101353999227,5.083410387858748,5.112213931977749,5.052673571743071,5.0968948900699615,5.122792813926935,5.117158598732203,5.094947699923068,5.127311989665031,5.124124189373106,5.105850231833756,5.1334252380765975,5.113740157801658,5.0902490159496665,5.110696265939623,5.089561541099101,5.097444825805724,5.095531913917512,5.10350098926574,5.11481350613758,5.083434545900673,5.130205838009715,5.086334414314479,5.128782131709158	/automotive02/automotive2_4.dimacs.nnf;5.096584087237716,5.159342258237302,5.150452297180891,5.13525766087696,5.1026069186627865,5.208725885022432,5.136518788989633,5.155699264258146,5.138184944167733,5.144157409667969,5.1789174932055175,5.13025039806962,5.153516483027488,5.120489799883217,5.084022082854062,5.134338165167719,5.080322484020144,5.213366942014545,5.095253816340119,5.155852934345603,5.111803133040667,5.210788656026125,5.091634259093553,5.151785832829773,5.110193728003651
/featureide_examples/berkeleydb.dimacs.nnf;0.014190983027219772,0.006412943825125694,0.006780446972697973,0.006443455815315247,0.006399574223905802,0.00658887205645442,0.006852131802588701,0.007471281103789806,0.006626813672482967,0.0058119092136621475,0.0066158352419734,0.005769724957644939,0.006464365869760513,0.0066986000165343285,0.006659108679741621,0.006596124731004238,0.005576260853558779,0.004678153898566961,0.00462389225140214,0.006791041232645512,0.005413247738033533,0.005608905106782913,0.0060482691042125225,0.006180062890052795,0.005973614752292633	/featureide_examples/berkeleydb.dimacs.nnf;0.0145983942784369,0.006281023379415274,0.00520707294344902,0.006653923075646162,0.005598827265202999,0.005524394102394581,0.005823388695716858,0.0062062120996415615,0.0063268570229411125,0.006335072219371796,0.006640829145908356,0.006173870991915464,0.006502484902739525,0.005253294948488474,0.006323600187897682,0.006045544985681772,0.006165145896375179,0.006232823710888624,0.006332737859338522,0.006415948271751404,0.006567100994288921,0.006662154104560614,0.006169665139168501,0.0062340437434613705,0.006676293909549713
/financial_services/financialServices_2018-05-09.dimacs.nnf;0.40427163895219564,0.3416866888292134,0.34394773188978434,0.3444412648677826,0.3658241620287299,0.34134409576654434,0.34263577638193965,0.335925349034369,0.3514067009091377,0.3525176807306707,0.33681538281962276,0.34250606829300523,0.35234147123992443,0.342472187243402,0.346653432585299,0.3410078249871731,0.33449145313352346,0.34911380521953106,0.3414595928043127,0.3316065510734916,0.34310966078191996,0.34990352392196655,0.3332427549175918,0.3425111258402467,0.34019217919558287	/financial_services/financialServices_2018-05-09.dimacs.nnf;0.3921675309538841,0.34721066104248166,0.3512979429215193,0.34178157011047006,0.36028032191097736,0.34320457372814417,0.34865620406344533,0.33290149830281734,0.34423967776820064,0.33253901498392224,0.3472174210473895,0.3450744953006506,0.33316787891089916,0.3431435916572809,0.35152436699718237,0.34921440575271845,0.3369657639414072,0.3438166338019073,0.33535010321065784,0.3422516440041363,0.3474209699779749,0.368404736276716,0.353443737141788,0.3423437955789268,0.34279979579150677
/confidential/automotive03/03.dimacs.nnf;0.02999658603221178,0.03486722521483898,0.02924427529796958,0.03075504396110773,0.03990327287465334,0.035311223939061165,0.03235609782859683,0.03071280289441347,0.03398173302412033,0.030554903205484152,0.029989949893206358,0.040569351986050606,0.03570000035688281,0.03450692677870393,0.03488194476813078,0.03304935060441494,0.04159617330878973,0.03456863993778825,0.03487003082409501,0.03637957572937012,0.041507613845169544,0.04191578598693013,0.037423287983983755,0.041724132373929024,0.04228022322058678	/confidential/automotive03/03.dimacs.nnf;0.034268984105437994,0.030765328090637922,0.028371925000101328,0.02920157788321376,0.03469925979152322,0.031986930873245,0.030565861612558365,0.031667739152908325,0.029532962944358587,0.030985943041741848,0.03194485744461417,0.029992396011948586,0.030554513912647963,0.03272252203896642,0.03075854666531086,0.029819330666214228,0.03408195497468114,0.039950591046363115,0.03970286529511213,0.03645461378619075,0.04140441911295056,0.03880895022302866,0.037018993869423866,0.041290231980383396,0.039194820914417505
/confidential/automotive03/automotive03a.dimacs.nnf;0.0128397848457098,0.011186685878783464,0.011000619269907475,0.011118927970528603,0.010467386804521084,0.011467598844319582,0.011705949902534485,0.011753642000257969,0.01315339608117938,0.012576768174767494,0.013342031743377447,0.012332217767834663,0.01211506174877286,0.014637461863458157,0.01426756102591753,0.012870959006249905,0.012211417779326439,0.010493579786270857,0.011210916098207235,0.013082228135317564,0.01085837697610259,0.014309471938759089,0.013342611957341433,0.013532018288969994,0.012581297662109137	/confidential/automotive03/automotive03a.dimacs.nnf;0.012320146895945072,0.015225343871861696,0.013903777580708265,0.011730287689715624,0.014292418025434017,0.015008089132606983,0.015127295162528753,0.012655189260840416,0.015105427708476782,0.012431788258254528,0.014312325976788998,0.012733946088701487,0.015212967991828918,0.012932437937706709,0.011379754170775414,0.013255131896585226,0.013183444738388062,0.013632257003337145,0.013135127257555723,0.014267486985772848,0.01335192285478115,0.010811899323016405,0.01244382094591856,0.015764637850224972,0.01297877635806799
/confidential/automotive03/automotive03b.dimacs.nnf;0.3861429747194052,0.37043343391269445,0.310114033985883,0.3350306339561939,0.2980106910690665,0.336314607411623,0.299893784802407,0.3198933629319072,0.3396751740947366,0.29991563968360424,0.3097980869933963,0.3005502996966243,0.3366364329122007,0.2969573033042252,0.3312263428233564,0.2967929597944021,0.3207541173323989,0.2997236340306699,0.3224390698596835,0.3431481830775738,0.3065069830045104,0.3265203321352601,0.3000458599999547,0.2975446106866002,0.29638772970065475	/confidential/automotive03/automotive03b.dimacs.nnf;0.38064044201746583,0.4041418079286814,0.3424185081385076,0.3048260319046676,0.3565345020033419,0.30017746426165104,0.319452784024179,0.30072074895724654,0.33351358911022544,0.33366368571296334,0.30286647472530603,0.32110432907938957,0.2986130132339895,0.3156599379144609,0.29987819492816925,0.32706520706415176,0.34681623661890626,0.286064547020942,0.2980810650624335,0.31637632194906473,0.2879044967703521,0.3008075952529907,0.33489940594881773,0.3008132451213896,0.30398972192779183
/confidential/automotive04/04.dimacs.nnf;0.025495818350464106,0.02509820694103837,0.022743612993508577,0.01921643828973174,0.017273027915507555,0.02018115483224392,0.017912317998707294,0.021548138931393623,0.019928127992898226,0.020842919126152992,0.019566561095416546,0.021401054691523314,0.02651340002194047,0.021500670816749334,0.021072369068861008,0.025676822755485773,0.02561706816777587,0.026946629397571087,0.022401869297027588,0.02398697705939412,0.026173976715654135,0.023149111308157444,0.02305851085111499,0.022397763095796108,0.018795490264892578	/confidential/automotive04/04.dimacs.nnf;0.02024460257962346,0.02473648078739643,0.02180557930842042,0.025716564152389765,0.02290378976613283,0.019227501936256886,0.022047520149499178,0.023089315742254257,0.016856139060109854,0.025313686579465866,0.020743503235280514,0.022018478717654943,0.02446833299472928,0.021893812343478203,0.025994374882429838,0.023069814313203096,0.020603655837476254,0.024052142165601254,0.020615360233932734,0.024989943951368332,0.02379543101415038,0.020249812863767147,0.02653056662529707,0.02501968899741769,0.019433727022260427
/confidential/automotive06/automotive06a.dimacs.nnf;0.02187253814190626,0.024584779981523752,0.028205336071550846,0.027322818990796804,0.022613361943513155,0.023647970985621214,0.022763052955269814,0.021228583995252848,0.02772524021565914,0.02562597906216979,0.02378369076177478,0.021898862905800343,0.025482258293777704,0.025862658862024546,0.02270178496837616,0.028281341772526503,0.025173663161695004,0.028513065073639154,0.02725760592147708,0.02133965026587248,0.027311531826853752,0.02708232868462801,0.024070313200354576,0.02257691416889429,0.021499307826161385	/confidential/automotive06/automotive06a.dimacs.nnf;0.020305517595261335,0.024413444567471743,0.025665426161140203,0.02756896521896124,0.027258343994617462,0.023222258780151606,0.022928769700229168,0.02340897684916854,0.02272717095911503,0.022935234010219574,0.022942560724914074,0.02312210900709033,0.022101757116615772,0.02781603578478098,0.02404415514320135,0.022121401969343424,0.022750262171030045,0.026855246163904667,0.0260201427154243,0.028091127052903175,0.026987696066498756,0.023652468342334032,0.023146972991526127,0.022792203817516565,0.022952758241444826
/confidential/automotive06/automotive06b.dimacs.nnf;0.439015937037766,0.4274131990969181,0.36647632997483015,0.377870705910027,0.3955871919170022,0.34278298914432526,0.3418940370902419,0.3405511947348714,0.37843452487140894,0.3949311343021691,0.3397422577254474,0.36011420795693994,0.3719412279315293,0.37481378111988306,0.34062955901026726,0.34485451877117157,0.34201235696673393,0.3882900644093752,0.3918615859001875,0.33474523993209004,0.339693624060601,0.34310553409159184,0.3561143008992076,0.35562863014638424,0.34336086129769683	/confidential/automotive06/automotive06b.dimacs.nnf;0.43881906289607286,0.40633660880848765,0.3485887749120593,0.37596666626632214,0.37596567906439304,0.38407228980213404,0.3815052192658186,0.3969491822645068,0.41759938606992364,0.39183174818754196,0.3883635150268674,0.41105045937001705,0.4155347300693393,0.41757838195189834,0.4140949370339513,0.40484914975240827,0.44683653535321355,0.47056206688284874,0.45585021702572703,0.39360944693908095,0.39923874475061893,0.349949459079653,0.3367855600081384,0.34498025802895427,0.3430161769501865
/confidential/automotive07/automotive07a.dimacs.nnf;0.09342653304338455,0.08999668899923563,0.11000265786424279,0.09468494076281786,0.08611360471695662,0.09245504019781947,0.08321259217336774,0.09045796701684594,0.08653983660042286,0.09204590180888772,0.08684771182015538,0.09151012729853392,0.11119344783946872,0.09740394121035933,0.08540995232760906,0.09079575818032026,0.09217383526265621,0.11244390206411481,0.09074729960411787,0.0912306378595531,0.1045914776623249,0.10623188922181726,0.1149178552441299,0.1074388730339706,0.10689652618020773	/confidential/automotive07/automotive07a.dimacs.nnf;0.08510349737480283,0.09400256909430027,0.08534374320879579,0.1038241139613092,0.09280725009739399,0.09876966383308172,0.0941510540433228,0.09456209512427449,0.09483548300340772,0.09777979692444205,0.08860877016559243,0.10035650385543704,0.09306110581383109,0.09167063795030117,0.08662170497700572,0.08958115288987756,0.0843774126842618,0.0930780041962862,0.10353456903249025,0.09053775994107127,0.10260134423151612,0.09180609788745642,0.10126459272578359,0.09685987094417214,0.10335761401802301
/confidential/automotive07/automotive07b.dimacs.nnf;4.812715630978346,4.754586402792484,4.766166567802429,4.759024319238961,4.8056721072643995,4.775329183321446,4.798821270931512,5.095043214038014,4.99753378611058,4.846293234732002,4.855453093070537,4.804263638798147,4.828585002105683,4.774775222409517,4.788903634995222,4.7804713966324925,4.770236706361175,4.8282821429893374,4.78059874009341,4.818385004065931,4.768243256025016,4.785597721114755,4.819281546864659,4.796222892124206,4.792699986603111	/confidential/automotive07/automotive07b.dimacs.nnf;5.029448092915118,4.802815522067249,4.750738693866879,4.751657422166318,4.753372448030859,4.779632722958922,4.765049298293889,4.769093174021691,4.744337092153728,4.783999734092504,4.74751160107553,4.753989411052316,4.783179736696184,4.786414791829884,4.774990579113364,4.771339370403439,4.940726110711694,4.910254612099379,4.956407845020294,4.90219071181491,4.8993264539167285,4.8914277302101254,4.885373313911259,4.897317048162222,4.929166371934116
