;Ddknnifec2d-avg;Ddknnifec2d-med;Ddknnifec2d-stdev
/CDL/am31_sim;24,9882989578601;24,8815829758532;0,865459739130851
/CDL/ea2468;23,9066781290434;23,4800748229027;1,75734581758492
/CDL/p2106;14,8436231643613;14,7370600157883;0,824921512213911
/KConfig/axTLS;0,46455323711969;0,463908935664221;0,008098741524348
/KConfig/busybox-1.18.0;2,25311833684333;2,25270137516782;0,154461836995509
/KConfig/embtoolkit;8,88519231730141;8,82030331087299;0,525291756825146
KConfig/linux-2.6.33.3.dimacs	;1800;1800;0
/KConfig/uClibc;1,57844376659952;1,57537756743841;0,123591619704267
/KConfig/uClinux-base;2,02714560752735;2,05697952932678;0,266430042722726
/KConfig/uClinux-distribution;5,32923844964243;5,3374251506757;0,043563046274005
Smarch/2.6.28.6-icse11.dimacs	;1800;1800;0
Smarch/2.6.32-2var.dimacs	;1800;1800;0
Smarch/2.6.33.3-2var.dimacs	;1800;1800;0
/Smarch/7z;0,237835326651111;0,242994729662314;0,025344388301435
/Smarch/BerkeleyDBC;0,072202396448702;0,070705480640754;0,007303181115655
/Smarch/Dune;0,057799629950896;0,057824185350909;0,007492187619543
/Smarch/HiPAcc;0,237391005596146;0,237135184463113;0,009675343203063
/Smarch/JHipster;0,292375271497294;0,292459923541173;0,00912590407911
/Smarch/JavaGC;0,292380114793777;0,292641032719985;0,003872190367248
/Smarch/LLVM;0,030494623398408;0,03048231988214;0,002208562305373
/Smarch/Polly;0,290145542621613;0,289093471132219;0,005981764925276
/Smarch/VP9;0,321048717973754;0,320161922136322;0,008232635494677
/Smarch/X264;0,039316455470398;0,039489168906585;0,004825577857395
/Smarch/adderII;15,4770295019913;15,003556770971;1,39990009476046
/Smarch/at91sam7sek;26,4879006774537;26,3461052391212;1,23828363884252
/Smarch/axTLS;4,39458229703829;4,38347266172059;0,267241446479441
/Smarch/axtls_2_1_4;0,535040669869631;0,533026127377525;0,009914079462545
Smarch/buildroot.dimacs	;1800;1800;0
/Smarch/busybox-1.18.0;38,9147800883744;38,2028233127203;3,11307172313182
/Smarch/busybox_1_28_0;2,04532673449256;2,06427538278513;0,131033572421072
/Smarch/ecos-icse11;38,9787172669731;39,3186697715427;2,32462536762324
/Smarch/embtoolkit;1794,2814152866;1800;64,7076721895472
/Smarch/fiasco;8,19940604439937;8,22105699055828;0,794705090724203
/Smarch/fiasco_17_10;1,2117212577071;1,21978508424945;0,109045736133751
Smarch/freebsd-icse11.dimacs	;1800;1800;0
Smarch/freetz.dimacs	;1800;1800;0
/Smarch/integrator_arm9;19,8132457979955;18,7254581451416;4,11267066934642
/Smarch/lrzip;0,065059674419463;0,063888753764331;0,007313874766387
/Smarch/m5272c3;36,9989120402001;36,8356442451477;1,4464432259532
/Smarch/olpce2294;20,2278973239195;19,9798747682944;1,56025746441518
/Smarch/pati;35,38254594367;34,9048634460196;2,67345644851255
/Smarch/phycore229x;29,8509031333681;29,762084606802;1,98320043552647
/Smarch/ref4955;30,9423367726244;30,7656689449213;1,70695416378298
/Smarch/se77x9;38,6325661516003;38,2670620314311;2,32959050444638
/Smarch/toybox;3,02695815336891;3,02307003876194;0,02215707388675
/Smarch/toybox_0_7_5;0,273926596296951;0,273769612424075;0,004532407725392
/Smarch/uClibc-ng_1_0_29;0,872780046314001;0,872090317308903;0,114278197211012
/Smarch/uClinux-config;64,3223006001674;64,3977896643337;5,36921618668878
/Smarch/uClinux;6,03487811177969;6,03964171698317;0,027871299001168
/automotive01/automotive01;21,4304500581697;21,6218957977835;1,98411874319321
/automotive02/automotive2_4;1635,19575792007;1800;395,98350978727
/featureide_examples/berkeleydb;0,414351934315637;0,413689289009198;0,012116595282664
/financial_services/financialServices_2018-05-09;10,892181189945;10,9180027928669;0,41407928635534
/confidential/automotive03/03;4,95213858858682;4,91169215110131;0,347946883363801
/confidential/automotive03/automotive03;2,2071545509249;2,23747439146973;0,123072118862885
/confidential/automotive03/automotive03b;5,58967969524674;5,61327387974598;0,673295820715374
/confidential/automotive04/04;3,22558761897497;3,23199669737369;0,387010602803274
confidential/automotive05/05.dimacs	;1800;1800;0
/confidential/automotive06/automotive06;2,61742178626359;2,61331822024658;0,170192906533095
/confidential/automotive06/automotive06b;6,62608026003465;6,69418725860305;0,653581654211741
/confidential/automotive07/automotive07;4,25631334588863;4,20035821665078;0,223462855946627
/confidential/automotive07/automotive07b;340,622384306621;260,750783105846;256,960512405239
