;Queryc2d-avg;Queryc2d-med;Queryc2d-stdev
/CDL/am31_sim;358,722084906828;358,676078563323;3,9904291332061
/CDL/ea2468;360,747046148097;360,467890389496;3,55714437390168
/CDL/p2106;212,436602583379;213,293479955522;3,08589265307293
/KConfig/axTLS;0,477948944997042;0,476867918856442;0,008737165354489
/KConfig/busybox-1.18.0;3,64255543584004;3,63145229243673;0,15609622177357
/KConfig/embtoolkit;11,6999892333709;11,6325910768937;0,521747492611406
KConfig/linux-2.6.33.3.dimacs	;1800;1800;0
/KConfig/uClibc;1,97005041987635;1,96673811529763;0,125117379243279
/KConfig/uClinux-base;2,45382263819687;2,48677260987461;0,265419594458526
/KConfig/uClinux-distribution;9,06985712366179;9,05479067168199;0,086944210791392
Smarch/2.6.28.6-icse11.dimacs	;1800;1800;0
Smarch/2.6.32-2var.dimacs	;1800;1800;0
Smarch/2.6.33.3-2var.dimacs	;1800;1800;0
/Smarch/7z;0,241577170742676;0,247072022641078;0,025335495770745
/Smarch/BerkeleyDBC;0,072790873004124;0,071346752578393;0,007244811236078
/Smarch/Dune;0,058893398446962;0,059277595020831;0,007521659620767
/Smarch/HiPAcc;0,241261712787673;0,240619181888178;0,00985416075627
/Smarch/JHipster;0,296920720506459;0,297936225542799;0,009456927168569
/Smarch/JavaGC;0,294689105348662;0,294877458130941;0,003968140608073
/Smarch/LLVM;0,013434751508758;0,01394273294136;0,00203628505733
/Smarch/Polly;0,292777555435896;0,292009036289528;0,006347155276391
/Smarch/VP9;0,323746223645285;0,322479351656512;0,008331948020316
/Smarch/X264;0,03990639552474;0,039946033852175;0,004805518130191
/Smarch/adderII;245,561699705282;246,974511552369;5,60690066816124
/Smarch/at91sam7sek;295,414595100023;296,480605249526;5,26388529278531
/Smarch/axTLS;4,74251907103695;4,72980684298091;0,26805296210696
/Smarch/axtls_2_1_4;0,558466077605262;0,557043659966439;0,009616867831227
Smarch/buildroot.dimacs	;1800;1800;0
/Smarch/busybox-1.18.0;69,4198547574598;68,9629416177049;3,08842216193388
/Smarch/busybox_1_28_0;8,1428888767492;8,1469290656969;0,132527919502973
/Smarch/ecos-icse11;527,165629693493;526,880344327306;7,20171615282816
/Smarch/embtoolkit;1525,04148586699;1800;428,824270706189
/Smarch/fiasco;9,79209165429696;9,79945712443442;0,794410891970106
/Smarch/fiasco_17_10;1,36667922779918;1,37365018273704;0,110924229465944
Smarch/freebsd-icse11.dimacs	;1800;1800;0
Smarch/freetz.dimacs	;1800;1800;0
/Smarch/integrator_arm9;225,537335754838;224,938681361033;4,40586009480156
/Smarch/lrzip;0,066123440396041;0,065434063319117;0,007375593312317
/Smarch/m5272c3;620,666565613188;621,493598988745;8,98769541043906
/Smarch/olpce2294;317,083277386893;315,006671116222;6,05469232082312
/Smarch/pati;433,954967963444;433,216307844269;3,58754149530015
/Smarch/phycore229x;556,032577652251;555,340722530847;3,75052721511374
/Smarch/ref4955;352,796268788669;351,31754765613;5,87305252835733
/Smarch/se77x9;590,128220727639;589,352405824466;4,2481227398496
/Smarch/toybox;3,14114452901296;3,14255510899238;0,025418698274391
/Smarch/toybox_0_7_5;0,373085753694177;0,370933294529095;0,009108638565249
/Smarch/uClibc-ng_1_0_29;1,08295782371424;1,08364206249826;0,115810997407929
/Smarch/uClinux-config;326,957883612635;327,19396518683;8,48935273097445
/Smarch/uClinux;7,38830035318621;7,40107122506015;0,05584875485381
/automotive01/automotive01;43,317462825859;43,4117319588549;2,00913982338113
/automotive02/automotive2_4;1616,62366625679;1800;437,509423674651
/featureide_examples/berkeleydb;0,432593988189474;0,432068017544225;0,012596135016741
/financial_services/financialServices_2018-05-09;16,8471073502209;16,887821050128;0,464608441984035
/confidential/automotive03/03;6,3949317621626;6,35111251473427;0,346800799238915
/confidential/automotive03/automotive03;2,33340227083303;2,36252903798595;0,122389873633993
/confidential/automotive03/automotive03b;13,5193717499264;13,563240471296;0,638097577623827
/confidential/automotive04/04;4,11115094014443;4,12039693305269;0,390517846082774
confidential/automotive05/05.dimacs	;1800;1800;0
/confidential/automotive06/automotive06;2,81650470850058;2,81077136215754;0,16957471287985
/confidential/automotive06/automotive06b;13,0024277417269;13,0745327856857;0,635170389919621
/confidential/automotive07/automotive07;7,73231107993051;7,68733376543969;0,229531489352465
/confidential/automotive07/automotive07b;1008,93004658368;929,275304392679;259,22511180449
