Model,Queryc2d-avg,Queryc2d-med,Queryc2d-stdev
/CDL/am31_sim,353.470355023444,353.180511097424,3.83907449156339
/CDL/ea2468,353.592405662285,352.934233023552,3.4355044911907
/CDL/p2106,206.761112148967,207.580818515038,2.86906801696713
/KConfig/axTLS,0.017772577209398,0.018050403334201,0.002519681621876
/KConfig/busybox-1.18.0,1.41358327215537,1.41120757209137,0.018060212099811
/KConfig/embtoolkit,2.84785188016482,2.84638296463527,0.028699184612418
/KConfig/uClibc,0.411722281398252,0.413585663074628,0.009380280982369
/KConfig/uClinux-base,0.449152560755611,0.44853344024159,0.009960127215129
/KConfig/uClinux-distribution,3.81048976379447,3.78542523225769,0.080497445026077
/Smarch/7z,0.008667503297329,0.008877670625225,0.001635305256633
/Smarch/BerkeleyDBC,0.004927653018385,0.005134166451171,0.000572996050148
/Smarch/Dune,0.005401976397261,0.005394453881309,0.000380568433729
/Smarch/HiPAcc,0.008847508151084,0.009219107916579,0.001732190683748
/Smarch/JHipster,0.009499729936943,0.009539178572595,0.001583454245099
/Smarch/JavaGC,0.00698483645916,0.00686372234486,0.000921238606853
/Smarch/LLVM,0.004245548676699,0.004334711702541,0.00035584353572
/Smarch/Polly,0.007086447775364,0.00692134257406,0.001088949334704
/Smarch/VP9,0.007284546559677,0.007132307859138,0.001095572676675
/Smarch/X264,0.004853052394465,0.004881158471108,0.000432654283811
/Smarch/adderII,239.864176023668,241.220226154896,5.31166135416199
/Smarch/at91sam7sek,289.582928839736,290.001994109247,5.12270247422074
/Smarch/axTLS,0.358993270779028,0.35980924218893,0.012302588357268
/Smarch/axtls_2_1_4,0.029268830288202,0.028944056946784,0.002544244651412
/Smarch/busybox-1.18.0,30.5719189530797,30.6109808641486,0.757667107547513
/Smarch/busybox_1_28_0,6.1997951453086,6.19207045598887,0.032552552316206
/Smarch/ecos-icse11,520.08133292025,520.079148823628,6.93681252146778
/Smarch/embtoolkit,53.2502663611062,53.2541472415906,0.493291589150723
/Smarch/fiasco,1.61241009196267,1.61532638035714,0.032379054851648
/Smarch/fiasco_17_10,0.16664977057837,0.165529952617362,0.008507414604549
/Smarch/integrator_arm9,214.895602390235,215.157815672923,1.60621714046316
/Smarch/lrzip,0.005233482597396,0.005294954404235,0.000597977933208
/Smarch/m5272c3,613.908876829976,615.579684330383,8.68177023276343
/Smarch/olpce2294,310.601191711891,309.143126358278,5.74142879143368
/Smarch/pati,427.086220519263,426.713730596005,2.86221582163277
/Smarch/phycore229x,548.792960270252,548.375423989725,3.53639696172556
/Smarch/ref4955,346.906563150268,345.220801900606,5.83644215240996
/Smarch/se77x9,580.244628875814,579.58141213865,3.66346625722311
/Smarch/toybox,0.120668900245801,0.114450028166175,0.010607765129916
/Smarch/toybox_0_7_5,0.107874532211572,0.10339316399768,0.008061675636205
/Smarch/uClibc-ng_1_0_29,0.226123731704429,0.224060276523232,0.007375668042554
/Smarch/uClinux-config,267.410538359238,268.030742227565,5.72115198028788
/Smarch/uClinux,1.36593229856342,1.37399210664444,0.041424165278872
/automotive01/automotive01,22.1224327632785,21.8558767144568,0.586409129972036
/automotive02/automotive2_4,52.3490799332596,51.9128713500686,1.91263014922917
/featureide_examples/berkeleydb,0.024273867653683,0.023171435575933,0.002960346785199
/financial_services/financialServices_2018-05-09,6.08647128254175,6.08533187001012,0.122031530863787
/confidential/automotive03/03,1.48296212145127,1.48403293662705,0.01918144526938
/confidential/automotive03/automotive03a,0.134132596543059,0.131935313809663,0.007192746632465
/confidential/automotive03/automotive03b,7.96935620795935,8.01175432489254,0.110394206379616
/confidential/automotive04/04,0.915419294619933,0.911410544533283,0.015857738300499
/confidential/automotive06/automotive06a,0.208114295620471,0.20604298543185,0.007749627647094
/confidential/automotive06/automotive06b,6.41155493455008,6.38392335991375,0.097319679635958
/confidential/automotive07/automotive07a,3.62005732287653,3.61291910079308,0.077449103411823
/confidential/automotive07/automotive07b,669.919990959037,667.091913271463,8.25057856305151
