;queryd4-avg;queryd4-med;queryd4-stdev
/CDL/am31_sim;329,338102884991;332,63351018005;16,1284885442958
/CDL/ea2468;1109,42802493365;1106,62775319908;23,0490980919683
/CDL/p2106;782,075624944242;778,169974419288;14,6459101825433
/KConfig/axTLS;0,03523034141399;0,035400340333582;0,004010683768247
/KConfig/busybox-1.18.0;1,39610047273338;1,39412650000304;0,031234899936574
/KConfig/embtoolkit;3,50715845498256;3,49730859906413;0,047117164812335
KConfig/linux-2.6.33.3.dimacs	;1800;1800;0
/KConfig/uClibc;0,266128440657631;0,265845064306631;0,008763237949239
/KConfig/uClinux-base;0,447215088726953;0,450728998985142;0,015076442382438
/KConfig/uClinux-distribution;2,92141767023131;2,91889076493681;0,047659502281656
Smarch/2.6.28.6-icse11.dimacs	,1800;1800;1800;0
Smarch/2.6.32-2var.dimacs	;1800;1800;0
Smarch/2.6.33.3-2var.dimacs	;1800;1800;0
/Smarch/7z;0,029158911406994;0,029590737540275;0,004307530679871
/Smarch/BerkeleyDBC;0,021230682097376;0,0210309936665;0,003126388450302
/Smarch/Dune;0,021764119304717;0,021151225781068;0,002211208334817
/Smarch/HiPAcc;0,028057548655197;0,02759787067771;0,002627724034972
/Smarch/JHipster;0,029487787587568;0,028990385122598;0,002236494997645
/Smarch/JavaGC;0,026780254244805;0,026445221155883;0,002215060880173
/Smarch/LLVM;0,019971947772429;0,019350037444383;0,002023735708446
/Smarch/Polly;0,027347739310935;0,027549765305594;0,002245117115803
/Smarch/VP9;0,027322936020792;0,027042881818489;0,002526487969448
/Smarch/X264;0,021314061777666;0,021163345547393;0,002341750156698
/Smarch/adderII;1800;1800;0
/Smarch/at91sam7sek;649,405050662849;651,11770300055;10,227728775084
/Smarch/axTLS;0,257670080764219;0,256195631809533;0,010903679141039
/Smarch/axtls_2_1_4;0,048968066060916;0,048329455778003;0,004060817776719
Smarch/buildroot.dimacs	;1800;1800;0
/Smarch/busybox-1.18.0;12,6717145089246;12,6614149287343;0,235686842112545
/Smarch/busybox_1_28_0;13,7700368913449;13,5102477082982;0,430874741733627
/Smarch/ecos-icse11;727,210788091542;731,458351437468;14,9995106407716
/Smarch/embtoolkit;1800;1800;0
/Smarch/fiasco;0,996042167479172;1,0030148930382;0,017720919716613
/Smarch/fiasco_17_10;0,153772654104978;0,155455630971119;0,006456047905649
/Smarch/freebsd-icse11;617,069161266908;618,024403329008;33,4224100583409
Smarch/freetz.dimacs	;1800;1800;0
/Smarch/integrator_arm9;1800;1800;0
/Smarch/lrzip;0,022752724690363;0,023581911111251;0,003124580261556
/Smarch/m5272c3;1364,41389163959;1358,025543103;15,4907872508218
/Smarch/olpce2294;1800;1800;0
/Smarch/pati;1383,85393779713;1378,44874247094;16,2388114346872
/Smarch/phycore229x;1800;1800;0
/Smarch/ref4955;1135,25821897971;1132,72713477001;18,4217078940211
/Smarch/se77x9;1800;1800;0
/Smarch/toybox;0,074899454936385;0,074469418032095;0,005792469587576
/Smarch/toybox_0_7_5;0,088570432914421;0,086396133061499;0,00684500669024
/Smarch/uClibc-ng_1_0_29;0,398981604091823;0,397713338257745;0,010300336711986
/Smarch/uClinux-config;37,7941589003988;37,7043890987988;0,485858309510071
/Smarch/uClinux;0,583225275194273;0,580962866311893;0,012489678023408
/automotive01/automotive01;54,9942099997122;54,9656417446677;1,00815980355638
/automotive02/automotive2_4;1800;1800;0
/featureide_examples/berkeleydb;0,045952577739954;0,046903720591217;0,004073025360657
/financial_services/financialServices_2018-05-09;4,09128185149282;4,10476026451215;0,036623955414476
/confidential/automotive03/03;0,940543779991567;0,93562427535653;0,013638440788806
/confidential/automotive03/automotive03;0,18881524217315;0,189725765958429;0,007138461855357
/confidential/automotive03/automotive03b;5,89724608140998;5,89213046501391;0,040210637760149
/confidential/automotive04/04;0,850773811731487;0,849102156236769;0,010263372979056
confidential/automotive05/05.dimacs	;3600;3600;0
/confidential/automotive06/automotive06;0,383564682845026;0,381044824607671;0,009974113510575
/confidential/automotive06/automotive06b;4,31287382092327;4,30855531012639;0,032928403696546
/confidential/automotive07/automotive07;2,94739644443616;2,94695354462601;0,032153588219678
/confidential/automotive07/automotive07b;594,256713411193;594,845552104525;6,02085022663791
