Model,queryd4-avg,queryd4-med,queryd4-stdev
/CDL/am31_sim,326.473579528406,329.796559214359,16.1353424698177
/CDL/ea2468,1101.23377595531,1098.5570622019,23.066726452292
/CDL/p2106,775.186053526299,771.268152351491,14.6596182462707
/KConfig/axTLS,0.01474198654294,0.014522098004818,0.002494766386593
/KConfig/busybox-1.18.0,1.36146574859507,1.36373066878878,0.031792230356502
/KConfig/embtoolkit,3.40641252784058,3.39637408358976,0.047889083067069
/KConfig/uClibc,0.227016490083188,0.224928271491081,0.007331843445481
/KConfig/uClinux-base,0.366001448817551,0.36434563738294,0.010066487564478
/KConfig/uClinux-distribution,2.88169597667642,2.8763298529666,0.048832516996483
/Smarch/7z,0.008787357853726,0.008665115805343,0.001483828049323
/Smarch/BerkeleyDBC,0.004964814763516,0.005117218475789,0.000660250706759
/Smarch/Dune,0.005388492401689,0.005426688585431,0.000478338767279
/Smarch/HiPAcc,0.009684726297855,0.009433653438464,0.00107455960133
/Smarch/JHipster,0.010668560117483,0.010725551983342,0.001333169628283
/Smarch/JavaGC,0.007181117152795,0.006982677150518,0.001216346840038
/Smarch/LLVM,0.004426940875128,0.004540133057162,0.000436813122663
/Smarch/Polly,0.007188198780641,0.007180466549471,0.001209654783924
/Smarch/VP9,0.007474530413747,0.007618729490787,0.001092060374322
/Smarch/X264,0.004789727674797,0.004831803962588,0.000436976799026
/Smarch/adderII,87.6059414021019,16.1865401803516,353.089814902808
/Smarch/at91sam7sek,644.020009286115,645.539112756029,10.2214533202383
/Smarch/axTLS,0.20481909673661,0.204865413019434,0.008067163078376
/Smarch/axtls_2_1_4,0.027930285157636,0.026743457885459,0.003125613419011
/Smarch/busybox-1.18.0,12.4519120539911,12.4449993139133,0.235430440710305
/Smarch/busybox_1_28_0,13.6850787577219,13.4297306826338,0.430861377791524
/Smarch/ecos-icse11,719.839395097578,724.138935650931,15.0181274378458
/Smarch/embtoolkit,1010.94453314059,976.521407906898,163.652055615824
/Smarch/fiasco,0.921306997947395,0.927497931756079,0.014206513606633
/Smarch/fiasco_17_10,0.11224152803421,0.112535916035995,0.002021012906239
/Smarch/freebsd-icse11,55.9945257806964,56.0120822815225,0.613256676411088
/Smarch/integrator_arm9,93.8490038709343,22.7439071303233,351.802904948568
/Smarch/lrzip,0.005891930675134,0.005915371933952,0.000606650637749
/Smarch/m5272c3,1356.01785233655,1349.47773157061,15.5669570490026
/Smarch/olpce2294,87.1338925290108,15.8874969496392,353.187086307891
/Smarch/pati,1371.14465286667,1365.6477755094,16.3013937329536
/Smarch/phycore229x,81.5010044768173,9.90713736484759,354.348524376293
/Smarch/ref4955,1125.40905931677,1122.85930107092,18.3979069617764
/Smarch/se77x9,89.1579731136561,17.9365607476794,352.769719449688
/Smarch/toybox,0.053647041516379,0.052213758695871,0.005006647525295
/Smarch/toybox_0_7_5,0.071406811410561,0.069185846718029,0.006509240895268
/Smarch/uClibc-ng_1_0_29,0.352285506436601,0.349982126848772,0.010096688754452
/Smarch/uClinux-config,37.431163623808,37.3495867212768,0.488644639534761
/Smarch/uClinux,0.555781379854307,0.553466872312129,0.011323591941138
/automotive01/automotive01,54.6005876186769,54.5692926791963,1.00668122121839
/automotive02/automotive2_4,544.823168155551,492.793514363701,258.949402081674
/featureide_examples/berkeleydb,0.024772921046242,0.025119021302089,0.002731834384637
/financial_services/financialServices_2018-05-09,3.79705253059044,3.81269487855025,0.035434926392856
/confidential/automotive03/03,0.850533953448757,0.848437167471275,0.009802044297124
/confidential/automotive03/automotive03a,0.156408113026991,0.157038220437244,0.005793614720754
/confidential/automotive03/automotive03b,5.79993581864983,5.78126539592631,0.040270538677923
/confidential/automotive04/04,0.730943235540763,0.729998186696321,0.007741306907097
/confidential/automotive06/automotive06a,0.344764942545444,0.342379562091082,0.009647168018799
/confidential/automotive06/automotive06b,4.24151367804967,4.23804819118232,0.033024449766647
/confidential/automotive07/automotive07a,2.75607466138899,2.75831742701121,0.02900543544604
/confidential/automotive07/automotive07b,588.428352498775,589.019360787002,6.0224170111745
