/CDL/am31_sim,291.742178566288,288.663373852149,288.515027583111,287.89133013878,313.361475245096,339.449027101975,340.60411857022,340.236931449734,338.308357900009,338.383257557638,343.258830875158,343.743783697952,344.047260127962,343.390951696318,344.780172338709,332.978403873742,334.26360665774,332.980256942101,332.861427774653,323.05252152076,321.74241621187,326.924709614832,326.847413409967,322.112433855887,322.844037733041,299.97212810209,302.156216064934,301.178578976076,300.294530483894,318.377409843728,327.47266572481,329.698437988758,329.89468043996,328.648871199694,328.098252844997,324.448664766271,322.543404508848,321.897824674845,322.193165956065,321.671689537354,331.002612282056,333.040856348816,333.299694119953,333.123458211776,341.001278770156,343.777177504729,341.846392549109,337.637811063789,344.329085490666,343.090784671251
/CDL/ea2468,1084.39236393804,1082.91957512405,1083.05657385523,1111.82340019988,1089.30613106815,1109.20875052409,1101.73869809788,1116.32896773797,1091.48952499172,1110.67499672715,1088.5024348041,1088.14141158992,1094.26671339106,1083.43516777828,1085.97031573066,1087.50646859221,1087.15476807393,1102.36936929077,1087.57533577923,1091.22826622101,1057.82915661391,1063.01271605911,1057.62730273418,1051.82394024497,1059.57405762002,1149.32999374997,1151.22759108664,1116.65384847531,1112.07803945895,1128.59753953014,1108.16380723519,1109.29602954024,1114.49806891987,1127.61923769675,1097.63190939976,1130.5951716518,1121.95101669431,1129.27521850588,1128.30146491108,1129.12620288692,1132.48984358413,1103.97281230427,1125.66384612303,1125.16695703985,1099.48221500404,1094.69524777681,1080.30392108392,1094.60968152015,1090.149370851,1093.85335594788
/CDL/p2106,768.403374691028,768.457815130707,769.116789082997,789.115100431722,770.28044589702,767.01512141712,775.502243472263,777.404655664228,785.998270021752,798.487207955215,790.523727871012,752.529852632899,758.867866486777,769.385479116347,751.933371636085,770.961414149962,762.147569572087,756.300636272412,749.27245318424,773.474398633931,748.419794167858,769.714934421703,770.668990019709,759.797676942777,768.418416403234,789.848871278111,790.381017183885,771.406314194202,793.133512164932,792.293219285552,793.107185665984,793.79630331276,790.65978364693,798.751309960149,765.297079042066,787.543348222971,824.281289872248,774.293599781115,771.12999050878,767.029311185237,773.760107981041,774.785775993019,775.146999120712,772.822920619976,785.918749435805,766.965306233615,770.664212060161,768.182292471174,768.308096322231,777.598475497216
/KConfig/axTLS,0.013779218774289,0.013527936767787,0.01356629608199,0.012767948675901,0.016316852997989,0.013978927861899,0.01433666003868,0.016369642224163,0.010521097108722,0.015520446933806,0.012811675667763,0.01216582627967,0.017740075010806,0.016565196681768,0.01085951179266,0.017204113770276,0.016376059036702,0.016782840713859,0.013511068187654,0.01043381402269,0.015745762735605,0.015023275278509,0.011610051617026,0.01100326795131,0.010006177704781,0.018508011940867,0.01837870804593,0.017696300055832,0.011858927085996,0.014038017950952,0.012943054083735,0.01844959333539,0.016705938149244,0.014223225880414,0.012957438826561,0.018703263718635,0.014533706009388,0.014510490000248,0.012737000826746,0.018468525260687,0.016938730143011,0.014659087639302,0.014842628967017,0.012614933773875,0.018475000280887,0.017049314919859,0.017691728193313,0.016430173069239,0.011459126137197,0.013702658936381
/KConfig/busybox-1.18.0,1.33292162092403,1.42691877298057,1.39472533715889,1.37136570364237,1.36607719166204,1.37167864991352,1.36138414591551,1.36680290941149,1.3678954676725,1.36795840691775,1.36667431192473,1.36745211994275,1.40282599302009,1.4052596129477,1.37733716377988,1.381990686059,1.45981889776886,1.3806764180772,1.37882759282365,1.37986482493579,1.38460721587762,1.37705676397309,1.38513809582219,1.38097924785689,1.37679659668356,1.41343160299584,1.43417811393738,1.34057714184746,1.33679219195619,1.33862985903397,1.33692265488207,1.33784451102838,1.34412071714178,1.33486269181594,1.33699747081846,1.33858406404033,1.33339411532506,1.34826043713838,1.32364745019004,1.32983993692324,1.33184521924704,1.32616415992379,1.32994357682765,1.35344219719991,1.33037720201537,1.3298135958612,1.32852425519377,1.3244079737924,1.33068236429244,1.32697017863393
/KConfig/embtoolkit,3.47562755085528,3.46497824601829,3.57829125598073,3.4374822373502,3.44440830685198,3.44012150308117,3.44071420608088,3.43813710799441,3.43976376298815,3.43913921294734,3.44270208664238,3.43975620297715,3.43681439105421,3.43564949603751,3.43929956294596,3.43846772424877,3.44202517112717,3.44098259694874,3.41063472814858,3.40265528019518,3.46025205403566,3.43448900990188,3.48805072670802,3.44289490999654,3.42971090879291,3.38104894896969,3.35631529102102,3.35483174398541,3.37423689803109,3.36019741231576,3.39009288698435,3.35983741888776,3.35438188817352,3.35592921823263,3.36278185993433,3.35596075607464,3.35997354984283,3.38674112316221,3.38700285321102,3.35820168210194,3.35956096509472,3.35021750209853,3.38084264425561,3.38904279610142,3.36286746710539,3.35478611197323,3.36693664593622,3.36028409283608,3.35853914776817,3.35696724802256
/KConfig/uClibc,0.219969075638801,0.218763531651348,0.222272979561239,0.220415255986154,0.243118345737457,0.223143903072923,0.221067047677934,0.225401962641627,0.232830117922276,0.220307684969157,0.220855011139065,0.223731166217476,0.225769534241408,0.225191380828619,0.224855368956923,0.22023417102173,0.219501411076635,0.243416358716786,0.221506946720183,0.225884083192796,0.227535332087427,0.225000031292438,0.236114041879773,0.230571256019175,0.236020596232265,0.22530185803771,0.220687551889569,0.223810879979283,0.249179222155362,0.227993998210877,0.229665148071945,0.226450685877353,0.223634436260909,0.222821319941431,0.224429524037987,0.223002967890352,0.228861148934811,0.228178826160729,0.224727012682706,0.246200205758214,0.227051446214318,0.224322367925197,0.245140893850476,0.227210832759738,0.230023746844381,0.220272500067949,0.227765881922096,0.221371969673783,0.224386972840875,0.224856511689723
/KConfig/uClinux-base,0.408032059203833,0.373391170985997,0.360231074038893,0.359366166871041,0.358624048996717,0.360334130004048,0.357237453106791,0.35804624017328,0.358496889006346,0.359431501012295,0.36096950666979,0.359291796106845,0.359135204926133,0.360652588773519,0.360395999159664,0.359229369089007,0.383855686057359,0.361074880231172,0.360609595198184,0.36059985589236,0.360247015953064,0.360101562924683,0.359590627718717,0.364560118876398,0.362255203071982,0.365903631784022,0.364503893069923,0.364532800856978,0.389852256979793,0.368257300928235,0.365028354804963,0.365888758096844,0.366675043012947,0.365379554219544,0.364796082023531,0.364745601080358,0.394502352923155,0.369579609017819,0.363876522984356,0.364850136917084,0.364187381695956,0.366258735768497,0.364832331892103,0.363835958763957,0.366561019793153,0.36711890809238,0.367168844211847,0.365610566921532,0.389249423984438,0.361117627006024
/KConfig/uClinux-distribution,2.8525821948424,2.85683531407267,2.84857386304066,2.87421032506973,2.87879274971783,2.91151501378044,2.90186908468604,2.92761271912605,2.90613803919405,2.90380122791976,2.90874511422589,2.90728785376996,2.90901389112696,2.90974485781044,2.90173864690587,2.87533383117989,2.91310721915215,2.90843350812793,2.87549515301362,3.10361969610676,2.98112799506634,2.90626180497929,2.90379329677671,2.89249067287892,2.88578888587654,2.82629799377173,2.87716455291957,2.83549428917468,2.85952416202053,2.86715170787647,2.84388831490651,2.82976375985891,2.84198593301699,2.83801151718944,2.83463185094297,2.84255502605811,2.8391820192337,2.88349784910679,2.83844018215314,2.83634865889326,2.84157741907984,2.83938076579943,2.83510457770899,2.83322084322572,2.83996715163812,2.83669017488137,2.92082174308598,2.93230266822502,2.93498949985951,2.93289321474731
/Smarch/7z,0.006726818624884,0.013150850776583,0.008059245999902,0.007569257169962,0.006637793965638,0.007092240266502,0.011365239974111,0.007921712938696,0.010299006011337,0.008384726941586,0.007574533578008,0.009814181830734,0.008801796007901,0.010243345983327,0.008570801932365,0.008677745703608,0.009581598918885,0.009439710061997,0.008217198774219,0.006774824112654,0.00686789304018,0.007555399090052,0.007098230998963,0.00705775199458,0.007993679959327,0.013243305962533,0.009746292140335,0.008206680882722,0.008652485907078,0.010672443080694,0.009430885780603,0.009639265015721,0.008288718294352,0.01018289802596,0.009250951930881,0.007492805831134,0.007979773916304,0.009994783904403,0.008078997023404,0.010269278194755,0.008595080114901,0.009154598694295,0.007390655111521,0.009373721200973,0.008976812008768,0.010137859266251,0.006698545999825,0.00894615566358,0.008742566220462,0.008746747858822
/Smarch/BerkeleyDBC,0.005530152004212,0.004373646806926,0.005411288235337,0.004510407801718,0.004949012771249,0.005445690825582,0.005303169135004,0.004663413390517,0.00546520575881,0.005109080113471,0.005529231857508,0.004913414362818,0.005181472282857,0.005066263023764,0.005226191133261,0.005481327883899,0.00510194292292,0.004977277945727,0.005364559125155,0.005420752801001,0.005519053898752,0.00518522085622,0.005488756112754,0.0053525948897,0.005277799908072,0.004907247144729,0.003587861079723,0.00517023075372,0.004136621020734,0.004834142979234,0.004276868887246,0.004748763050884,0.004859163891524,0.005224746186286,0.005360444076359,0.005653380881995,0.004818487912416,0.005125356838107,0.004977609962225,0.005354017019272,0.005935491062701,0.005927852820605,0.006540520116687,0.003698316868395,0.003369648009539,0.003654236905277,0.004055899102241,0.004100471269339,0.0041309222579,0.003945512231439
/Smarch/Dune,0.005620536860079,0.005921465810388,0.006045463029295,0.005707299336791,0.0043970560655,0.00555189140141,0.005090959835798,0.005678880028427,0.005158534739167,0.006065253168345,0.005703328177333,0.005612242035568,0.004615367390215,0.005057597067207,0.005456518381834,0.005457320716232,0.005290532950312,0.005476630758494,0.006303408183157,0.005224419757724,0.005331885069609,0.005445179063827,0.005753566045314,0.005418219137937,0.004573218990117,0.004192547872663,0.005108691286296,0.005347021855414,0.004981337115169,0.004786943085492,0.005306745879352,0.005435158032924,0.005533675197512,0.005104079842567,0.005112948361784,0.005459068808705,0.005399443209171,0.005174214951694,0.005931496154517,0.005100536160171,0.004952886607498,0.005492251832038,0.005463557317853,0.005383396055549,0.005759858991951,0.006335749756545,0.006311172619462,0.006196113303304,0.004833795595914,0.004765156190842
/Smarch/HiPAcc,0.008970111608505,0.010901284404099,0.01076131965965,0.009055633097887,0.009634309913963,0.007811849936843,0.007822321262211,0.010258828755468,0.010493417736143,0.007965466938913,0.010765863116831,0.009395277127624,0.009021806064993,0.010518967173994,0.009472029749304,0.008891443256289,0.008887744043022,0.010287606157363,0.010834577027708,0.009540230035782,0.010134779848158,0.010732750874013,0.008169279899448,0.008976666722447,0.009052774868906,0.009350182022899,0.010756192263216,0.009330311790109,0.01106401020661,0.009201903827488,0.009643774013966,0.012339279055595,0.009353121276945,0.011135601904243,0.009114429820329,0.007878565229476,0.010623109061271,0.00907757692039,0.009360721800476,0.011930965818465,0.010107527952641,0.009955266024917,0.009368117898703,0.007996322121471,0.007954113185406,0.010781469754875,0.009143282659352,0.009280018974096,0.010682578198612,0.010451533831656
/Smarch/JHipster,0.010540689807385,0.009773387107998,0.010099577251822,0.008743666112423,0.013104574289173,0.009098588954657,0.010824053082615,0.010206578299403,0.008272158913314,0.010053084231913,0.009904074016958,0.009104957338423,0.01123904902488,0.00979639403522,0.011044599115849,0.011472483165562,0.010493187233806,0.010241239331663,0.011412607040256,0.011526233050972,0.010806320700795,0.010423709172756,0.011176058556885,0.011317505966872,0.009974291082472,0.008196636103094,0.010559336282313,0.009784962050617,0.008480863180012,0.011427612043917,0.009782581124455,0.011102553922683,0.011716179084033,0.011056184768677,0.010881131980568,0.011751205660403,0.014032378792763,0.012821875046939,0.012223878875375,0.011756187770516,0.010644783265889,0.007781017106026,0.008968014270067,0.012130216229707,0.010086894966662,0.011188220698387,0.011959174182266,0.0093779778108,0.012929399963468,0.012139673810452
/Smarch/JavaGC,0.007568677887321,0.007507483009249,0.006044202018529,0.005972506012768,0.006954158190638,0.007156464736909,0.008048261981457,0.009243889246136,0.008767968975008,0.007619180250913,0.005330270156264,0.007704306859523,0.006306008901447,0.005735528189689,0.007289050146937,0.006755296140909,0.005435794126242,0.007744891103357,0.006121975835413,0.005503444932401,0.007011196110398,0.006899232976139,0.006612142082304,0.006462432909757,0.00694637093693,0.009982222225517,0.006343031302094,0.005058120936155,0.008969125337899,0.007748769130558,0.008327928837389,0.0093850097619,0.006666208151728,0.006750261876732,0.008435274008662,0.007066080812365,0.006742903031409,0.006816314999014,0.006063035223633,0.008516137022525,0.007499895989895,0.006311311852187,0.005356113426387,0.009379195049405,0.007284184917808,0.007588474079967,0.006371295079589,0.005778356920928,0.008423388004303,0.009452485945076
/Smarch/LLVM,0.003225340973586,0.003011114895344,0.003975750878453,0.00459365407005,0.003873998764902,0.004262750037014,0.004358006175607,0.004593169316649,0.004425682593137,0.004542064387351,0.004426090978086,0.00465437117964,0.003500711172819,0.0041956580244,0.004623166285455,0.004006816074252,0.004510353319347,0.004587484057993,0.004538201726973,0.0045529268682,0.004612625576556,0.004621620755643,0.004447261802852,0.004756266251206,0.004687464330345,0.005320454016328,0.00521903205663,0.004183205310255,0.004253643099219,0.004691665992141,0.004823566880077,0.004777520895004,0.005011952016503,0.004816653672606,0.00427612895146,0.004661028273404,0.00362974498421,0.004638157784939,0.004295405000448,0.004660068079829,0.004341850057244,0.004341376945376,0.003826783969998,0.004577323794365,0.004411115776747,0.004676271229982,0.004691638983786,0.004712447058409,0.004471415188164,0.004456043243408
/Smarch/Polly,0.008249527774751,0.00638195220381,0.005201139952987,0.008963884785771,0.006387717090547,0.005567823071033,0.00786946201697,0.007400617003441,0.005001774057746,0.007169919088483,0.006787644233555,0.007911854889244,0.008771216031164,0.008963636122644,0.007795315235853,0.008901305031031,0.0072415121831,0.008978886995465,0.006897747050971,0.008374822791666,0.007192675955594,0.00546527793631,0.007191014010459,0.006128481123596,0.005514313932508,0.008859752677381,0.008921883068979,0.005650868173689,0.005660135764629,0.007098041009158,0.006304794922471,0.008600474800915,0.008259737864137,0.007564423140138,0.005239749327302,0.006687456276268,0.006068193353713,0.006210414227098,0.008232709951699,0.007402931340039,0.008413009345531,0.008894000202417,0.008539573289454,0.007080064155161,0.006361493375152,0.005486604757607,0.007687374018133,0.006615839432925,0.006759900134057,0.006500993855298
/Smarch/VP9,0.008799453265965,0.007952573243529,0.006561134941876,0.005506249144673,0.008647405076772,0.007324350066483,0.007880661636591,0.006305143237114,0.006998444907367,0.00666033802554,0.005591419059783,0.007728435099125,0.007108331657946,0.008533575106412,0.008212944027036,0.00868330989033,0.00756158400327,0.008126759435982,0.009000604972243,0.008898284751922,0.007929767947644,0.007290772162378,0.00600685691461,0.00738929817453,0.006232345942408,0.008176439907402,0.008615680038929,0.005234585609287,0.006713788025081,0.006730678956956,0.007318585179746,0.008263939991593,0.009030380286276,0.006040963809937,0.006652722600847,0.007124487776309,0.007675874978304,0.007676273118705,0.007872301153839,0.007777417078614,0.008406105451286,0.008924403693527,0.010296274907887,0.007950531784445,0.006004647817463,0.007507708854973,0.006887436844409,0.00572354439646,0.007838536985219,0.006353168748319
/Smarch/X264,0.003248887136579,0.003460169769824,0.004007824230939,0.004826662130654,0.004266262985766,0.004515242762864,0.005079837050289,0.00477164471522,0.004861840046942,0.004615793004632,0.005002900958061,0.005016412120312,0.0044204457663,0.004613047000021,0.004836802836508,0.005036812741309,0.004590013995767,0.004694707691669,0.004592081997544,0.004809168167412,0.004927386995405,0.004985304083675,0.005012101028115,0.00511036394164,0.004521385766566,0.0047213062644,0.004109474830329,0.005172251723707,0.004974429961294,0.005381830967963,0.004497668705881,0.004840633366257,0.005141062196344,0.005702627357095,0.005343534052372,0.004701867233962,0.00483406195417,0.005101385060698,0.004829545971006,0.005079816095531,0.005194359924644,0.005084390752018,0.004665473010391,0.004536651074886,0.004554016049951,0.004828434903175,0.005221864208579,0.005187294445932,0.004769207909703,0.005190096795559
/Smarch/adderII,1800,16.0776210608892,16.0926327612251,15.9852042621933,16.1040693637915,16.0835418431088,16.0549595700577,16.0674119689502,16.1030044490471,15.964965720661,15.9800773388706,16.01005954016,15.9991141790524,15.968841989059,15.9976619128138,15.9428678178228,16.1009031413123,15.986323302146,15.976744747255,16.0114145800471,15.9851292758249,16.012257528957,15.9668070343323,16.0562968626618,16.4760867441073,1800,16.1973590403795,16.1733942180872,16.2155897221528,16.1757213203236,16.2646847539581,16.3093090779148,16.3423544848338,16.3157015433535,16.2827226859517,16.3499996489845,16.501773010008,16.256612717174,16.3241082578897,16.2881511379965,16.8229115060531,16.8359281700104,16.7700364612974,16.7101736771874,16.7483017421328,16.8199673960917,16.7837645057589,16.679324739147,16.7103076041676,16.414875689894
/Smarch/at91sam7sek,647.026076037902,643.406832134351,648.887837173883,647.684594446793,636.819621114992,650.087355786935,646.722777863033,647.080609670375,641.400745552033,634.591126577929,635.891446562018,627.330185560044,628.328152555972,633.873154066969,649.524993515108,645.096047265921,638.280765187927,628.273436965887,625.180155318696,624.511440219358,626.133672165219,629.383467456326,625.941472838167,629.791095495224,646.8497445127,642.689096738119,643.749887926038,651.472678905819,645.58586014295,643.733752754051,641.891729740892,644.45529290475,650.797266141046,649.017496834043,660.548176186159,652.162858206779,655.38985277107,637.944975652266,642.001958793029,645.492365369108,655.804241665173,656.291987336241,658.705577062443,658.335094995797,655.08095488511,655.90863448428,657.487453551032,648.674648258835,655.18101749802,654.50079945894
/Smarch/axTLS,0.224953704979271,0.206860240083188,0.206080006901175,0.20816865703091,0.22469665389508,0.207113459240645,0.20618075504899,0.231058432720602,0.204234296921641,0.21242014830932,0.206449625082314,0.208106980193406,0.207890546880662,0.206913467030972,0.212281317915767,0.208842890802771,0.207635167054832,0.204035853035748,0.208137881010771,0.207018659915775,0.206886504311114,0.205649899784476,0.205496529117227,0.207170768175274,0.207379589322954,0.219628932420164,0.198405398987234,0.19717144081369,0.198631770908833,0.199618043843657,0.197430526837707,0.197409198153764,0.197568749077618,0.198571227025241,0.19760795077309,0.19844711991027,0.19802584592253,0.197201884817332,0.197608089074492,0.198071118909866,0.198130758944899,0.198065591044724,0.197383393999189,0.198125076945871,0.199742536991835,0.1977190640755,0.197909245733172,0.198666268959641,0.220196296926588,0.201957270968705
/Smarch/axtls_2_1_4,0.025750275235623,0.026115864049643,0.027818907983601,0.024733602069318,0.025332062039524,0.026209867093712,0.025539241265506,0.026036757975817,0.026131256949157,0.026140416041017,0.029847704805434,0.028155189938843,0.027000322937965,0.026324864011258,0.028094251640141,0.024983068928123,0.02518180385232,0.032008077949286,0.034632011316717,0.034303311258555,0.030234629753977,0.030679332092404,0.02993118064478,0.034385510254651,0.030368146952242,0.02572975307703,0.03274800721556,0.030436773784459,0.026543740648776,0.026097846683115,0.03039891878143,0.030417626257986,0.03385306103155,0.030377037357539,0.026929690968245,0.023846001829952,0.024006025865674,0.025422099977732,0.023848092183471,0.026365573052317,0.026070328895003,0.033215430099517,0.028009450063109,0.030763822142035,0.029765606857836,0.026964376214892,0.026557224802673,0.022748576011509,0.024225469212979,0.025236067827791
/Smarch/busybox-1.18.0,12.4017836949788,12.402796657756,12.4081007959321,12.443193318788,12.4714423129335,12.4656602409668,12.344033756759,12.32535955403,12.3152436851524,12.2179996231571,12.250043713022,12.4080128790811,12.4266740619205,12.5423075370491,12.3962903497741,12.4479613481089,12.4388994602487,12.3656451129355,12.4307616809383,12.639411861077,12.0509497458115,12.314816002734,12.2360574039631,12.0313994837925,11.8357944325544,12.3331774570979,12.4885650728829,12.5621554418467,12.5262353052385,12.4990470670164,12.5466526909731,12.5257052951492,12.5366065506823,12.539970678743,12.5453681601211,13.5352246081457,12.5585210490972,12.5550015950575,12.5581232607365,12.5371240470558,12.5299092899077,12.4468053090386,12.4128812430426,13.1054584351368,12.4852451672778,12.4127008030191,12.4176274817437,12.4504551319405,12.4219897049479,12.4544131401926
/Smarch/busybox_1_28_0,13.3515933891758,13.3086713622324,13.279766485095,13.3434736239724,13.2789690168574,13.3139088987373,13.2981842630543,13.326131539885,13.2995985369198,13.2733432487585,13.3109086593613,13.275653724093,13.3192698704079,13.2696759370156,13.2997724921443,13.297922979109,13.3224461087957,13.2829119162634,13.2770448261872,13.3132665171288,13.288399791345,13.3059677081183,13.2883263402618,13.3062923089601,13.2924211109057,14.1174776130356,14.1093480582349,14.2020799401216,14.0922686299309,14.0737170483917,14.0952168283984,14.208098529838,14.1227808659896,14.1481051919982,14.0468188077211,14.1665813960135,14.1233789399266,14.347649815958,14.3482934897766,14.2315108911134,14.3795699700713,14.2271130778827,14.2047310690396,14.331494058948,14.222234684974,13.8096495796926,13.5089288908057,13.5496263983659,13.5554754789919,13.5078679760918
/Smarch/ecos-icse11,700.449104395229,702.366458443925,718.063723684754,709.107565520331,706.39031319879,724.273267376702,733.126164033078,725.033237690106,722.20644980995,734.414652200881,699.909401041921,698.669955183286,696.373612596188,701.272808693349,700.132315746974,718.075091383886,709.809996689204,701.03026235709,699.065891406965,699.203796816058,698.734499342274,699.381614577025,704.199073234107,700.799625475425,701.813036296982,716.588868368883,724.004603925161,732.558898599818,729.644692173228,731.109031802975,718.455617311876,722.740962465294,741.214333504904,738.351262753829,739.856343904976,736.767752856016,733.92524000816,739.056508979294,725.852588803042,726.96147234831,735.824901359156,732.083122258075,733.230521872174,736.206379657146,729.440165725071,734.915482273325,736.1842225031,733.548878383823,730.422725604847,729.123260241933
/Smarch/embtoolkit,1800,958.094694147352,958.378435498103,960.584121610038,954.415948302019,953.21407000022,955.349975769874,959.20488163596,964.398115744814,964.264906168915,962.935669036117,964.189671107102,967.30877703568,964.305459228344,963.671888676938,965.816153074615,953.916749879252,958.225016660988,956.385825052857,958.155663262121,953.665413890965,987.251655326225,989.445404167753,987.465811357833,988.93161802087,1800,994.195691699162,997.544192700181,1003.09058383387,993.888425005134,997.975552835967,997.505443250761,999.422570241149,1001.80763327936,998.537503001746,1001.45177289611,1002.79235136509,997.674699116964,1001.56395148207,997.777188411914,996.381727802102,1000.10276787821,995.694454003125,972.833147395868,965.961147171911,969.166323324665,988.122923343908,975.118778321892,977.924037491903,971.117866521701
/Smarch/fiasco,0.948813771829009,0.928101075813174,0.931354379281402,0.930906615685672,0.929011655040085,0.92774011567235,0.93261595396325,0.950111296959221,0.933786429930478,0.928377710748464,0.928191123064607,0.931336922105402,0.938188310246915,0.924974914174527,0.944386289920658,0.928405230864882,0.933760137762874,0.929591533727944,0.931153169833124,0.902751571964472,0.895642002113164,0.897965420968831,0.893979514017701,0.901154922321439,0.930479217786342,0.93312625400722,0.913927549961954,0.930806836113334,0.913296246901154,0.908800213132054,0.909316076897085,0.908642904832959,0.911151815205812,0.905450895894319,0.907383817713708,0.905886667780578,0.927255747839808,0.906044458970428,0.933317950926721,0.93316501006484,0.930940753780305,0.915978215634823,0.908215766772628,0.909824629779905,0.910152750089765,0.908007654361427,0.937208146322519,0.927034457214177,0.912182290572673,0.90545350080356
/Smarch/fiasco_17_10,0.114701327402145,0.11389338504523,0.114102338440716,0.114362354855984,0.114228796679527,0.113189449068159,0.113948629703373,0.112646908033639,0.112515660002828,0.11377972504124,0.113854283932596,0.113774227909744,0.112556172069162,0.111965829040855,0.114112318027765,0.114027379080653,0.113912988919765,0.113131414167583,0.11227266676724,0.114876318722963,0.113845693878829,0.114011570811272,0.113361089956015,0.113958369940519,0.114018267951906,0.111011925153434,0.115935903973877,0.116686138790101,0.114673455711454,0.111380962189287,0.110278344713151,0.109879842959344,0.110034713987261,0.109992149751633,0.110207444988191,0.110045434907079,0.109850178938359,0.110817945096642,0.109843065030873,0.110059313941747,0.110301754903048,0.110049671027809,0.109619768802077,0.11017090221867,0.109878439921886,0.109751684125513,0.110406895168126,0.110412544105202,0.109929760918021,0.109810994938016
/Smarch/freebsd-icse11,56.6687072021887,56.0315378773958,55.3844464537688,56.2259084992111,56.1364677427337,55.8567183143459,55.9111030939966,56.1962573262863,56.6604285161011,56.6502842344344,55.7081266469322,55.5042810682207,56.5082813771442,56.5451840921305,56.4588985857554,56.325727479998,56.7825658880174,56.4329182812944,55.9926266856492,55.365346016828,56.179992289748,55.8395964372903,56.4181592878886,55.8089599581435,54.7765789953992,54.0673513738439,56.6330412691459,56.9776005139574,55.2546663968824,55.9802306951024,55.2450340706855,56.1756747420877,55.5763600151986,55.5752771436237,55.2165966629982,55.4349769563414,54.9486746336333,55.5425364109688,57.007073013112,56.3626789236441,55.8188721300103,55.5424780352041,56.5772296059877,55.7283558538184,55.5275693978183,56.3368303622119,56.5554561750032,55.8304621353746,56.5334673090838,56.9086928581819
/Smarch/integrator_arm9,1800,22.4679153510369,24.8679408319294,22.5785221820697,24.7031707540154,22.7580596366897,22.5844511371106,22.9919209950604,22.7668243749067,22.708130735904,21.811755519826,21.7857369761914,21.8473407407291,22.0227705701254,22.3635158436373,21.9197005340829,22.5302657680586,23.4990038387477,22.7667346936651,22.5857197479345,22.6009808382951,22.5146260051988,22.5551966801286,22.4523913501762,24.6992219267413,1800,22.6515858205967,22.8047119518742,22.7578476527706,22.7436352130026,22.7669215849601,22.654792950023,22.7405424043536,22.7636707406491,22.8002081019804,22.7441790476441,22.6979106832296,22.7722801892087,22.8123353119008,22.7693687202409,22.8007204532623,22.6961388411,22.8813368291594,22.7893520370126,22.6411850498989,22.7413419783115,22.7830083346926,22.7876046686433,22.7742227208801,22.6933952290565
/Smarch/lrzip,0.007337511982769,0.006295972969383,0.006178392097354,0.006101144943386,0.005512872245163,0.00598582578823,0.006012892350554,0.005325717385858,0.004917458631098,0.006024135742337,0.005809786729515,0.005991241894662,0.005124036688358,0.005979616660625,0.005446381866932,0.005497103091329,0.006294319406152,0.005446083378047,0.005619161762297,0.006391588132828,0.005305904895067,0.005454226862639,0.005701608024538,0.005695820320398,0.005930418148637,0.007874533999711,0.005726165138185,0.006382885854691,0.006496336311102,0.00636471202597,0.006733624730259,0.006412893999368,0.005956291686744,0.004610681906343,0.006435145158321,0.005807552020997,0.005669438280165,0.005030140746385,0.006140171084553,0.005914546083659,0.006308873184025,0.006474284920841,0.005761337932199,0.004898984916508,0.004799520131201,0.005543358623981,0.005916197784245,0.005543692968786,0.005881851073354,0.006534091196954
/Smarch/m5272c3,1332.94203157583,1376.06287355581,1346.54088429175,1350.9959163419,1340.88104000501,1364.01937452843,1381.77430367703,1380.58411712619,1376.38148090802,1377.90893122135,1373.38414602401,1372.20701949811,1381.25451737596,1368.30591411004,1368.82830075035,1370.97506133188,1373.33471847419,1374.21791959461,1373.05183539726,1371.16025523981,1364.42702826578,1373.9083436681,1375.42857416905,1356.06141836708,1373.22845886135,1338.32946115499,1331.82202434074,1336.77491533197,1339.89175853599,1337.6517365491,1343.67114436813,1349.85543767922,1343.13251375128,1342.17672621179,1344.38416393241,1346.2168750721,1349.10002546199,1338.82631087629,1342.18863746524,1345.3781493702,1344.67343950784,1344.04262947105,1348.01274984796,1348.0224707732,1345.61276820116,1341.11285360809,1341.31369746709,1358.08960720617,1343.31914373254,1359.42891255207
/Smarch/olpce2294,1800,15.9177517099306,15.9504634379409,15.9070363519713,15.9150880491361,15.9517193320207,15.980820348952,16.0263980790041,15.9033845653757,15.9606149201281,15.9498091069981,15.9770761127584,16.0007289950736,15.9817468980327,15.9214232908562,16.0072224093601,15.9473557383753,15.9404460033402,15.923079690896,15.9800995299593,15.932763450779,15.8794782040641,15.9217350361869,15.8955156952143,15.9392586359754,1800,15.6561363679357,15.6444701352157,15.5662485798821,15.5750417257659,15.5526438350789,15.5538263092749,15.5767417508177,15.5506818857975,15.5512217287906,15.5763138150796,15.5596692929976,15.5309845870361,15.5570044051856,15.5742070879787,15.6075745522976,15.6435177382082,15.5940264640376,15.5148047627881,15.5713035580702,15.6343743228354,15.5871074376628,15.6096796663478,15.6022857241333,15.593745124992
/Smarch/pati,1394.81492050504,1393.99911702424,1390.65248892503,1395.20475235302,1386.95206057606,1404.24489392992,1388.87017075066,1391.44020448904,1401.00606049132,1393.71670301771,1378.34238258284,1371.1476419759,1358.9513461981,1376.12876100978,1380.90889964113,1364.96904430119,1358.72178236442,1382.72548024077,1383.90741584916,1357.52139828913,1375.30133062415,1371.23347534798,1396.64247233095,1390.40756682865,1394.28213120392,1365.80371083785,1364.93089612108,1361.2060726718,1359.52056971705,1355.31889737304,1362.53166844789,1359.54050708422,1369.03884731093,1356.39930402208,1362.57102378923,1362.6671366822,1368.85134776076,1357.50259017525,1358.93426830415,1365.49184018094,1377.56432726327,1347.35539139016,1354.76934515405,1352.7867877949,1350.60243852204,1353.26335155498,1355.06814822229,1354.62767948583,1351.04597066203,1347.74802195514
/Smarch/phycore229x,1800,9.82060994626954,9.85506396600977,9.82027720101178,9.82577932579443,9.90439348993823,9.8228331040591,9.87151513807476,9.87249164888635,9.79247903078795,9.87853579688817,9.91018689004704,9.84451819490641,9.86460774112493,9.82854882767424,9.82370225014165,9.84495319286361,9.86480202106759,9.90283309295774,9.82762621482834,9.86461587576196,9.92578347818926,9.84538440732285,9.82353948894888,9.84823285834864,1800,9.97068055486307,9.89412622200325,9.90740993665531,9.97533736517653,9.96060345135629,9.9344570050016,9.94073270726949,9.93292419519275,9.91839910764247,9.90686479303986,9.89552266895771,9.93431507004425,9.94262907607481,9.94621328916401,9.95244067488238,9.96209162892774,9.95367184933275,9.91969647165388,9.95193628687412,9.92871325975284,9.99473283626139,9.96670636674389,9.94312465097755,9.93358119111508
/Smarch/ref4955,1172.73347121105,1169.74041870283,1170.67915621493,1145.99397959979,1122.59964544978,1113.40816459805,1113.23713594396,1112.0197269069,1113.58482120279,1112.07377355406,1114.21987400064,1107.39506970765,1111.40312087722,1113.97321407124,1112.22738789674,1111.71127458801,1115.6946058264,1113.8196910941,1109.55725165177,1110.89419507096,1110.37112582196,1110.53211173601,1111.60227352707,1113.12206831202,1111.99610240385,1185.39585168427,1176.17756533716,1131.39296586392,1121.30592377204,1124.57877300307,1126.58758072089,1128.32591158524,1126.0199857722,1124.42333680112,1127.1690248074,1121.46200784715,1126.90648909193,1126.0058080242,1126.00583325699,1122.93327386491,1126.84948556125,1128.72712290986,1125.03156548599,1123.16511077993,1125.83422515029,1122.78532827692,1123.88941638032,1125.00982928602,1127.82297097985,1122.05791962566
/Smarch/se77x9,1800,17.6987925912254,17.6788603048772,17.6976111759432,17.6991984192282,17.6719894236885,17.7131309569813,17.6893710517325,17.9663550043479,17.7179431379773,17.7821572422981,17.6744074542075,18.1548399040475,18.4151428961195,17.7966507272795,18.0067374762148,17.7075233561918,17.714486502111,17.7120168791153,17.662062574178,17.6357296151109,17.6276635453105,17.664409880992,17.6849737870507,17.7240852941759,1800,17.910873375833,17.9367238143459,17.9512271219864,18.0256338869222,18.0087702451274,17.9783054892905,17.9686471931636,18.0434099729173,17.969401855953,17.9814137890935,17.9363976810128,18.0738999191672,17.9976596538909,17.9008696661331,17.8999885069206,18.0912077408284,18.0223114271648,17.978488072753,17.9331371742301,17.9743617093191,17.9739129929803,17.9640755150467,17.9370134971105,17.9447861812077
/Smarch/toybox,0.051033600233495,0.064636730123311,0.054469658993185,0.050619380082935,0.049046189989895,0.049971886910498,0.050042918883264,0.050250805914402,0.050511325243861,0.050565968733281,0.048056995961815,0.051123970188201,0.049840060062707,0.048064702190459,0.047943406738341,0.053369141183794,0.050508713815361,0.051273896824569,0.0482263318263,0.04727382818237,0.048089962918311,0.064565970096737,0.055699073243886,0.050661409739405,0.048247668892145,0.057588205672801,0.051228113938123,0.059335764031857,0.05544672999531,0.063705317210406,0.055988015141338,0.052381222136319,0.048118907958269,0.055292055010796,0.056259113363922,0.054532373789698,0.053578447084874,0.049518411047757,0.064318794291467,0.056495788972825,0.06432896014303,0.057172518223524,0.052889300044626,0.052046295255423,0.049451776780188,0.063463652040809,0.055942460894585,0.055338454898447,0.056595928035677,0.057241872884333
/Smarch/toybox_0_7_5,0.067063522059471,0.072134815622121,0.066708723083139,0.064233251847327,0.084266424644739,0.072306347079575,0.086890608072281,0.071983311790973,0.069435255136341,0.067932303063572,0.071382778696716,0.068392721936107,0.070318242069334,0.066943513229489,0.069471794646233,0.065615004859865,0.067912622820586,0.066457469016314,0.063885004725307,0.068398128729314,0.064815200865269,0.0683280127123,0.068936438299716,0.06968507822603,0.068460638169199,0.065726222004742,0.067629084922373,0.090071971993893,0.070279944222421,0.065560962073505,0.068484224844724,0.068839746993035,0.066129477694631,0.073242869228125,0.073496385011822,0.069986931979656,0.071518819313496,0.067406991962344,0.072279382962734,0.085085238795728,0.071114264894277,0.087660157121718,0.074409338179976,0.06867851736024,0.068397748749703,0.075705323833972,0.077173401135951,0.068448225036264,0.08817238593474,0.072885742876679
/Smarch/uClibc-ng_1_0_29,0.34204942593351,0.350208788178861,0.348585410043597,0.3415547311306,0.350008327048272,0.341381293721497,0.349376525264233,0.343556497246027,0.350319957826287,0.343861451838165,0.348306128289551,0.346571726724505,0.347685269080102,0.350135691929609,0.34467572811991,0.348765274044126,0.341308292001486,0.349955926649272,0.342622774653137,0.350797763094306,0.346823147963732,0.37697829073295,0.378298244904727,0.348544795997441,0.335652702953666,0.346618716139346,0.353983351029456,0.349739434197545,0.3546357229352,0.386597672011703,0.360115824267268,0.350846001878381,0.357868938706815,0.349505737889558,0.358953912276775,0.356522941030562,0.351208345033228,0.352826767135411,0.34711698256433,0.354765613097697,0.348732624202967,0.355417528189719,0.349253418389708,0.375958235934377,0.347076108213514,0.356471012812108,0.350248148199171,0.35439184634015,0.372961997054517,0.354434276930988
/Smarch/uClinux-config,36.6691054669209,37.053737746086,37.2007267689332,36.9597577806562,36.8907638401724,37.0937635418959,37.0455966959707,37.1679616109468,37.1278613540344,37.0964045659639,37.0950141157955,37.1283492250368,37.1749714356847,37.0335281179287,37.014170344919,37.2269749911502,37.1031956728548,36.8710696380585,36.9834080110304,37.0097379549406,37.0321953827515,37.0242301388644,37.0690726973116,37.104798946064,37.3055134736933,37.4794162116013,37.6696523921564,37.8182236347347,37.7666200967506,37.5725685399957,37.3936599688604,37.7708880999126,37.7161669693887,37.5219894279726,39.2821791199967,37.8679415080696,37.6852077292278,38.926112737041,37.7601173799485,37.6280156299472,37.5612276028842,37.5313442749903,37.5892843268812,37.7496694289148,37.5803685639985,37.729654753115,37.6950213480741,38.2406006301753,37.8733990681358,37.6669422299601
/Smarch/uClinux,0.552536805160344,0.551468242891133,0.544271924067289,0.5512973847799,0.594525776337832,0.551650149282068,0.554712790064514,0.547905008774251,0.573411280754954,0.552598098758608,0.54995263600722,0.546293854247779,0.552722360007465,0.55157308280468,0.545297155156732,0.579606870189309,0.549426764715463,0.546113752759993,0.575897590722889,0.552653446327895,0.547569896094501,0.548432232812047,0.555783797055483,0.553490767721087,0.548670647200197,0.531182216946036,0.532459259033203,0.568161520175636,0.554649822879583,0.556695378851146,0.555694552138448,0.553494740277529,0.553371618967503,0.57992961909622,0.552044477313757,0.55344297690317,0.551146540790796,0.578036942053586,0.562916083261371,0.554911823943257,0.551544804126024,0.555212917737663,0.556701109744608,0.553604637272656,0.565168250817806,0.558757198043168,0.558250993024558,0.56133671104908,0.556427235715091,0.556065247859806
/automotive01/automotive01,53.7810775758699,53.9574624360539,54.0254753772169,54.1008888380602,54.0821803519502,53.8400961332954,53.8486163360067,53.9838996091858,53.9449739512056,54.0774924936704,53.9449762171134,53.9619920249097,53.9064457383938,59.834004662931,53.9084224798717,54.0198509348556,53.963369613979,53.8885463718325,54.0943359630182,53.8594017960131,54.3442491381429,53.9776944466867,54.299325352069,54.0398466978222,53.8716282886453,54.98536442779,54.8966247439384,57.8978558089584,54.890920788981,54.8255613320507,54.6342076528817,54.9270064961165,54.8327607088722,54.7911755116656,54.9086335939355,54.969543968793,54.9491356951185,55.0221941047348,54.7781078517437,54.7232474670745,54.5265989461914,55.0735641517676,54.9400980267674,54.9436984248459,54.6119864122011,54.965941593051,54.8610692219809,54.7623429349624,54.8577635507099,54.8977246899158
/automotive02/automotive2_4,1800,488.432778363582,487.720791005064,487.756494833157,487.560081418138,486.982897260226,487.178319297731,545.554630620871,488.66690670792,488.431989407167,488.280641129706,488.96868758183,487.630527277943,487.725224446971,485.698303229175,488.906606494915,489.475687121041,486.509429890662,486.685028200969,487.219660026953,489.056859368924,487.402361247223,488.88008159725,487.895194049459,491.765662757214,1800,493.279321495909,493.787800487131,498.879050014075,493.013986708131,494.642982938793,494.66458589863,493.589539712295,495.734710549004,495.014365659561,494.062403755728,492.57304201927,495.068906920962,493.443238910288,496.256132856011,496.144020767883,495.06233042106,492.342289776076,494.528002398089,494.793299896177,494.044827285688,495.560900128912,494.672544340137,495.40106965974,494.214211843908
/featureide_examples/berkeleydb,0.027909283060581,0.023517788387835,0.023976359982044,0.02441515494138,0.022495502140373,0.027750042732805,0.024877805728465,0.028157053049654,0.027554118074477,0.023263353854418,0.023271140176803,0.023335002362728,0.023058123886585,0.028029554989189,0.026269171852619,0.027422298211604,0.023861573077738,0.016363197937608,0.018508912995458,0.017862992361188,0.02769132796675,0.025578421074897,0.02723570400849,0.023365237284452,0.026320134289563,0.025552916806191,0.020767746027559,0.025471075903624,0.0226387581788,0.023560162167996,0.025987561326474,0.025779614690691,0.023662893101573,0.022327667102218,0.02278183400631,0.023262416012585,0.02221048111096,0.024175756145269,0.026171452365816,0.026598806958646,0.023752922192216,0.026153419166803,0.02941198181361,0.024374620057643,0.026375744026154,0.027396278921515,0.028344627935439,0.026159975212067,0.025360236875713,0.028277849778533
/financial_services/financialServices_2018-05-09,3.83630127320066,3.75332304788753,3.75266852369532,3.75379153294489,3.76593733672053,3.76712122792378,3.76474256860092,3.76155999768525,3.76972942333668,3.76186696998775,3.77174679236487,3.7983818538487,3.76878554001451,3.76548788323998,3.7641933769919,3.7717666560784,3.76493744086474,3.75909680686891,3.75490406807512,3.7518203263171,3.76561865210533,3.76230989582837,3.76878492720425,3.76021228404716,3.76300459820777,3.89081863267347,3.81502541806549,3.82202523387969,3.81802797410637,3.81916537927464,3.81904375227168,3.81338600115851,3.82350070867687,3.82557057682425,3.82064469112083,3.8162204772234,3.81766342418268,3.81741213705391,3.82268120581284,3.82491483399644,3.8521276707761,3.86047621769831,3.82170114293694,3.81200375594199,3.81350864609703,3.81343356287107,3.82177291996777,3.87405747594312,3.8197235702537,3.81962811667472
/confidential/automotive03/03,0.852018469013274,0.848159876186401,0.848624678794295,0.847333960235119,0.85372164985165,0.847475674003363,0.849657562095672,0.84737647511065,0.852791613899171,0.850120396818966,0.852438896894455,0.853090973105282,0.853051385376602,0.879723947960883,0.850472969934344,0.848249656148255,0.849704398773611,0.852470588870346,0.846953149884939,0.856617296114564,0.848988021723926,0.84916376369074,0.847210480831564,0.847767788916826,0.85088603803888,0.86231496790424,0.864561235997826,0.890994740184397,0.846910939086229,0.874980711843818,0.845668815076351,0.849125985987484,0.844346961937845,0.841652494855225,0.842280205339193,0.839193397201598,0.839853211771697,0.856736964080483,0.85302826622501,0.858674107119441,0.845055168028921,0.84148975322023,0.843410368077457,0.844643054995686,0.840884990990162,0.842138473875821,0.843488147947937,0.843846854288131,0.842618591152132,0.844729552976787
/confidential/automotive03/automotive03a,0.157467081211507,0.156063976231962,0.16085211141035,0.156085384078324,0.156572770792991,0.154518223833293,0.15622436394915,0.160472983960062,0.156769272871315,0.153082943987101,0.154503739904612,0.154549567960203,0.160328932572156,0.155924979131669,0.17899347608909,0.162275002803653,0.157729398924857,0.16245825169608,0.157476439140737,0.15557962609455,0.157307168003172,0.156754531897604,0.159834956284612,0.157909370027483,0.154961389955133,0.151812972035259,0.159991831053048,0.157542204950005,0.163221030961722,0.160375405102968,0.157434218097478,0.15798762999475,0.147468484006822,0.145774960983545,0.147756183054298,0.145283846184611,0.159921647049487,0.149335603229702,0.145716223400086,0.148608413990587,0.151687540113926,0.162672716192901,0.160863732919097,0.161731028929353,0.161238246131688,0.157333781942725,0.158097113948315,0.14787718327716,0.15455880202353,0.151418908964843
/confidential/automotive03/automotive03b,5.7704020277597,5.76098763989285,5.76749133504927,5.77796589815989,5.76605365984142,5.77705270890147,5.76683908700943,5.77947988221422,5.76145206624642,5.76272145519033,5.75646072113887,5.76100782072172,5.7611984028481,5.71965180383995,5.77255420200527,5.76854607183486,5.77509573893622,5.77080129366368,5.76511360378936,5.79266476491466,5.77110076695681,5.76899686688557,5.76084620831534,5.87478835228831,5.77726070815697,5.73791335895658,5.78233026200905,5.84725282387808,5.83680627308786,5.84317589877173,5.83041960000992,5.84702399326488,5.8343764860183,5.89710933994502,5.84728018799797,5.83459689095616,5.83021594304591,5.83941499004141,5.8342333403416,5.84051210805774,5.84174953913316,5.83526245877147,5.88400499708951,5.83030733373016,5.80876724002883,5.80753634823486,5.80815843399614,5.78020052984357,5.81332837697119,5.81828109174967
/confidential/automotive04/04,0.727466850075871,0.734091252088547,0.724648693110794,0.731437966227531,0.727178104687482,0.72019683290273,0.724997246172279,0.731299898587167,0.722977265715599,0.726474851835519,0.729590519331396,0.727589537389576,0.727459162008017,0.728082156740129,0.729263801593334,0.727928308770061,0.731216405984014,0.728276898618788,0.728130297735333,0.727498776745051,0.732362334616482,0.727257154416293,0.724326862953603,0.725880360230804,0.728140331804752,0.728759315330535,0.730405854061246,0.734529709909111,0.731345693115145,0.722138442099094,0.721029864158481,0.727463562972844,0.735070792026818,0.733760565984994,0.730861693155021,0.734928435180336,0.77202213415876,0.734260702971369,0.731177428271621,0.737247110810131,0.73320547118783,0.736758824903518,0.743466089945287,0.730694419238716,0.721906289923936,0.734679335262626,0.733773113228381,0.742045540828258,0.737218344118446,0.73464117385447
/confidential/automotive06/automotive06a,0.368301179725677,0.340365082025528,0.342610456980765,0.349089854862541,0.339550302829593,0.342373760882765,0.339305432979017,0.345132160000503,0.337569340132177,0.337651633657515,0.343075709883124,0.34037177497521,0.343857942149043,0.341071194969118,0.345326045062393,0.339913370087743,0.338373284321278,0.340245339088142,0.339392952155322,0.342468366958201,0.338354399893433,0.343278886284679,0.340554820839316,0.339491973631084,0.343796086963266,0.341162682976574,0.348977217916399,0.33914337772876,0.3423853632994,0.339441859163344,0.342395152896643,0.347391393966973,0.366310263983905,0.362584173213691,0.331909542903304,0.353458583820611,0.342273670714349,0.338417594321072,0.341116217896342,0.338797568809241,0.384102289099246,0.340598756913096,0.345990385860205,0.343383471015841,0.342614177148789,0.34401974780485,0.342585679143667,0.342146256007254,0.371959280222654,0.343561069108546
/confidential/automotive06/automotive06b,4.22164732264355,4.2247801721096,4.22694574994966,4.22591280099005,4.22503387322649,4.22209267411381,4.22608773224056,4.21879116818309,4.23123159538955,4.21857668692246,4.24520217766985,4.24410829134285,4.23331605736166,4.21543862111867,4.2144136428833,4.20629719411954,4.20993819693103,4.20897773327306,4.25093627907336,4.21388695528731,4.21093591162935,4.20284268260002,4.21478122891858,4.21668262965977,4.20799925504252,4.26578546874225,4.27495633112267,4.28064201399684,4.2917075548321,4.27766519691795,4.24787097936496,4.23776116827503,4.25286076776683,4.2383352140896,4.26140294596553,4.27653282787651,4.25545453513041,4.27429552888498,4.28085190616548,4.25326461810619,4.29045932460576,4.2886764598079,4.26419562986121,4.3608181886375,4.24068667925894,4.27032607188448,4.2394726742059,4.24331956682727,4.21293234918267,4.15855326829478
/confidential/automotive07/automotive07a,2.75150547130033,2.73512234399095,2.74230656214058,2.74667081423104,2.78307037428021,2.73549290793017,2.73516259901226,2.73354247119278,2.73041240125895,2.74699275707826,2.73181838775054,2.73994699912146,2.74876122735441,2.91016116831452,2.73459999402985,2.72216946538538,2.72211478510872,2.72059858124703,2.72526372177526,2.72014178801328,2.728024891112,2.72824255935848,2.75385814113542,2.77025165362284,2.7576362141408,2.77897460386157,2.76933732908219,2.76693406607956,2.76018534786999,2.80598238576204,2.77488707611337,2.7587434318848,2.75830960320309,2.76889631710947,2.75756028620526,2.76554731884971,2.75965055357665,2.76011272985488,2.76059627626091,2.76609219424427,2.76629290310666,2.7666070619598,2.77001012256369,2.76482305303216,2.76116989692673,2.75832525081933,2.75858448212966,2.76429983600974,2.75511600309983,2.77282665995881
/confidential/automotive07/automotive07b,587.132440911606,583.428814449813,583.991115897894,583.648809220176,586.279929165263,585.185538573191,586.926365547814,586.3813584093,583.67773383297,585.287992183119,585.043496028986,583.754024284892,586.485296758357,585.897385857068,583.848309759982,585.363166870084,590.227136407048,596.175073657185,586.412033027038,588.586110132281,593.743668632116,588.310451010242,587.31717178179,586.646463898011,589.398735821247,593.354411834385,592.637043073308,591.6230631168,588.639985752758,592.489106780849,590.906193034258,593.96954418812,592.507738947868,592.506441763602,591.189964678139,591.065757134929,591.249116817024,593.643356417306,589.873159053736,595.36261593271,592.50968912337,601.599899569061,595.206933688838,590.83250023704,595.975999115966,592.132450144738,590.003784693778,570.738478557672,573.743431183975,568.508337981068
