CDL/am31_sim.dimacs	5.050003523938358,4.972486813087016,5.717429748736322,3.597368841059506,5.1001459909603,6.518410641234368,5.217990207951516,4.5314170913770795,4.332965163979679,4.327031733002514,4.849069537129253,4.857373029924929,5.963577230926603,4.948861571960151,4.372585866134614,5.545776186045259,5.514417747035623,5.5958051779307425,5.06594268232584,3.9132832130417228,5.634452068712562,4.5582688972353935,4.9987329239957035,5.00215370208025,5.154795424081385,4.1473025837913156,8.850480479188263,5.067389816045761,5.761152570135891,6.05239691818133,4.84422109182924,5.344978129956871,5.3056122488342226,5.344851586967707,4.936673960182816,7.311566540971398,5.497771210037172,5.533463534899056,4.994697107933462,5.435043348930776,4.85167305637151,4.747675765771419,4.589205096941441,5.6394228669814765,5.701493961270899,5.253022185061127,5.800973094068468,4.90138230426237,6.2577971974387765,5.075902499258518
CDL/ea2468.dimacs	4.929640607442707,6.188383087981492,4.871333621907979,5.574663378298283,8.74804248707369,7.983091042842716,9.692359902895987,5.33485071035102,7.299418291077018,5.116787012666464,6.964261241722852,6.343678192235529,5.792441552970558,7.546302352100611,8.045214185956866,6.370898083783686,9.154248874634504,5.99032438127324,7.0474208681844175,6.593815472908318,5.508564190007746,6.111583878286183,5.998819956090301,7.386261587962508,12.067688222043216,6.543036798946559,7.42702869232744,6.536926823202521,7.785308612976223,5.93616932304576,7.0009562112390995,6.280248200986534,8.51474078418687,13.319676911924034,6.279360780958086,11.637971434742212,6.813204164151102,8.112554494757205,5.626668572891504,8.007175621110946,7.062324518803507,6.823082781396806,9.909326998051256,6.69333489285782,7.012436647899449,6.633634893223643,6.111706361174583,6.218435535207391,6.762309297919273,6.024311753921211
CDL/p2106.dimacs	5.250192868057638,5.731965612620115,5.332253102678806,5.776522937230766,5.068519534077495,4.370888660661876,5.4268273445777595,4.83504179911688,5.28874909831211,6.830921310931444,4.7741737281903625,5.192656435072422,5.878064945805818,6.630855433177203,6.861423386260867,6.087847952265292,4.185759503394365,6.196934192907065,4.683855386916548,5.457292875275016,5.655222243163735,7.351084817200899,5.508346891030669,5.654736061580479,4.6054143770597875,5.919005990959704,5.276721759699285,5.81044588284567,6.650764637161046,5.072806284762919,5.932351901195943,6.39836532715708,4.957760802935809,6.272257806733251,6.203739178366959,5.276486053131521,7.055657623335719,5.199502052273601,5.739423060789704,4.7912421729415655,6.659619722981006,6.570160538889468,7.440678000915796,4.529785371851176,5.102543856948614,4.991792527027428,7.192431788891554,5.340648454148322,6.3416853309609,4.413095096126199
KConfig/axTLS.dimacs	0.48444514302536845,0.4605534099973738,0.46081829257309437,0.4657370690256357,0.4557414227165282,0.4590227589942515,0.4607903389260173,0.4559152601286769,0.4521284489892423,0.46057455288246274,0.4596886783838272,0.45295175816863775,0.46045847330242395,0.4555632369592786,0.45211629662662745,0.4624579781666398,0.46268764790147543,0.45858363527804613,0.4605645090341568,0.45468310499563813,0.453517003916204,0.45038869604468346,0.4486125069670379,0.460366940125823,0.4559225463308394,0.4969380279071629,0.4634217321872711,0.4663162799552083,0.4590079467743635,0.4597366666421294,0.46711515076458454,0.4612361080944538,0.45826662285253406,0.46572758024558425,0.45476566907018423,0.46630783192813396,0.4654868138022721,0.4544596169143915,0.4541045571677387,0.4546708860434592,0.4648147742263973,0.4542440068908036,0.4592217020690441,0.46073148399591446,0.46249432023614645,0.4510264601558447,0.45530016301199794,0.45868130400776863,0.4667774518020451,0.4636755231767893
KConfig/busybox-1.18.0.dimacs	2.135562567971647,2.170633127912879,2.3840743410401046,2.3463696050457656,2.1880647470243275,2.450861003715545,2.3833481301553547,2.080646248999983,2.3312934190034866,2.2917960421182215,2.2749003898352385,2.10057489387691,2.0453586890362203,2.3315780460834503,2.1783365490846336,2.357450757175684,1.9545324952341616,2.4336929111741483,2.018026408739388,2.3163177301175892,2.1624671248719096,2.2296466808766127,2.304932001978159,1.9722638600505888,2.4491653088480234,2.2352634677663445,2.3229693076573312,2.134235080331564,2.267696744762361,2.0918203103356063,2.0472053987905383,2.0842901058495045,2.6676909159868956,2.2451355569064617,2.416630032006651,2.015804084017873,2.140097988769412,2.1830432158894837,2.138556309044361,2.2953296480700374,2.048966623842716,2.3688120818696916,2.5223619397729635,2.1146619711071253,1.9659038023091853,2.2271431032568216,2.2053074492141604,2.2467389088124037,2.206014629919082,2.365036427974701
KConfig/embtoolkit.dimacs	9.663769291248173,9.750513615086675,8.550686499103904,9.082011471036822,9.654204294085503,8.456012626178563,9.047563306987286,8.67895210115239,8.63151961704716,9.04273893777281,8.616099798120558,8.51743615604937,9.390977599658072,8.001805354841053,8.331908933352679,8.422222999855876,7.402077509090304,8.7825110219419,8.883588809985667,8.664511675946414,8.734996946062893,9.365148289129138,8.646273819729686,8.91170676983893,8.665881561115384,9.122614326886833,8.771396099124104,8.168497615028173,9.270980598870665,8.914787614252418,9.11869402229786,9.006539017893374,7.968574735801667,8.20857491903007,9.088786878157407,8.583854575175792,8.812696925830096,9.989795186091214,8.79628945607692,9.553244265262038,9.452369851991534,9.725897917058319,8.483892563730478,8.433817994780838,8.582665283232927,8.117358005139977,9.37647034600377,9.604405160993338,8.724000196903944,8.835545100271702
KConfig/linux-2.6.33.3.dimacs	1800,1800,1800,1800,1800,1800,1800,1800,1800,1800,1800,1800,1800,1800,1800,1800,1800,1800,1800,1800,1800,1800,1800,1800,1800,1800,1800,1800,1800,1800,1800,1800,1800,1800,1800,1800,1800,1800,1800,1800,1800,1800,1800,1800,1800,1800,1800,1800,1800,1800
KConfig/uClibc.dimacs	1.5279509131796658,1.6181021123193204,1.3926928048022091,1.7714543817564845,1.6791849909350276,1.6366098350845277,1.737095095217228,1.6888169441372156,1.6201052661053836,1.6794999218545854,1.5852460321038961,1.652554679196328,1.5526306866668165,1.5894861253909767,1.5059397830627859,1.6356800789944828,1.6481316946446896,1.73263501515612,1.7068280368112028,1.7296375827863812,1.4528955891728401,1.4493199889548123,1.5445155641064048,1.414053943939507,1.5624117152765393,1.4214424141682684,1.392069874331355,1.5939315012656152,1.5779051561839879,1.5460519939661026,1.3792448909953237,1.314915549941361,1.36060381680727,1.46368751488626,1.4755406491458416,1.524707362987101,1.6651429240591824,1.5019475361332297,1.552747949026525,1.6407300340943038,1.7389871799387038,1.3819721811451018,1.5117903109639883,1.4222261467948556,1.7726033087819815,1.5416911230422556,1.5049766385927796,1.7160184090025723,1.4146678657270968,1.3873258102685213
KConfig/uClinux-base.dimacs	1.5020313668064773,1.7963680690154433,2.356284591369331,2.1505552832968533,2.0483893509954214,2.343733236659318,2.1561236740089953,2.3359286240302026,1.5619747689925134,1.7615649248473346,1.5385045199654996,2.020119338762015,2.0914128399454057,2.0995996659621596,1.987240825779736,1.7767579820938408,1.9617452402599156,2.094752874225378,1.7592527950182557,2.1601048139855266,2.1946774274110794,2.0525673227384686,2.01651105703786,1.9906802070327103,1.9736809749156237,1.9805637188255787,2.2074343701824546,2.1640639430843294,2.05804039305076,2.179414251819253,2.3678011586889625,2.287672324106097,2.3179250098764896,1.839108174201101,2.5275045400485396,1.3409993438981473,1.5701330080628395,2.0422894079238176,2.0106393583118916,1.5324019310064614,2.1402376503683627,1.856331957038492,2.028198908083141,2.0448261070996523,1.4937794297002256,2.4164960742928088,2.241994312033057,1.975772120989859,1.9553972631692886,1.9239173410460353
KConfig/uClinux-distribution.dimacs	5.228530860040337,5.221607256680727,5.314602389931679,5.310751508921385,5.202984532341361,5.208679252304137,5.320918253157288,5.277588563039899,5.227950642816722,5.206334923859686,5.2500472837127745,5.211573812179267,5.300163344945759,5.28742507705465,5.293644404038787,5.2802163562737405,5.281484401319176,5.267839395906776,5.282650392036885,5.270535355899483,5.303349608089775,5.284301058854908,5.236322302836925,5.276202672626823,5.164142007008195,5.239541498012841,5.2549154669977725,5.223909912630916,5.193104482255876,5.231820549350232,5.290164401754737,5.242178129963577,5.248669938184321,5.313166493084282,5.319209741894156,5.149214023724198,5.2295715170912445,5.319070541765541,5.285018695052713,5.262929177377373,5.305172654334456,5.309613659977913,5.180751042906195,5.244517093989998,5.281314739026129,5.308940544258803,5.291412761900574,5.210399773903191,5.245608055964112,5.27830744208768
Smarch/2.6.28.6-icse11.dimacs	1800,1800,1800,1800,1800,1800,1800,1800,1800,1800,1800,1800,1800,1800,1800,1800,1800,1800,1800,1800,1800,1800,1800,1800,1800,1800,1800,1800,1800,1800,1800,1800,1800,1800,1800,1800,1800,1800,1800,1800,1800,1800,1800,1800,1800,1800,1800,1800,1800,1800
Smarch/2.6.32-2var.dimacs	1800,1800,1800,1800,1800,1800,1800,1800,1800,1800,1800,1800,1800,1800,1800,1800,1800,1800,1800,1800,1800,1800,1800,1800,1800,1800,1800,1800,1800,1800,1800,1800,1800,1800,1800,1800,1800,1800,1800,1800,1800,1800,1800,1800,1800,1800,1800,1800,1800,1800
Smarch/2.6.33.3-2var.dimacs	1800,1800,1800,1800,1800,1800,1800,1800,1800,1800,1800,1800,1800,1800,1800,1800,1800,1800,1800,1800,1800,1800,1800,1800,1800,1800,1800,1800,1800,1800,1800,1800,1800,1800,1800,1800,1800,1800,1800,1800,1800,1800,1800,1800,1800,1800,1800,1800,1800,1800
Smarch/7z.dimacs	0.19623754220083356,0.2103117103688419,0.24811124894768,0.19669288117438555,0.2221739822998643,0.20825326722115278,0.20271761994808912,0.25875000515952706,0.2357154432684183,0.2488160547800362,0.24285646993666887,0.2236384591087699,0.22600978799164295,0.2091513113118708,0.18003932712599635,0.2477698801085353,0.24960158299654722,0.25772711681202054,0.24272573180496693,0.21484647877514362,0.24424056895077229,0.23477864963933825,0.22488958295434713,0.1513637020252645,0.217396330088377,0.2713701887987554,0.23811176605522633,0.2604566588997841,0.2621676498092711,0.2443995699286461,0.25003787921741605,0.24904927797615528,0.2450426071882248,0.24486980866640806,0.23885596310719848,0.20186120411381125,0.19603747688233852,0.22831690171733499,0.2538475268520415,0.2669602227397263,0.2627878342755139,0.21964005567133427,0.21531633893027902,0.2179569830186665,0.2172407121397555,0.2572124907746911,0.25423680478706956,0.2800361313857138,0.2287939451634884,0.24606263916939497
Smarch/BerkeleyDBC.dimacs	0.06774533819407225,0.06427054200321436,0.061031883116811514,0.061750571709126234,0.07315152091905475,0.06941079162061214,0.06403542635962367,0.05906755803152919,0.06934295920655131,0.06954533513635397,0.06151389563456178,0.06206737505272031,0.059986250940710306,0.06498848181217909,0.06221596198156476,0.0611985782161355,0.06960539007559419,0.0686101159080863,0.061858023051172495,0.06748353177681565,0.07129092421382666,0.0634323894046247,0.06880060397088528,0.07025506207719445,0.06417856737971306,0.06330567179247737,0.06049753073602915,0.06845716200768948,0.07204099697992206,0.0699055278673768,0.06948090577498078,0.08414135500788689,0.08450945187360048,0.07092015910893679,0.06287088431417942,0.06102568004280329,0.06595595926046371,0.06400835234671831,0.06428492907434702,0.08631868893280625,0.06681312713772058,0.06451936578378081,0.05919125908985734,0.0848058401606977,0.06999213667586446,0.06404082709923387,0.06311657093465328,0.08571168780326843,0.06713037798181176,0.08327947370707989
Smarch/Dune.dimacs	0.04945708019658923,0.050152095034718513,0.04429007275030017,0.04945095628499985,0.06360073992982507,0.06383019406348467,0.06076325895264745,0.06057591689750552,0.06229486782103777,0.05019983975216746,0.06063698884099722,0.05895695509389043,0.06124942470341921,0.060929493047297,0.061830817721784115,0.0564294490031898,0.059872888028621674,0.05904429219663143,0.05629488080739975,0.06031248904764652,0.06092065013945103,0.06062152795493603,0.061067177914083004,0.060384142212569714,0.06355414306744933,0.0518487230874598,0.04551409790292382,0.04314644914120436,0.043503995053470135,0.062108905985951424,0.05064573884010315,0.06028316169977188,0.05100218206644058,0.04561381693929434,0.04433875530958176,0.042515357956290245,0.04200652381405234,0.04317815275862813,0.04313390189781785,0.0588086792267859,0.05130252102389932,0.05925156828016043,0.055625689681619406,0.048882676754146814,0.04602092504501343,0.0430493401363492,0.04768216423690319,0.045775022357702255,0.04648289363831282,0.04612951818853617
Smarch/HiPAcc.dimacs	0.24844431225210428,0.25192728405818343,0.2256242809817195,0.23842236399650574,0.23655265476554632,0.2406241879798472,0.2307680631056428,0.22427142597734928,0.23543759481981397,0.2215597522445023,0.2325887130573392,0.2290462777018547,0.2461421270854771,0.20776632986962795,0.2153646182268858,0.24559703934937716,0.24276184709742665,0.24136844603344798,0.22914589382708073,0.22587270382791758,0.24358180398121476,0.23327886871993542,0.2309777750633657,0.22328032599762082,0.23593673203140497,0.22508771205320954,0.21846226043999195,0.23853765008971095,0.22916709491983056,0.2583460579626262,0.2387379170395434,0.2379910028539598,0.2249821168370545,0.2230124562047422,0.22735093487426639,0.23668374959379435,0.22643713327124715,0.22927335230633616,0.23182167205959558,0.23691148683428764,0.23578402865678072,0.22582033602520823,0.23431302793323994,0.2298058201558888,0.2152182636782527,0.2382091050967574,0.22513778787106276,0.23591579217463732,0.2241814536973834,0.23718059714883566
Smarch/JHipster.dimacs	0.30306325713172555,0.28722574282437563,0.29065311094745994,0.2990129888057709,0.29087293706834316,0.2778935940004885,0.2954487898387015,0.28408882301300764,0.2753451312892139,0.29184790002182126,0.2894035023637116,0.27996889827772975,0.28158651990815997,0.2786653432995081,0.2922830977477133,0.2745028748176992,0.2842656341381371,0.29009042493999004,0.3017753488384187,0.27746124006807804,0.2802095618098974,0.2975513790734112,0.2670616377145052,0.28734268993139267,0.29963921289891005,0.2934465082362294,0.2877939357422292,0.3082813718356192,0.2797603402286768,0.2872227858752012,0.3011391996406019,0.28426708187907934,0.282835251186043,0.2995439204387367,0.296660257037729,0.29395028576254845,0.2668904149904847,0.2812273181043565,0.2911406038329005,0.29072677716612816,0.2903386019170284,0.2825133060105145,0.29115098528563976,0.2835443280637264,0.28818085277453065,0.2707467577420175,0.28699034731835127,0.27789631159976125,0.29089565528556705,0.28664668975397944
Smarch/JavaGC.dimacs	0.2835426707752049,0.28681083116680384,0.28726388281211257,0.292241504881531,0.2879268121905625,0.28205308597534895,0.2877630009315908,0.28828279208391905,0.28890864877030253,0.2825439302250743,0.2901364569552243,0.29188639484345913,0.28931529307737947,0.2819164488464594,0.2917934493161738,0.29341552685946226,0.2822304982692003,0.28710986906662583,0.28787560714408755,0.2846648790873587,0.2918607038445771,0.29032500507310033,0.28608245495706797,0.28512916527688503,0.2887239237315953,0.2887648087926209,0.2907133689150214,0.29258890682831407,0.2815342331305146,0.2875710823573172,0.28907590126618743,0.29396456899121404,0.28442167583853006,0.284760981798172,0.28397188894450665,0.2879258361645043,0.2933706338517368,0.2933693458326161,0.286874383687973,0.27894896222278476,0.28607351100072265,0.2859237012453377,0.2824743762612343,0.2886515758000314,0.2931351028382778,0.2885899040848017,0.2843696349300444,0.29038088396191597,0.28286957275122404,0.2950857668183744
Smarch/LLVM.dimacs	0.00908537395298481,0.007579886820167303,0.011236846912652254,0.011028909124433994,0.011303284205496311,0.011633881833404303,0.011442026123404503,0.009388766717165709,0.010564563795924187,0.011379539035260677,0.0068711997009813786,0.006765258964151144,0.01173415407538414,0.007582033984363079,0.0065287030301988125,0.011094305198639631,0.007167755160480738,0.011182758957147598,0.005731964949518442,0.010966553818434477,0.008550758939236403,0.011344659142196178,0.005796680226922035,0.004775959998369217,0.010670788120478392,0.008443073369562626,0.011408116202801466,0.00720788910984993,0.00969711970537901,0.008834687061607838,0.006165657192468643,0.007344068959355354,0.011237433180212975,0.010541739873588085,0.010176981799304485,0.007738854270428419,0.006075945217162371,0.011571933049708605,0.011387895327061415,0.009342322126030922,0.00797525979578495,0.007001033052802086,0.01129561709240079,0.011125740129500628,0.008005431853234768,0.007185820955783129,0.010933891870081425,0.01147102564573288,0.010034861043095589,0.005851130932569504
Smarch/Polly.dimacs	0.28332080878317356,0.2811085470020771,0.290037811268121,0.28421936789527535,0.2834722213447094,0.2831091908738017,0.2854981287382543,0.28163248812779784,0.285343486815691,0.2858579009771347,0.28835932118818164,0.2854639641009271,0.2816451280377805,0.28659779904410243,0.2831852613016963,0.2873285124078393,0.28164648497477174,0.281114281155169,0.286654909607023,0.2860003588721156,0.29120650608092546,0.28412394039332867,0.27907546423375607,0.28064557956531644,0.2823054101318121,0.31921622389927506,0.2836870332248509,0.2894026758149266,0.2844490730203688,0.28012627363204956,0.28004408767446876,0.2853181902319193,0.2887839926406741,0.286062641069293,0.28506070328876376,0.2871743580326438,0.2909784698858857,0.28722548577934504,0.28385775396600366,0.28255642019212246,0.2921867943368852,0.2876936960965395,0.28169460967183113,0.28142675990238786,0.28293236205354333,0.28303485084325075,0.28195765102282166,0.28498767502605915,0.2917467150837183,0.29399801371619105
Smarch/VP9.dimacs	0.31133568892255425,0.32228758512064815,0.3170107346959412,0.30907951667904854,0.3445657370612025,0.31833803886547685,0.3141511841677129,0.317740096244961,0.31310836412012577,0.32118292106315494,0.31013106601312757,0.31197241321206093,0.3115026433952153,0.31752966716885567,0.3201705999672413,0.31005452992394567,0.3088201628997922,0.31165172811597586,0.31968024279922247,0.3173207910731435,0.3159405360929668,0.320937757845968,0.3096236833371222,0.31930612679570913,0.3159277429804206,0.31069997884333134,0.31206498574465513,0.310453524813056,0.31105175940319896,0.3471115152351558,0.32021369505673647,0.3186777522787452,0.31051258696243167,0.30665826285257936,0.3146436079405248,0.3123739678412676,0.31324174301698804,0.3419801592826843,0.3177337828092277,0.3084453633055091,0.3092224854044616,0.3177342168055475,0.3160290103405714,0.31521651009097695,0.3168184612877667,0.3182062227278948,0.3209966588765383,0.31459804018959403,0.311131086666137,0.3178989179432392
Smarch/X264.dimacs	0.028664262033998966,0.03673098096624017,0.03454851591959596,0.02997918101027608,0.042487036902457476,0.03473572386428714,0.044412154238671064,0.03586305119097233,0.041437458246946335,0.03561620367690921,0.04164554411545396,0.0359042352065444,0.02835658984258771,0.02991611324250698,0.0292893061414361,0.03064482705667615,0.03014263231307268,0.030116653069853783,0.041769451927393675,0.042829928919672966,0.04219186492264271,0.04256766336038709,0.040266300085932016,0.0371622103266418,0.04175891261547804,0.03412759304046631,0.029996102210134268,0.03223240375518799,0.03571852995082736,0.034883357118815184,0.03131827898323536,0.02919748006388545,0.028952664230018854,0.036525439005345106,0.03532598027959466,0.03253889596089721,0.03204834507778287,0.029196447227150202,0.02973815193399787,0.027656001038849354,0.02899380074813962,0.03634262178093195,0.03540479484945536,0.03573174122720957,0.0353818703442812,0.04111797735095024,0.03610082808881998,0.04078654386103153,0.033735006116330624,0.04057950107380748
Smarch/adderII.dimacs	5.028503244742751,8.89499373594299,5.205876266118139,8.227696315851063,4.373222853988409,5.353810980916023,8.538409780710936,6.715791882015765,4.559292260091752,6.475076755974442,5.354028945788741,5.961639750748873,5.072911967057735,7.299852742813528,5.053726525045931,4.587091973982751,5.219362877774984,3.901402144227177,7.061206557787955,7.1630461984314024,4.180315430741757,4.342973937280476,6.941879189107567,5.53928576502949,4.734517299104482,4.825972097925842,5.217593810055405,4.404916261788458,4.910235395189375,3.8460989738814533,4.311664275825024,4.658506026957184,6.153334983158857,5.242265735287219,4.665453480090946,5.967883652076125,6.230094344820827,5.109755103010684,5.453664920758456,5.951836172956973,11.143329322338104,6.464458745904267,6.109263197984546,5.20920242369175,4.844431672245264,5.8658964592032135,7.229314321652055,6.6380104860290885,4.068692059256136,4.568394777365029
Smarch/at91sam7sek.dimacs	9.656931685749441,5.582141772843897,6.01663607172668,4.84443517960608,5.816881795879453,4.9867234523408115,5.5339757557958364,6.571385794784874,5.715300376992673,5.023978323675692,6.049527435097843,4.427810014691204,4.278369485866278,5.042045178823173,5.005402376875281,6.1545373047702014,6.0161403538659215,8.583180868066847,5.168794869910926,6.816948091145605,5.6351308869197965,5.074989134911448,6.187130879145116,4.782650270033628,5.244984152726829,4.953295214101672,6.371796568855643,6.008226717822254,6.7393660470843315,5.819577129557729,5.449543236754835,7.933511822950095,4.941072730347514,4.39144037803635,4.572566762100905,5.974860996007919,10.464097811840475,5.236781011801213,4.513332271017134,5.716168786864728,5.787122878711671,5.514847391285002,4.478262913879007,5.7794904839247465,6.242158992681652,5.048467783257365,7.332526411861181,5.808248221408576,6.425739553757012,5.864779386203736
Smarch/axTLS.dimacs	4.45412651496008,4.842098255176097,4.751969287637621,4.16482322011143,4.775824515148997,4.22033526096493,4.10974876396358,4.663457913789898,3.831435747910291,4.038370735943317,4.543709414079785,4.125443333759904,4.2104106936603785,4.4224305506795645,4.449473640881479,4.363039843272418,4.173172438051552,4.163808915764093,4.443465744145215,4.628323120065033,4.494118300732225,4.524446321185678,4.607024642638862,4.784319266676903,4.247016231995076,4.4429245218634605,4.948280124925077,4.121663396712393,4.361458552069962,4.381650385912508,4.614846875891089,4.336077074054629,4.3332541566342115,4.032071195077151,4.767909648362547,3.99907582718879,4.660973423626274,4.10670061269775,3.9481375571340322,4.531981445848942,4.681519683916122,4.217540882062167,4.747466512955725,3.8986606569960713,4.460053259972483,4.319640791043639,4.3565280619077384,4.342500815168023,4.119902228936553,4.413079648744315
Smarch/axtls_2_1_4.dimacs	0.5263265492394567,0.5611740490421653,0.5251477933488786,0.5265210536308587,0.5238074418157339,0.5541766453534365,0.5289815431460738,0.5285728937014937,0.5331267602741718,0.5295838848687708,0.5244082817807794,0.5198378758504987,0.5353851090185344,0.5229332949966192,0.5329324780032039,0.5204474828206003,0.5277965390123427,0.5311397658661008,0.5269605927169323,0.5342223299667239,0.526222325861454,0.5280010350979865,0.5325032430700958,0.5244198790751398,0.529333374928683,0.5628107911907136,0.5326983649283648,0.5291905822232366,0.5306421783752739,0.5274981181137264,0.5266266711987555,0.5259071309119463,0.528586249332875,0.5254091001115739,0.5250987717881799,0.5215081321075559,0.52662104787305,0.5218384652398527,0.5120326797477901,0.5541117340326309,0.5328844697214663,0.5200528232380748,0.5268970378674567,0.5296525871381164,0.5202181530185044,0.5283058229833841,0.5134573290124536,0.5241602202877402,0.5342970830388367,0.5253945998847485
Smarch/buildroot.dimacs	1800,1800,1800,1800,1800,1800,1800,1800,1800,1800,1800,1800,1800,1800,1800,1800,1800,1800,1800,1800,1800,1800,1800,1800,1800,1800,1800,1800,1800,1800,1800,1800,1800,1800,1800,1800,1800,1800,1800,1800,1800,1800,1800,1800,1800,1800,1800,1800,1800,1800
Smarch/busybox-1.18.0.dimacs	38.72308501182124,43.72967937309295,40.574904744978994,37.21856507472694,36.58309020102024,41.80869329767302,40.2687030560337,35.783294941298664,38.46420248923823,37.27330494206399,41.942949801217765,36.856604563072324,37.05179822864011,35.56084706215188,37.77296823589131,36.88358008116484,39.905978789087385,39.39508826704696,40.98138792673126,36.60592251922935,30.29364423500374,36.967419411055744,42.13477452611551,42.592957883141935,34.347848874982446,36.54633252136409,41.50209541898221,38.693445809651166,39.70961011108011,32.9510308871977,41.84563225088641,37.12766990670934,40.986214698292315,37.27120431885123,37.0137733980082,41.135114550124854,39.99372966680676,40.99916771426797,36.1491257478483,36.47503465367481,42.994534550234675,37.81272899126634,41.18483139714226,44.36153084784746,47.121175160165876,43.19178598606959,37.494347739964724,36.745631164871156,35.99537160014734,37.37437759106979
Smarch/busybox_1_28_0.dimacs	2.0512295942753553,1.7795836352743208,1.742069574072957,2.0054952558130026,1.9450745950452983,1.9718867940828204,1.787305098026991,1.9006604542955756,1.9665386201813817,1.9862796179950237,2.2382313990965486,2.116813454311341,2.0596259529702365,1.898717108182609,1.931264640763402,1.9759226483292878,1.9843566920608282,2.025328119751066,1.9558169189840555,2.1891236347146332,2.028115388005972,1.8269173996523023,1.8722677500918508,1.79821454314515,1.844593958929181,1.9435054389759898,1.7712462008930743,2.163328638765961,2.1190103171393275,2.109971844125539,2.0485561164096,1.9619145006872714,1.7643957319669425,1.921256810426712,1.5801803329959512,1.9475034247152507,2.0083669619634748,1.7987086400389671,1.9248866667039692,1.8966777008026838,1.8869864759035408,2.0094479150138795,1.9524414888583124,1.9661291711963713,2.0059338910505176,2.0633782162331045,1.732656693086028,1.7078410550020635,2.014776134863496,1.9741533561609685
Smarch/ecos-icse11.dimacs	5.597677203826606,6.337209399789572,6.9990700338967144,6.331526801921427,8.6328707030043,8.983939541969448,8.079505054745823,6.3397674658335745,7.226137771271169,5.883583306334913,6.8098207619041204,6.451740053016692,5.846395841799676,6.9423193340189755,5.931981110014021,8.841249130200595,7.936044370755553,5.8824847978539765,7.573509996756911,5.80199702270329,6.3214905532076955,6.376263816375285,8.08406161563471,8.673824436962605,7.862486387137324,7.303312189877033,8.995666049886495,6.253668055869639,7.819466976914555,8.53668646235019,9.460284160915762,7.959595809690654,6.74793760990724,5.805993034038693,6.7479558368213475,9.170059441588819,5.296257646754384,7.881694965064526,6.107794312294573,5.353638092987239,6.647303068079054,5.975243715103716,6.306935359723866,8.396901909727603,8.8500641817227,6.229387525003403,7.421479408629239,6.2836827910505235,5.490493045654148,7.4263805015943944
Smarch/embtoolkit.dimacs	1800,1800,1800,549.3035336551256,1800,1513.0856465427205,1800,1800,1800,1800,1800,1800,1313.6871275738813,1800,1035.386127336882,1001.4201992978342,1800,1800,1800,1437.3374053300358,1800,1800,894.1665242929012,1418.6237284038216,1800,1800,1800,1800,509.1305304719135,1800,1479.8522158288397,1800,1800,1800,1341.9104044730775,1800,1800,1048.807282179594,1030.0473447986878,1062.1408121860586,377.1701958565973,403.7309551681392,1800,1800,393.0177143928595,1338.4580628131516,1800,1800,1293.0084318630397,1800
Smarch/fiasco.dimacs	8.249999046325684,8.183539418969303,8.539797994773835,8.038816181011498,8.675664863083512,9.898132311180234,8.221630683168769,6.773565026000142,7.348117252346128,7.898446361068636,8.615006297826767,8.62254555337131,7.749278458766639,6.8668557913042605,6.703516739886254,8.628797073382884,8.754548045806587,8.701231947168708,8.748614192008972,7.852430355735123,8.83697256166488,7.937537189107388,7.887660315260291,8.459536083973944,8.131844023242593,7.98512514680624,7.02647749800235,8.14351817406714,7.059679189696908,9.797179979737848,7.764799828175455,8.328540458809584,8.495197042357177,6.419454622082412,8.38630593009293,7.102700818795711,7.835605429019779,8.752187102101743,8.815526837017387,7.729157038033009,8.791557296644896,9.296491969842464,9.543774573132396,9.474538065958768,8.941405788995326,8.307883917819709,8.119510281831026,7.709434298798442,7.874578309711069,6.959364752750844
Smarch/fiasco_17_10.dimacs	1.012581065762788,1.0328674158081412,1.1964899296872318,1.1756920726038516,1.3133898968808353,1.2469987510703504,1.144651188980788,1.333152892999351,0.9750003516674042,1.1672493228688836,1.24144556093961,1.2383211022242904,0.9799373559653759,1.232698337174952,1.2831011512316763,1.0126797072589397,1.3729603318497539,1.1163862021639943,1.1708314986899495,1.0137736601755023,1.4004758247174323,1.0438944678753614,1.3579923128709197,1.0711450399830937,1.101738695986569,1.2177418628707528,1.177633783314377,1.2546632159501314,1.2479634247720242,1.3740182681940496,1.1677028061822057,1.183187993708998,1.3658548528328538,1.2143102693371475,1.1643677409738302,1.3317603953182697,1.1464030710048974,1.2763791461475194,1.2040054881945252,1.2822018382139504,1.3221713174134493,1.2623563199304044,1.1619004933163524,1.2344099720939994,1.1066570081748068,1.1852894220501184,1.2626422950997949,1.2349897781386971,1.2771191080100834,1.1102888523600996
Smarch/freebsd-icse11.dimacs	1800,1800,1800,1800,1800,1800,1800,1800,1800,1800,1800,1800,1800,1800,1800,1800,1800,1800,1800,1800,1800,1800,1800,1800,1800,1800,1800,1800,1800,1800,1800,1800,1800,1800,1800,1800,1800,1800,1800,1800,1800,1800,1800,1800,1800,1800,1800,1800,1800,1800
Smarch/freetz.dimacs	1800,1800,1800,1800,1800,1800,1800,1800,1800,1800,1800,1800,1800,1800,1800,1800,1800,1800,1800,1800,1800,1800,1800,1800,1800,1800,1800,1800,1800,1800,1800,1800,1800,1800,1800,1800,1800,1800,1800,1800,1800,1800,1800,1800,1800,1800,1800,1800,1800,1800
Smarch/integrator_arm9.dimacs	21.493826271034777,8.18201598385349,10.88225767109543,8.570273323915899,11.006966598331928,9.920005641877651,11.79043303616345,9.902226618956774,13.469735067337751,9.08801214909181,10.114384545944631,8.018256628885865,7.133221303112805,8.215702225919813,8.70651868591085,9.963657576125115,9.315789946820587,10.499285225290805,8.919699812307954,8.809652090072632,10.19845177885145,10.483918043784797,17.913242407608777,9.356435338966548,9.015605077147484,8.402177391108125,9.453988668043166,9.83801309298724,15.404588990379125,9.898212298750877,9.252548255957663,33.19003933807835,13.129054479766637,9.390428918413818,10.58836877020076,7.996270050760359,10.358416000846773,8.574081439059228,9.443897983059287,7.606549800839275,9.64825774077326,11.219428270123899,10.739807513076812,8.880420953035355,8.458173181861639,12.381723498925567,9.322808656375855,9.534327269997448,10.644769437145442,7.76074318215251
Smarch/lrzip.dimacs	0.06992121785879135,0.0696904449723661,0.05720921605825424,0.068694984074682,0.07042469130828977,0.060211749747395515,0.06376757100224495,0.05341768218204379,0.06658993614837527,0.06547692511230707,0.06989161437377334,0.057827807031571865,0.04795785713940859,0.06692247511819005,0.055662829894572496,0.052840069867670536,0.054783368948847055,0.051166640128940344,0.05459677102044225,0.05379146570339799,0.051042172592133284,0.05130694014951587,0.05482723377645016,0.05061638494953513,0.06545026414096355,0.0693967929109931,0.056829798966646194,0.0697563299909234,0.060070561710745096,0.07305095391348004,0.05718780914321542,0.04914305126294494,0.05105301598086953,0.07006678497418761,0.06921573774889112,0.055115859024226665,0.06894864095374942,0.05359680997207761,0.07065299106761813,0.0645456756465137,0.061091603711247444,0.056800481863319874,0.06860304996371269,0.054501152131706476,0.06661664182320237,0.058900192845612764,0.07126434100791812,0.06362811615690589,0.06307656783610582,0.05729661602526903
Smarch/m5272c3.dimacs	7.492857760284096,8.056146250106394,6.953427078202367,8.30086071928963,5.828493059612811,8.144290222786367,6.555026448331773,7.5313962758518755,5.757611898239702,6.934745969250798,11.773013446014374,5.7972628506831825,7.379613636061549,7.715728162787855,4.914761216845363,5.77055356791243,6.845346289686859,8.42023718683049,5.600142807234079,6.351932981051505,4.997397398110479,5.223727229051292,7.48531862301752,7.7065171748399734,6.664058743044734,5.756904741749167,6.7473108526319265,6.33940408192575,8.469950939994305,8.720681219361722,5.2342945681884885,4.971278064884245,5.578457722906023,8.137239044997841,5.391521410085261,5.6132285529747605,7.012172074988484,5.855473142117262,6.094684092793614,7.644333626143634,4.611419591121376,6.542991888243705,6.020208577159792,8.345677827019244,5.516769260168076,7.2348656402900815,5.980518435128033,7.195262402761728,7.995476449839771,6.673847957979888
Smarch/olpce2294.dimacs	5.3351232833229005,4.495278285816312,6.947202580049634,6.239558469038457,7.270747866947204,8.249077869113535,5.070951984729618,5.213819121941924,6.147940582130104,8.109503959771246,7.473936626687646,5.228238720912486,4.771145186852664,9.677003787830472,7.2416074108332396,5.553349727299064,6.62118530459702,8.166003849823028,6.5921711111441255,6.208389914594591,5.950702575035393,5.3880825829692185,7.697886895854026,5.7199936509132385,5.508122608996928,5.508388407994062,5.132822499144822,6.642915866803378,5.6985608618706465,11.54211195698008,9.738016555085778,9.472194402012974,4.744888593908399,5.258690170943737,4.778889517765492,5.809733038768172,4.6047808402217925,7.582880726084113,6.512221114244312,5.80124001391232,6.602028131950647,4.837071433197707,7.19804459111765,6.069317881017923,6.05973561713472,7.027496667113155,6.7591432966291904,9.421136965975165,5.577960038091987,4.8469906048849225
Smarch/pati.dimacs	5.151458740234375,3.6980525902472436,5.1112680826336145,6.51858805725351,21.12816832680255,6.883528373669833,5.0134171061217785,8.146908449940383,6.117229716852307,8.327316840179265,5.323829121887684,5.78149773273617,5.01128327101469,9.050212319940329,5.916400501970202,7.917469932697713,5.379739994183183,7.300884514115751,5.248472169041634,5.111300724092871,9.817586615681648,5.592023233883083,5.420523887965828,6.958908633328974,6.54178047273308,5.692172395996749,5.718217712827027,7.057833405211568,7.030433336738497,5.818741740658879,5.718472223263234,5.6561635276302695,8.060399917885661,5.958295600954443,7.301109332125634,4.9483244540169835,4.33697230508551,7.298783123958856,7.506900623906404,8.60429951082915,7.475048128049821,5.632796575780958,7.5475996639579535,7.867360732983798,7.459743771702051,13.345968373119831,6.889415284153074,5.752591439988464,5.539518810808659,6.752360808197409
Smarch/phycore229x.dimacs	8.092862998135388,6.052105534821749,6.2860630340874195,6.234554641880095,5.394559201784432,8.615604847669601,8.142526994924992,7.985047409310937,7.930550541263074,7.539146207738668,7.161183234769851,10.571063953917474,6.237821377348155,6.580140994396061,7.327590176369995,6.161134585738182,4.881695255171508,6.161418269854039,5.440396399702877,6.791346902027726,10.909968233201653,5.222797777038068,5.460612609051168,7.745416793972254,6.097832368686795,6.792715857271105,6.827499853912741,5.713068815879524,5.8908955957740545,10.894497357774526,8.234565041959286,6.978396821767092,6.273393405135721,6.266011144965887,7.272478682920337,9.880020493175834,7.0340940789319575,6.217916818801314,7.627942894119769,5.623007115907967,8.229153451044112,5.171414491720498,14.126204339321703,5.010371889919043,8.268689840100706,11.072089022025466,8.164362122770399,7.726965585723519,5.8850101958960295,5.776663840282708
Smarch/ref4955.dimacs	6.2752966759726405,5.882266408298165,14.196564608253539,6.020006183069199,5.63442810671404,4.432828810065985,5.2878043027594686,5.30810112785548,6.303525656927377,6.566561659332365,6.413227174896747,5.156935195904225,4.8457822422496974,6.180542627815157,6.171017478220165,5.861597261857241,5.72662938805297,5.426001793704927,5.888293876778334,4.871948728337884,8.309429184999317,5.727016631979495,6.682738859206438,5.726386735681444,5.3848625351674855,6.96904313378036,6.605942633934319,4.500275588128716,4.789614074863493,5.422930920962244,4.912029783707112,4.54297530464828,4.475811250973493,6.4791607689112425,7.131993178278208,6.607158924918622,4.217821568716317,5.599428068846464,4.765560789965093,5.502566104289144,5.70350365107879,4.474099660292268,6.185496769845486,6.170983019750565,6.859104843810201,5.9714199071750045,4.990479271393269,6.05076040700078,4.416054494678974,6.861274546012282
Smarch/se77x9.dimacs	8.873809522017837,8.396196075715125,8.837385838851333,10.868375788908452,8.231009591836482,8.44408481195569,11.782225834205747,7.901353604160249,8.906753597781062,9.16226834896952,8.844390412792563,7.243251201231033,10.441139345057309,9.785242802929133,9.211374284233898,10.555067309178412,9.58042002376169,9.525924925226718,14.051747234072536,8.601143999025226,12.043146756011993,10.51683609560132,9.166109101381153,8.94971075374633,7.863769209943712,9.831235062330961,10.076546526979655,10.003842851147056,12.171964643988758,18.77901229308918,10.302240564953536,8.948264048900455,8.256992898881435,8.765094440430403,10.257560776080936,7.7392969080246985,9.161514846142381,9.486692631151527,9.178888460621238,14.174434300977737,9.32315665576607,9.952703509945422,13.278097594156861,10.424653975758702,10.58083433797583,8.827916905283928,8.8661586670205,9.161198272835463,10.108747059945017,8.739807890262455
Smarch/toybox.dimacs	3.011456873267889,3.0180818401277065,3.043011387810111,3.0082650179974735,3.034271815791726,3.0158355347812176,3.0281763430684805,3.0302225071936846,3.0465037561953068,3.010505922138691,3.0775006860494614,3.006114433053881,3.012979432940483,3.005224113818258,3.034495600964874,3.023847871925682,3.036496833898127,3.0045815091580153,3.0038144420832396,2.9903556420467794,3.001678011380136,3.028012604918331,2.9960051337257028,2.977919879835099,3.0466203168034554,2.9861656888388097,3.03813570830971,3.0182104180566967,3.0593973146751523,3.055319239385426,2.9903235118836164,3.049428643193096,3.0124392029829323,3.0163605539128184,3.0362464766949415,3.0121209546923637,3.0042010019533336,3.039539612364024,3.004432626068592,3.061893822159618,2.9973765993490815,3.0065387720242143,3.014895322266966,3.0275461892597377,3.0163575359620154,3.045974764972925,3.0329162469133735,2.9800662780180573,3.030205896589905,2.99571154685691
Smarch/toybox_0_7_5.dimacs	0.2702787849120796,0.2660612859763205,0.26616864604875445,0.2703046421520412,0.2656431212089956,0.26317207980901003,0.26028621289879084,0.2622806248255074,0.25962443510070443,0.26393515709787607,0.2563059269450605,0.26008831104263663,0.2637372179888189,0.26914666360244155,0.26533743599429727,0.26549610681831837,0.26312440168112516,0.2570964861661196,0.27028621500357985,0.2662816350348294,0.271201787982136,0.265861663967371,0.2555425870232284,0.2645801152102649,0.2712553730234504,0.2661493578925729,0.26373884407803416,0.2621994176879525,0.26280659809708595,0.2612682916224003,0.25990990130230784,0.2705104206688702,0.2663233559578657,0.2602816252037883,0.27099819108843803,0.27105838991701603,0.26566064404323697,0.2701811189763248,0.26528940396383405,0.2580083850771189,0.27138564828783274,0.27199216885492206,0.2644823077134788,0.26003499096259475,0.27509468141943216,0.26910356897860765,0.26688746409490705,0.267201735638082,0.2608773121610284,0.26602033292874694
Smarch/uClibc-ng_1_0_29.dimacs	0.8428003839217126,0.886406057048589,0.8953276760876179,0.8818312268704176,0.8974648281000555,0.8203273029066622,0.8642887477762997,0.8759612659923732,0.7931983848102391,0.6701126922853291,0.8046495839953423,0.8536058701574802,0.9860041849315166,0.8013750240206718,0.7720007048919797,0.754530840087682,0.6372824842110276,0.8737886343151331,1.148702742997557,0.7674979600124061,0.6216463572345674,0.8876004298217595,1.061485290993005,0.8148459219373763,0.731111743953079,0.8924130527302623,0.8956364057958126,0.8427797029726207,1.193651860114187,0.9575330293737352,0.8111002040095627,0.6747902831993997,0.8186705368570983,0.8009726949967444,0.9266543528065085,0.8546473979949951,1.0279530612751842,0.8051404170691967,0.9760608407668769,0.9436183562502265,0.882784431334585,0.8568173311650753,0.8101372891105711,0.8813955560326576,0.711344176903367,0.9657767340540886,0.8673384343273938,0.6867829416878521,0.9620814751833677,0.851777695119381
Smarch/uClinux-config.dimacs	61.97126989020035,62.85988407768309,52.91658220626414,62.19060114910826,56.77866331022233,60.708377280738205,70.14185260189697,54.175402695313096,58.100328099913895,60.19469673605636,66.41097929514945,48.705517596099526,67.47293999511749,59.5541276820004,62.831665696110576,49.2963469941169,61.73317531635985,64.71923484979197,69.92960570799187,59.39985741721466,60.988838855177164,58.25179775478318,54.275778573937714,67.68307966412976,59.45907300012186,56.03932674322277,63.39526531333104,53.09224149165675,53.10597834410146,59.72948325518519,61.271324848756194,62.96506258333102,60.39411492925137,60.600873740855604,49.860710714012384,64.22252779314294,57.57489361194894,53.86456993594766,56.146717444993556,61.66057228622958,57.64058041898534,59.272457966115326,63.40732950903475,73.06824228586629,57.63568238215521,55.1862534172833,50.91789739113301,55.00874583795667,59.406246521975845,61.15048745786771
Smarch/uClinux.dimacs	6.002232241909951,5.981033788062632,6.022515180055052,6.003418262116611,5.953379894141108,5.965828252024949,6.034711481072009,6.018624845892191,6.066797012928873,6.015705651603639,5.9966714340262115,6.00529671786353,6.030565543100238,6.032888387329876,6.046056201215833,6.036763295065612,6.05996724171564,6.025569073390216,5.979771351907402,5.978736947290599,5.965127530973405,6.018257294315845,6.008134447969496,6.058171560056508,6.022848022170365,6.026503952220082,6.0287593910470605,5.999384155962616,6.054133905097842,6.0166304288432,6.063087936025113,6.039691856130958,6.045893827918917,6.041197202168405,6.029939107131213,6.0472967671230435,6.058896447066218,6.040814808104187,6.054282126016915,6.034894053824246,6.0480476836673915,5.9726135530509055,5.989329072646797,6.030068338382989,6.026505636051297,6.024706626776606,6.02691845735535,6.040831197984517,6.0388591811060905,6.010045361239463
automotive01/automotive01.dimacs	22.40919447178021,21.21349649084732,17.239579444751143,21.922472613863647,23.72599637787789,22.013391487300396,18.079371397849172,22.569067982956767,22.831082545220852,21.990435174200684,23.766622197814286,20.98602630989626,21.850822990294546,21.69686005404219,23.027615106664598,19.502751766704023,23.208708560094237,19.857665652874857,19.67604992678389,21.424302426166832,19.06510324589908,22.617423032876104,20.340184958186,19.879226434975863,22.111191334202886,21.84331146813929,20.696325190365314,20.575752960983664,18.40492272377014,20.255998314823955,20.117025927174836,26.138583269901574,18.374559162184596,19.98676062375307,21.167356639169157,20.796494929119945,19.65029424102977,21.347916532307863,21.987224092241377,17.630646866746247,23.462850745767355,24.53335205698386,20.854939948767424,22.832586861681193,22.271693558897823,20.5380219980143,15.498992037028074,21.421752887312323,22.811689539812505,23.547808568924665
automotive02/automotive2_4.dimacs	1800,1800,1800,435.3656376739964,1800,1800,1800,1800,1800,1800,1800,1800,475.22801402490586,1800,1800,1800,1800,555.2668871558271,1800,1059.875495296903,1800,1800,1800,1800,1800,1800,1800,1800,226.69155591959134,1800,408.6261242493056,1800,1800,1800,1800,1800,1800,923.684904338792,1800,730.1017183000222,1800,1800,1800,1800,1800,1800,1800,1800,1800,1800
featureide_examples/berkeleydb.dimacs	0.39774375781416893,0.4420992820523679,0.38662710692733526,0.4088136199861765,0.4114828500896692,0.41615312173962593,0.41458792611956596,0.41799069894477725,0.4094627080485225,0.3986862972378731,0.41012564208358526,0.4174399748444557,0.3929415908642113,0.39288710709661245,0.4020397923886776,0.3965816260315478,0.4040028308518231,0.4097333191893995,0.3860177299939096,0.4195530032739043,0.4019521842710674,0.4024495529010892,0.4200813714414835,0.39380441466346383,0.4033596529625356,0.3911677459254861,0.44490571692585945,0.4072165763936937,0.39332239190116525,0.41220432380214334,0.4072371101938188,0.4027038309723139,0.39803398167714477,0.41309357108548284,0.4130593277513981,0.40392966801300645,0.4117645751684904,0.40946207707747817,0.43910915264859796,0.3992174048908055,0.4163778251968324,0.4050888903439045,0.41609972482547164,0.4139674291945994,0.4218836911022663,0.4067992679774761,0.41533661307767034,0.4081732821650803,0.40110793989151716,0.4081267467699945
financial_services/financialServices_2018-05-09.dimacs	11.285659468732774,10.783045943826437,10.54110237583518,11.048527737148106,10.791993652004749,11.136492751073092,11.185141193680465,11.448178669903427,11.475072919391096,10.70244514523074,11.359433355741203,10.237901277840137,10.584205330815166,10.866356980986893,11.385108668357134,10.72775380499661,10.794160543009639,10.99218921083957,10.23871737672016,10.875090688932687,11.022852550726384,10.713941631373018,10.482748285401613,10.660039190668613,10.743730066344142,9.904987750109285,11.157195694744587,10.837739520240575,10.532165683340281,11.17677133437246,10.58743679895997,10.412113853730261,10.038770282175392,10.13629917288199,11.225717404391617,10.538424984086305,10.852919064927846,11.062872841954231,11.170217831153423,10.497600193601102,10.720333889592439,9.818418686743826,10.736074057873338,10.873949154745787,10.916771308053285,10.117224150337279,10.171195575036108,11.286569052841514,10.995690847747028,10.182455430738628
confidential/automotive03/03.dimacs	4.563872420694679,5.317579994909465,4.7599962539970875,4.674200780689716,5.273363817017525,5.387532218825072,5.648863682989031,5.250747402198613,4.940057089086622,4.819137996993959,4.762725524138659,4.172107939142734,5.218513532076031,4.927716324105859,4.612872691825032,4.8436791873537,4.751128650270402,4.675285997800529,4.174498497042805,5.27332880301401,4.199508203193545,4.4481349885463715,4.5190233257599175,4.592961461748928,4.97363719297573,4.718289598356932,4.8302876078523695,5.3958415277302265,4.668091034051031,5.545082124881446,4.849730500020087,4.6946643171831965,4.65770760923624,5.067033508326858,5.04162964830175,4.890889077913016,4.661278237123042,5.2614088649861515,4.715709635987878,5.109715817030519,4.9572040787898,5.429448924027383,5.216691721230745,5.049879716709256,5.368718646001071,5.208752867300063,5.084183919709176,4.7950739548541605,5.072830506134778,4.527864615432918
confidential/automotive03/automotive03a.dimacs	2.222457494121045,2.287096173968166,1.938203709665686,2.076091542840004,2.2610267461277544,2.037002749275416,2.353045233990997,2.23985991301015,2.333567950874567,2.2335449871607125,2.363261213991791,2.2152857701294124,2.238317928276956,2.1069893706589937,2.275219090282917,2.198893785942346,2.0171693451702595,2.106755412183702,2.1903720507398248,2.2457385477609932,2.145270418841392,2.2843679478392005,2.346406521741301,2.1056384798139334,2.299695405177772,2.236086876131594,2.4275165549479425,2.2894601761363447,2.226626940071583,2.0136879961937666,2.1975192171521485,2.1524388706311584,2.323510899208486,2.1799777788110077,1.8601156906224787,2.371848343871534,2.271669833920896,2.2492830930277705,2.156948089133948,2.2965599447488785,2.007558270357549,1.9172180220484734,2.2856187359429896,2.2832313389517367,2.154199765995145,2.2826047921553254,2.144675232935697,2.2558009549975395,2.0867297118529677,2.171318795066327
confidential/automotive03/automotive03b.dimacs	5.773882829584181,4.821070124860853,5.054678755812347,4.564271675888449,5.742294720839709,4.08221009420231,4.996553537901491,4.943410700652748,5.546650278382003,5.628760444931686,5.501397472806275,6.504740819800645,5.1274211360141635,5.705459449905902,5.578545226715505,6.376978901214898,5.962070208974183,5.236228134017438,5.191759996116161,6.225157597102225,6.208925107028335,4.917151995003223,4.535715154837817,5.560308238025755,5.650842990260571,5.792317548766732,4.87497786199674,4.521140398923308,5.499692318029702,5.095299421809614,4.648547091055661,6.322301550768316,6.183838446158916,5.871855089906603,6.249053206294775,6.522939950227737,6.5368722239509225,5.562083716969937,6.374780847225338,6.4397073169238865,6.261415281798691,4.570371745619923,4.510934320744127,4.962133245076984,7.050101411994547,5.5265380665659904,5.858590719755739,5.249712000135332,5.786795666906983,5.792292059864849
confidential/automotive04/04.dimacs	3.506001174915582,3.331139904912561,3.347911724820733,2.758167734835297,3.523101234808564,3.153716266620904,3.4491128213703632,2.630668549798429,3.681155766826123,2.882224019151181,3.671095754019916,2.952480224892497,2.5025113415904343,3.6129848449490964,2.556745291687548,3.222303522285074,3.1378291859291494,3.841595800127834,2.475052442867309,2.8638424817472696,3.779176366981119,3.042651182040572,3.4292451813817024,3.0996980499476194,2.6999947908334434,3.2427626703865826,2.8942815610207617,3.9628157052211463,2.8106233556754887,3.288220071233809,2.8539445349015296,2.76059384085238,3.1886432110331953,2.911910355091095,3.2983297840692103,3.7817003428936005,3.4605979337356985,3.053429984021932,2.9157612938433886,2.7497099940665066,3.722994833253324,2.7532332609407604,3.4148073880933225,3.7408479298464954,3.2215026528574526,3.0859586126171052,3.4522109269164503,3.1215540687553585,3.7185862362384796,3.2311560693196952
confidential/automotive05/05.dimacs	1800,1800,1800,1800,1800,1800,1800,1800,1800,1800,1800,1800,1800,1800,1800,1800,1800,1800,1800,1800,1800,1800,1800,1800,1800,1800,1800,1800,1800,1800,1800,1800,1800,1800,1800,1800,1800,1800,1800,1800,1800,1800,1800,1800,1800,1800,1800,1800,1800,1800
confidential/automotive06/automotive06a.dimacs	2.8592813163995743,2.4585063788108528,2.532757392618805,2.806604820303619,2.6743247751146555,2.761740618851036,2.6377147738821805,2.7176998960785568,2.2463722778484225,2.4632892478257418,2.735239944886416,2.492957946844399,2.8638791567645967,2.944360800087452,2.481322831939906,2.603303377982229,2.6239096438512206,2.5046057323925197,2.605599482078105,2.743085587862879,2.9439590550027788,2.506357191130519,2.68168772989884,2.658425234258175,2.7437951150350273,2.604204247239977,2.7001621397212148,2.801197328604758,2.3967924788594246,2.5355311958119273,2.772557423915714,2.580956084653735,2.5004046419635415,2.5466832173988223,2.343320482876152,2.4978291210718453,2.3213892648927867,2.7629200951196253,2.3764239586889744,2.6407502819783986,2.484428009018302,2.6300104479305446,2.399251474067569,2.969216922763735,2.2753762202337384,2.661410612054169,2.5483303759247065,2.6249363436363637,2.5788922128267586,2.5757657350040972
confidential/automotive06/automotive06b.dimacs	7.493357932195067,6.625567211769521,7.192873486317694,5.979998082388192,6.717151795979589,6.692787935957313,6.322697507217526,6.225288541056216,6.732907072175294,6.810998163186014,5.8706667721271515,6.906763907987624,7.595295154955238,6.97562501905486,6.544268359895796,6.409413544926792,6.727941632270813,4.8527598339132965,5.928725926205516,7.39204074209556,6.921312224119902,5.516766456887126,7.699981828220189,6.370287138037384,6.191777321044356,6.879732131958008,6.609188777860254,6.4813702162355185,5.503762637730688,7.070176053792238,6.709045732859522,6.728284300304949,6.81016512028873,5.054088811855763,7.3938207710161805,6.743052179925144,7.464417345356196,8.188717585988343,6.602968653663993,6.58157181320712,6.614924885332584,6.1106579611077905,6.35174003476277,5.608447419013828,6.212258571293205,7.145078375004232,6.795159273315221,6.9748413120396435,6.313371966127306,5.8995448388159275
confidential/automotive07/automotive07a.dimacs	3.984635570086539,4.22605996299535,4.348271165043116,3.9583997447043657,4.385206732898951,4.313792153261602,4.028371301013976,4.056669439654797,4.194619090296328,4.014518429059535,4.223242353647947,4.75738126412034,4.270279220305383,4.082896877080202,4.10396106634289,3.8197323670610785,4.103557555004954,3.9743258343078196,4.239164908416569,4.122911606915295,3.943963759113103,4.264686649199575,4.118006769102067,4.158662057947367,3.9127484508790076,3.976624188013375,4.31837240094319,3.829436625353992,3.9844468999654055,4.301080885808915,4.5697398679330945,3.913168658968061,4.051267991773784,4.0394526440650225,4.051352308131754,3.90229588188231,3.9359754230827093,4.59953604079783,4.053494096267968,4.232768142130226,3.997690492775291,3.938314105849713,3.7660226770676672,4.493155984673649,3.943322978913784,4.336590419057757,4.18312400765717,4.027339196763933,3.518903355114162,4.043148251250386
confidential/automotive07/automotive07b.dimacs	299.96376885380596,1051.0079659628682,717.4379050978459,180.71280702389777,1114.9819096052088,278.54389972332865,180.89879648108035,426.3625444541685,318.4646478309296,268.04894710471854,107.92066858103499,501.4548753411509,796.4212174769491,347.77458978118375,372.8905340540223,163.3537687198259,318.8098410917446,138.99209410510957,306.51611325796694,276.8030174658634,246.73725040024146,100.5469048479572,183.99271911289543,425.863420705311,143.49069659598172,123.35990022681653,207.43752155872062,674.0361203448847,423.80075220391154,250.28520749835297,194.40416316175833,246.79595311824232,328.61555599886924,83.17695469921455,136.08064628811553,202.86002615420148,136.5998268299736,224.1640205127187,453.1540584648028,720.0749375950545,120.08253548294306,143.76017499295995,1106.9427008121274,506.701756447088,313.978292056825,103.04212507093325,145.31797068892047,221.34067849023268,164.18038246035576,452.31961639923975
