Model,C2d-avg,C2d-med,C2d-stdev
CDL/am31_sim.dimacs,5.25172988338396,5.08802424510941,0.833208034701351
CDL/ea2468.dimacs,7.15464048581198,6.72782209538855,1.74839470972516
CDL/p2106.dimacs,5.67549043441191,5.58154147630557,0.827152094208654
KConfig/axTLS.dimacs,0.460176367787644,0.459712672512978,0.007965188963829
KConfig/busybox-1.18.0.dimacs,2.22897216368467,2.22839489206672,0.154213048235285
KConfig/embtoolkit.dimacs,8.85213735320605,8.78940023900941,0.525663636110099
KConfig/linux-2.6.33.3.dimacs,1800,1800,0
KConfig/uClibc.dimacs,1.5583281384781,1.55268931784667,0.123216508429911
KConfig/uClinux-base.dimacs,2.00467007744126,2.03524415800348,0.266125556186461
KConfig/uClinux-distribution.dimacs,5.25936735986732,5.26918737590313,0.043255480210236
Smarch/2.6.28.6-icse11.dimacs,1800,1800,0
Smarch/2.6.32-2var.dimacs,1800,1800,0
Smarch/2.6.33.3-2var.dimacs,1800,1800,0
Smarch/7z.dimacs,0.232909667445347,0.238483864581212,0.025377679643722
Smarch/BerkeleyDBC.dimacs,0.067863219985738,0.066384543199092,0.007289677456993
Smarch/Dune.dimacs,0.053491422049701,0.05373720638454,0.007443380265255
Smarch/HiPAcc.dimacs,0.232414204636589,0.232205192558467,0.009668122684068
Smarch/JHipster.dimacs,0.287420990569517,0.287568312836811,0.009133300009023
Smarch/JavaGC.dimacs,0.287704268889502,0.287900721654296,0.003861988208362
Smarch/LLVM.dimacs,0.009189202832058,0.009542943211272,0.002101943817857
Smarch/Polly.dimacs,0.285691107660532,0.284718374023214,0.005956203555872
Smarch/VP9.dimacs,0.316461677085608,0.315572126535699,0.008239303614822
Smarch/X264.dimacs,0.035053343130276,0.035353925311938,0.004860830105602
Smarch/adderII.dimacs,5.69752368161455,5.2308143065311,1.42621280701651
Smarch/at91sam7sek.dimacs,5.83166626028717,5.7157345819287,1.23391123800996
Smarch/axTLS.dimacs,4.38352580025792,4.37234511459246,0.267384732793838
Smarch/axtls_2_1_4.dimacs,0.529197247317061,0.527229355415329,0.009908782990847
Smarch/buildroot.dimacs,1800,1800,0
Smarch/busybox-1.18.0.dimacs,38.8479358043801,38.1384657402523,3.11393868448181
Smarch/busybox_1_28_0.dimacs,1.9430937314406,1.95886570983566,0.131245811092448
Smarch/ecos-icse11.dimacs,7.0842967732437,6.77888829936273,1.16514346448622
Smarch/embtoolkit.dimacs,1504.8056848493,1800,450.619953850868
Smarch/fiasco.dimacs,8.1796815623343,8.20258505106904,0.794352103286768
Smarch/fiasco_17_10.dimacs,1.20002945722081,1.20915787876584,0.109093812826077
Smarch/freebsd-icse11.dimacs,1800,1800,0
Smarch/freetz.dimacs,1800,1800,0
Smarch/integrator_arm9.dimacs,10.6417333646026,9.59129250538535,4.11584637747797
Smarch/lrzip.dimacs,0.060889957798645,0.06014115572907,0.007377866529035
Smarch/m5272c3.dimacs,6.75768878321163,6.66895335051231,1.32395355097043
Smarch/olpce2294.dimacs,6.48208567500114,6.10862923157401,1.55122226438628
Smarch/pati.dimacs,6.86874744418077,6.31790888705291,2.60784247899696
Smarch/phycore229x.dimacs,7.23961738199927,6.81010785559192,1.84908688942389
Smarch/ref4955.dimacs,5.88970563840121,5.72682301001623,1.47376662541453
Smarch/se77x9.dimacs,9.88359185182489,9.26726546999998,1.96133126971687
Smarch/toybox.dimacs,3.02047562876716,3.01635904493742,0.022123486244738
Smarch/toybox_0_7_5.dimacs,0.265211221482605,0.265569614013657,0.004563688957211
Smarch/uClibc-ng_1_0_29.dimacs,0.856834092009813,0.855732364580035,0.114694943953497
Smarch/uClinux-config.dimacs,59.5473452533968,59.6418054685928,5.37814149244026
Smarch/uClinux.dimacs,6.02236805462279,6.02671204670332,0.027682262090554
automotive01/automotive01.dimacs,21.1950300625805,21.3848347098101,1.98572503034183
automotive02/automotive2_4.dimacs,1608.29680673919,1800,456.265185364803
featureide_examples/berkeleydb.dimacs,0.408320120535791,0.408150014467537,0.012313557229815
financial_services/financialServices_2018-05-09.dimacs,10.7606360676792,10.7875197979156,0.414544365657255
confidential/automotive03/03.dimacs,4.91196964071132,4.87030978896655,0.348164995182553
confidential/automotive03/automotive03a.dimacs,2.19926967428997,2.23008596361615,0.123040062124176
confidential/automotive03/automotive03b.dimacs,5.55001554196701,5.57031447184272,0.673366321656353
confidential/automotive04/04.dimacs,3.1957316455245,3.20507293194532,0.387353287384797
confidential/automotive05/05.dimacs,1800,1800,0
confidential/automotive06/automotive06a.dimacs,2.60839041288011,2.60490186465904,0.170059151821917
confidential/automotive06/automotive06b.dimacs,6.59087280717678,6.65917757386342,0.652557520946018
confidential/automotive07/automotive07a.dimacs,4.11225375705399,4.05508176796138,0.224081435878355
confidential/automotive07/automotive07b.dimacs,339.010055624647,259.167077301536,256.96027594307
