CDL/am31_sim.dimacs	2.9935179157182574,2.9544525179080665,2.841587378177792,2.9038372160866857,2.854673936031759,2.808415229897946,2.8747347528114915,2.9250652277842164,2.863488463219255,2.8152681859210134,2.89528773073107,2.8932003057561815,2.8837250410579145,2.8847132017835975,2.865760732907802,2.8584632109850645,2.7980128969065845,2.836447723209858,2.8691430389881134,2.8750116052106023,2.8505134056322277,2.785001097712666,2.879982009064406,2.877064031083137,2.8661892376840115,2.9580929800868034,2.7872389601543546,2.825622037053108,2.7956212400458753,2.906836261972785,2.847728750668466,2.839001572225243,2.834900359157473,2.9128431687131524,2.763619160745293,2.9719646708108485,2.80316666001454,2.8627414708025753,2.810208586975932,2.8673659623600543,2.8317452520132065,2.88869875529781,2.8717791279777884,2.8751251436769962,2.9104516957886517,2.8305163220502436,2.8035664441995323,2.8862645509652793,2.8685637428425252,2.918948860373348
CDL/ea2468.dimacs	8.17493044724688,8.174320730846375,8.331695193424821,8.393569127190858,8.175111333839595,8.031706403940916,8.307583996094763,8.083005532622337,8.319850303698331,8.180084086023271,8.461233529262245,8.180348212830722,8.257585384882987,8.142876433208585,8.1884676059708,8.0784155218862,7.9966363101266325,8.349636972416192,8.424835726618767,8.298198577016592,8.157585227862,8.185900600161403,8.293089913669974,8.145265297964215,8.004123975057155,8.165210933890194,8.024926197249442,8.267260182183236,8.178485058248043,8.122720090672374,8.12792344763875,8.448479813989252,8.391478626988828,8.17926904791966,8.152390260715038,8.085727236233652,7.930984833743423,8.02395804785192,8.179870901163667,8.124758633319288,8.218449583277106,8.186680507846177,8.408205315936357,8.05422947742045,7.988991733640432,8.27601291704923,8.324306763708591,8.160546800121665,8.12730765203014,8.228218410164118
CDL/p2106.dimacs	7.018449833150953,6.708914408925921,6.948956790845841,6.947218935936689,6.976861886214465,6.9429680169560015,6.911724342033267,6.910072340164334,6.928264403250068,6.933356334920973,6.87476921081543,6.837314163334668,6.876347327139229,6.963872354011983,6.878594750072807,6.975074203219265,6.999384358059615,6.970981257967651,6.902094576973468,6.814007144887,6.859312701039016,6.938063299749047,6.674363028258085,7.123510519042611,6.976944567635655,6.780095787718892,6.804439620114863,6.888429346960038,6.750853853765875,6.814798845909536,6.79578470159322,6.92438381863758,6.76343637611717,6.863608703948557,6.83871435187757,6.97130993520841,6.892830941360444,6.804865506011993,6.91521478863433,6.867856158874929,6.959312092978507,6.756709977984428,6.881999756209552,6.917147460859269,7.0106559712439775,6.885874453000724,6.904442295897752,6.883729591965675,6.762924053706229,6.947731751948595
KConfig/axTLS.dimacs	0.024138303939253092,0.023915174417197704,0.023214885033667088,0.020697890780866146,0.023609789088368416,0.02314219204708934,0.024470489006489515,0.01713312277570367,0.025418502278625965,0.02235137391835451,0.014317877124994993,0.02470073662698269,0.01879234192892909,0.015259181149303913,0.022854431066662073,0.017247752752155066,0.014487499836832285,0.014529610984027386,0.016140179708600044,0.01512190094217658,0.016686283983290195,0.022796895820647478,0.01922924490645528,0.017876907251775265,0.022459120955318213,0.023636438883841038,0.023417698685079813,0.02290504891425371,0.022816665936261415,0.020525839645415545,0.023395209107548,0.02008141204714775,0.01815514313057065,0.02351184096187353,0.016469762194901705,0.022056319285184145,0.02216180507093668,0.017211873084306717,0.01854431862011552,0.023498422000557184,0.016623983159661293,0.021348321810364723,0.022861663717776537,0.02166218776255846,0.022613069973886013,0.02086258213967085,0.017134116031229496,0.02418300276622176,0.01786266313865781,0.02028666716068983
KConfig/busybox-1.18.0.dimacs	0.03023816179484129,0.02664661593735218,0.028238605707883835,0.027963981963694096,0.03901910362765193,0.035557952243834734,0.02849441021680832,0.040204792749136686,0.03507569897919893,0.028039501048624516,0.04010898107662797,0.035143577959388494,0.028226095717400312,0.03911153972148895,0.0355358081869781,0.028170634992420673,0.04024273483082652,0.035253430251032114,0.02824249304831028,0.038542776834219694,0.03351643215864897,0.029040315188467503,0.029994572047144175,0.030471801292151213,0.03485281206667423,0.03636294510215521,0.036541246343404055,0.036583419889211655,0.03422744618728757,0.03552244370803237,0.03419534815475345,0.03740109270438552,0.036423979327082634,0.03376318700611591,0.03942001797258854,0.033706781920045614,0.03424725588411093,0.039881303906440735,0.037714761681854725,0.03549506375566125,0.03582092002034187,0.03550792811438441,0.03378870710730553,0.038812894839793444,0.03374860621988773,0.03853342682123184,0.03548824414610863,0.03306078305467963,0.03951951116323471,0.040036062244325876
KConfig/embtoolkit.dimacs	0.09775509405881166,0.1001649429090321,0.10253824200481176,0.10332557838410139,0.10239069489762187,0.10307687008753419,0.10039779031649232,0.09879610175266862,0.09887996129691601,0.1036736466921866,0.10318052303045988,0.10004629706963897,0.09833989571779966,0.0981214502826333,0.09850207390263677,0.09863143367692828,0.09844028623774648,0.09744256688281894,0.0982583612203598,0.09857983561232686,0.09864018484950066,0.09891728917136788,0.09786824323236942,0.09844990586861968,0.09872154286131263,0.1033055279403925,0.09971584286540747,0.10278812004253268,0.10265641426667571,0.10098997503519058,0.09868481522426009,0.10363984387367964,0.10399714717641473,0.09997068392112851,0.10342528810724616,0.10304698115214705,0.10001470101997256,0.09850313700735569,0.09883401868864894,0.10454390523955226,0.10219595488160849,0.1003115763887763,0.09854880394414067,0.10433928621932864,0.1033826470375061,0.10003853589296341,0.10409759357571602,0.10351063078269362,0.09958854597061872,0.10402756882831454
KConfig/linux-2.6.33.3.dimacs	1800,1800,1800,1800,1800,1800,1800,1800,1800,1800,1800,1800,1800,1800,1800,1800,1800,1800,1800,1800,1800,1800,1800,1800,1800,1800,1800,1800,1800,1800,1800,1800,1800,1800,1800,1800,1800,1800,1800,1800,1800,1800,1800,1800,1800,1800,1800,1800,1800,1800
KConfig/uClibc.dimacs	0.0328565570525825,0.04319878062233329,0.043424664065241814,0.042950369883328676,0.04480857215821743,0.038886357098817825,0.04322297777980566,0.04296451434493065,0.03912145784124732,0.03715211618691683,0.03720171703025699,0.03350199107080698,0.04241924174129963,0.03737276513129473,0.030502724926918745,0.03243210492655635,0.03164340602234006,0.029455322306603193,0.029759402852505445,0.029568985104560852,0.04226441774517298,0.03338013822212815,0.0314927757717669,0.04040252882987261,0.03557515935972333,0.04489337978884578,0.043891153298318386,0.04334995010867715,0.04239081032574177,0.04359828494489193,0.042704715859144926,0.05122252181172371,0.04523504571989179,0.04332129703834653,0.04156296094879508,0.0346628837287426,0.043176157400012016,0.039302811957895756,0.042379920836538076,0.03897515032440424,0.037555763963609934,0.03782668802887201,0.03806448495015502,0.03767758375033736,0.037808767054229975,0.04285100707784295,0.0432837987318635,0.039088236168026924,0.037756348960101604,0.03745875786989927
KConfig/uClinux-base.dimacs	0.06807644898071885,0.06945981085300446,0.08993372321128845,0.07219804869964719,0.06882065301761031,0.09049147833138704,0.07199125783517957,0.06925863493233919,0.09120094822719693,0.07237624796107411,0.06652281526476145,0.06919577345252037,0.0690896469168365,0.08997980086132884,0.07195543684065342,0.06934273662045598,0.09071567095816135,0.07267559599131346,0.0668510883115232,0.0689390730112791,0.06660503102466464,0.06905795866623521,0.06924571702256799,0.09158859495073557,0.0727174743078649,0.08567313570529222,0.08559932792559266,0.09063044702634215,0.09024848928675056,0.09075798001140356,0.09109482262283564,0.08646909473463893,0.0868994239717722,0.09177620196714997,0.08750896621495485,0.09024783689528704,0.08714004419744015,0.08962231175974011,0.08917962294071913,0.08755323197692633,0.08573109516873956,0.08634265791624784,0.08614140935242176,0.0857613761909306,0.08655682671815157,0.08620226010680199,0.08665924379602075,0.08612211933359504,0.08654331602156162,0.08593108737841249
KConfig/uClinux-distribution.dimacs	0.03097106097266078,0.04381366726011038,0.037274803034961224,0.04376615025103092,0.03803659277036786,0.03392409021034837,0.032973540015518665,0.03364788508042693,0.033519175834953785,0.03219432709738612,0.04291039891541004,0.036873981822282076,0.031174195930361748,0.030662898905575275,0.04366391710937023,0.03849773667752743,0.03455446707084775,0.0329552018083632,0.04430990153923631,0.03685181774199009,0.04400853393599391,0.03700078185647726,0.042413128074258566,0.0432477630674839,0.039827169850468636,0.04081693710759282,0.043422932736575603,0.04324443684890866,0.04069302836433053,0.043792587239295244,0.04474186897277832,0.04450081894174218,0.044612649362534285,0.04216472106054425,0.04283874621614814,0.03987336717545986,0.03869618894532323,0.040012989193201065,0.04273137031123042,0.04470167076215148,0.04062633169814944,0.03977385815232992,0.040786738973110914,0.03903274470940232,0.04094394436106086,0.044112429022789,0.044508800376206636,0.04000862082466483,0.03978829924017191,0.04058541031554341
Smarch/2.6.28.6-icse11.dimacs	1800,1800,1800,1800,1800,1800,1800,1800,1800,1800,1800,1800,1800,1800,1800,1800,1800,1800,1800,1800,1800,1800,1800,1800,1800,1800,1800,1800,1800,1800,1800,1800,1800,1800,1800,1800,1800,1800,1800,1800,1800,1800,1800,1800,1800,1800,1800,1800,1800,1800
Smarch/2.6.32-2var.dimacs	1800,1800,1800,1800,1800,1800,1800,1800,1800,1800,1800,1800,1800,1800,1800,1800,1800,1800,1800,1800,1800,1800,1800,1800,1800,1800,1800,1800,1800,1800,1800,1800,1800,1800,1800,1800,1800,1800,1800,1800,1800,1800,1800,1800,1800,1800,1800,1800,1800,1800
Smarch/2.6.33.3-2var.dimacs	1800,1800,1800,1800,1800,1800,1800,1800,1800,1800,1800,1800,1800,1800,1800,1800,1800,1800,1800,1800,1800,1800,1800,1800,1800,1800,1800,1800,1800,1800,1800,1800,1800,1800,1800,1800,1800,1800,1800,1800,1800,1800,1800,1800,1800,1800,1800,1800,1800,1800
Smarch/7z.dimacs	0.024180974811315536,0.02219425980001688,0.022260434925556183,0.017283498775213957,0.022547312080860138,0.026574608869850636,0.021166065242141485,0.021601515356451273,0.020945128984749317,0.018199054058641195,0.022083713207393885,0.018402814865112305,0.016285583842545748,0.015356517862528563,0.021605366840958595,0.015349857974797487,0.020925188437104225,0.021702481899410486,0.015814445912837982,0.015650894958525896,0.03655801713466644,0.02237918507307768,0.015559424180537462,0.01737887877970934,0.03346441872417927,0.022523844614624977,0.015567272901535034,0.022452199831604958,0.02232432970777154,0.022284624632447958,0.022543408907949924,0.022400551941245794,0.02262773411348462,0.020909470971673727,0.020995832979679108,0.018653057981282473,0.01731686480343342,0.017307701986283064,0.02051064930856228,0.01895614294335246,0.01611892180517316,0.01723870262503624,0.015938269905745983,0.017107805237174034,0.020941222086548805,0.021704395301640034,0.021033331286162138,0.020416634157299995,0.02119388524442911,0.014041179791092873
Smarch/BerkeleyDBC.dimacs	0.016338633373379707,0.019396827556192875,0.017630023881793022,0.019404033198952675,0.01796623505651951,0.01464359974488616,0.012605840340256691,0.013990940060466528,0.014940313063561916,0.013484281953424215,0.030637450981885195,0.019844485446810722,0.01953954016789794,0.018785065039992332,0.01604206208139658,0.016856697853654623,0.016231765039265156,0.016480271238833666,0.016066655982285738,0.01591588230803609,0.019241399131715298,0.017195245251059532,0.019299199804663658,0.017244560178369284,0.01633761916309595,0.015129694249480963,0.013943369966000319,0.01799518894404173,0.01665711309760809,0.015042155049741268,0.013537554070353508,0.013228368014097214,0.014352116268128157,0.013464370742440224,0.01866747485473752,0.01784712029621005,0.01327723590657115,0.0140925832092762,0.01419690903276205,0.012103824876248837,0.013516100123524666,0.014507737010717392,0.013339725323021412,0.013329587876796722,0.01866860594600439,0.016916506923735142,0.014965523965656757,0.013695254921913147,0.019218990113586187,0.015481628011912107
Smarch/Dune.dimacs	0.015911018941551447,0.015452661085873842,0.019252671860158443,0.01921338075771928,0.016964830923825502,0.019437666982412338,0.019530604127794504,0.01662653684616089,0.016175537835806608,0.016371391713619232,0.02113742521032691,0.018406041897833347,0.01627970300614834,0.01601976901292801,0.016316197346895933,0.015123514924198389,0.016750039998441935,0.015318826772272587,0.01492167729884386,0.015635012183338404,0.015028128866106272,0.014446333050727844,0.014756973832845688,0.0153148272074759,0.019584088120609522,0.02007603319361806,0.015545978676527739,0.013921224977821112,0.013239792082458735,0.01393961813300848,0.013470211997628212,0.01867265487089753,0.019378512166440487,0.01982445130124688,0.01551674772053957,0.018605737015604973,0.017522300593554974,0.013459335081279278,0.014234970789402723,0.014269260223954916,0.019736187998205423,0.012161699123680592,0.018094073049724102,0.015559432562440634,0.015302842017263174,0.0134952194057405,0.013509833253920078,0.018592935986816883,0.01560296444222331,0.015074468683451414
Smarch/HiPAcc.dimacs	0.02104175789281726,0.0222931238822639,0.01876903884112835,0.015901389997452497,0.01751935388892889,0.01693696202710271,0.02172067342326045,0.019852107856422663,0.02231946401298046,0.02128147194162011,0.01740640914067626,0.01712782308459282,0.017481116112321615,0.021586086601018906,0.019871197175234556,0.017315048724412918,0.017213283106684685,0.017057837918400764,0.017805152107030153,0.02154933288693428,0.01852827100083232,0.01688294718042016,0.017100092954933643,0.016500326804816723,0.017449489794671535,0.015184531919658184,0.0165089163929224,0.015435658860951662,0.016516033094376326,0.01829166803508997,0.020527513697743416,0.020210639107972383,0.020450034644454718,0.017726382706314325,0.014294858556240797,0.017719156108796597,0.022131926845759153,0.019383818842470646,0.016978094819933176,0.020601042080670595,0.020343319047242403,0.02056908095255494,0.017918027006089687,0.015426170080900192,0.016163697000592947,0.020261296071112156,0.019690109882503748,0.01676284894347191,0.015070403926074505,0.015966130886226892
Smarch/JHipster.dimacs	0.01853659888729453,0.01893792999908328,0.01792583428323269,0.017576738260686398,0.018509401939809322,0.01773816579952836,0.01910342602059245,0.01951536675915122,0.018102905247360468,0.017598246689885855,0.018175206147134304,0.017407230101525784,0.022108017932623625,0.021045865025371313,0.019006717018783092,0.017905385699123144,0.017320118844509125,0.018102864269167185,0.01750097330659628,0.0220199478790164,0.021177751012146473,0.018999118357896805,0.01782370312139392,0.017123816069215536,0.018466063775122166,0.021246776916086674,0.019726297818124294,0.020910803694278002,0.01938001811504364,0.020283632911741734,0.01907874085009098,0.016945604234933853,0.014885373879224062,0.017193465027958155,0.019993359223008156,0.01917338278144598,0.020751922857016325,0.02091745426878333,0.02003184612840414,0.022441572975367308,0.017825891729444265,0.018183518666774035,0.018954835832118988,0.019864796195179224,0.017625303007662296,0.014915254898369312,0.017281318083405495,0.019104890059679747,0.019676586147397757,0.016841334756463766
Smarch/JavaGC.dimacs	0.01898482209071517,0.01938420906662941,0.01994118792936206,0.019366657827049494,0.018410034012049437,0.01927359774708748,0.020095482002943754,0.017696806229650974,0.023489213082939386,0.0214205258525908,0.022815341129899025,0.021550693083554506,0.01820925995707512,0.020740003790706396,0.019860145170241594,0.022838823031634092,0.020701568573713303,0.0182737959548831,0.019027777016162872,0.019867333117872477,0.02158322697505355,0.02115862211212516,0.019763717893511057,0.019824613351374865,0.01942584663629532,0.016114094760268927,0.017327894922345877,0.01750567927956581,0.022061876021325588,0.02107314206659794,0.01759026199579239,0.01824581390246749,0.01750162709504366,0.01813984801992774,0.02220636699348688,0.019394299015402794,0.017383242957293987,0.022086362820118666,0.022435456048697233,0.0190745173022151,0.017189237754791975,0.01790088415145874,0.018074750900268555,0.018832156900316477,0.0228120987303555,0.01690129702910781,0.01813196111470461,0.017283018212765455,0.02056560479104519,0.020422058179974556
Smarch/LLVM.dimacs	0.014655361883342266,0.014093743171542883,0.014791757799685001,0.014950003009289503,0.01581804407760501,0.014704253058880568,0.01632417319342494,0.014849362894892693,0.014347255695611238,0.014236832968890667,0.014107866678386927,0.015016206074506044,0.015767942182719707,0.014606299810111523,0.014735611155629158,0.015149962157011032,0.01468099607154727,0.01554427295923233,0.01401250809431076,0.015022444073110819,0.019749210216104984,0.019200647249817848,0.01570991799235344,0.016060723923146725,0.017484216950833797,0.013767060823738575,0.01828516600653529,0.015158092137426138,0.014960726723074913,0.013320315163582563,0.0182747351936996,0.016634786035865545,0.013686807826161385,0.0143953338265419,0.013659483753144741,0.012738904915750027,0.013700675219297409,0.01363746915012598,0.01954689109697938,0.011967466212809086,0.018251344095915556,0.01581673976033926,0.015127803664654493,0.013134679291397333,0.01896682707592845,0.016433340031653643,0.019017574843019247,0.018674098886549473,0.017375492956489325,0.015098916832357645
Smarch/Polly.dimacs	0.0227698958478868,0.02331589814275503,0.02188535640016198,0.0184629219584167,0.01953137293457985,0.01946304179728031,0.01800875784829259,0.01944754086434841,0.01917410735040903,0.023129450157284737,0.022016558330506086,0.01683494681492448,0.01770714297890663,0.019040366169065237,0.01899079605937004,0.019507763907313347,0.018180896993726492,0.024710440076887608,0.021774108987301588,0.019297901075333357,0.018125168979167938,0.023779334034770727,0.022670346312224865,0.022885309997946024,0.023045666981488466,0.017367518972605467,0.01900868769735098,0.022622787859290838,0.01629104884341359,0.0173277179710567,0.022186785005033016,0.02048980863764882,0.01809306303039193,0.017831505741924047,0.02351492503657937,0.01817436423152685,0.018378314096480608,0.016960938926786184,0.022064120043069124,0.02185210306197405,0.01931138290092349,0.022440775763243437,0.019238107837736607,0.017575919162482023,0.022034832276403904,0.021778051275759935,0.01883784495294094,0.021522553637623787,0.019610544200986624,0.01970823435112834
Smarch/VP9.dimacs	0.019949868321418762,0.02353448374196887,0.023770073894411325,0.01959396805614233,0.020531360991299152,0.019175509922206402,0.01831918628886342,0.01914354506880045,0.020129050128161907,0.01879898039624095,0.018371017649769783,0.0198597963899374,0.02032347209751606,0.018742437940090895,0.018507694825530052,0.02015035692602396,0.019746264908462763,0.023267413023859262,0.02029252704232931,0.018189017195254564,0.018124292138963938,0.020355123095214367,0.01776666520163417,0.023383126128464937,0.02146680001169443,0.021137161180377007,0.021895593963563442,0.021911204792559147,0.01952330907806754,0.016355787869542837,0.01723855920135975,0.017577594611793756,0.02159800985828042,0.020633768755942583,0.018411031924188137,0.018346839118748903,0.017157896421849728,0.02387847611680627,0.021833026316016912,0.019110728055238724,0.01811432372778654,0.01710124034434557,0.02338318293914199,0.021878846921026707,0.01824620133265853,0.016502002254128456,0.017267863731831312,0.017551153898239136,0.023629153613001108,0.020645292941480875
Smarch/X264.dimacs	0.013818067032843828,0.019631273113191128,0.01639724476262927,0.015378932002931833,0.01946310233324766,0.02075583813712001,0.016414917074143887,0.015908938366919756,0.016086018178611994,0.019405673258006573,0.018697381019592285,0.017015447840094566,0.018810824025422335,0.019189682323485613,0.020257122814655304,0.015414973255246878,0.019509012810885906,0.018941619899123907,0.014841395430266857,0.01618541916832328,0.01732998015359044,0.017163622193038464,0.020640349946916103,0.01951671577990055,0.020188915077596903,0.019285222981125116,0.017293637618422508,0.017387006897479296,0.01749959634616971,0.01385454274713993,0.014608986675739288,0.013346469029784203,0.018163487780839205,0.017203394789248705,0.01485747704282403,0.013560874853283167,0.013436764013022184,0.014083086047321558,0.014599400106817484,0.01451107393950224,0.014703638851642609,0.01311617624014616,0.018438431899994612,0.016795452684164047,0.014255110174417496,0.014476526994258165,0.013081226032227278,0.012298175133764744,0.0138154411688447,0.014583039097487926
Smarch/adderII.dimacs	22.032111583743244,21.859016543254256,22.145268426276743,21.918155807070434,21.876139786094427,22.409877616912127,22.103851178195328,22.084272333886474,21.887671052012593,21.605335155967623,22.027270507067442,21.786946210078895,22.061721078585833,22.12303290469572,21.793170225806534,22.280466370284557,21.41907261684537,21.715448820963502,22.139810156077147,22.01127921883017,22.038234375882894,22.002731033135206,21.90917495638132,21.487322496250272,21.981500959023833,22.511716024018824,21.954443245194852,22.139372881967574,21.675489030312747,21.817883637268096,21.676400042138994,21.816266933921725,21.69029947835952,21.919100197032094,21.771896828897297,21.614513930864632,21.637546136043966,21.815516073722392,21.541816249024123,21.669707187917084,21.549760676920414,22.093615564052016,21.72419775975868,22.071866364218295,21.697205011267215,21.71745402785018,21.662820847239345,21.673155365977436,21.960133240092546,21.99117845809087
Smarch/at91sam7sek.dimacs	5.372633941005915,5.337626449763775,5.436386191751808,5.2711400939151645,5.344967151992023,5.125339397229254,5.147972614970058,5.31991035817191,5.385074362158775,4.97335365973413,5.509224198292941,5.438159239944071,5.3885879861190915,5.200511303264648,5.41672551818192,5.24097735574469,5.226443379186094,5.275119062978774,5.353349436074495,5.545495237223804,5.734712226781994,5.532905858010054,5.5046385591849685,5.215341697447002,5.441144164185971,5.274643972050399,5.534837366081774,5.103327475022525,5.723521392792463,5.420477993320674,5.113500826060772,5.119124093092978,5.308871248736978,5.518497342243791,5.475716772954911,5.71996522275731,5.323110900819302,5.362532681785524,5.7081805798225105,5.433659096248448,5.262253730092198,5.1805602591484785,5.415055602323264,5.685664770193398,5.591235833242536,5.639892190229148,5.142689639236778,5.335058677010238,5.652320924215019,5.469630803912878
Smarch/axTLS.dimacs	0.05938952509313822,0.05852746684104204,0.0482623940333724,0.057708587031811476,0.05933828977867961,0.058020160999149084,0.049119509756565094,0.05683871917426586,0.05289394594728947,0.052216390147805214,0.0474986769258976,0.05680443067103624,0.047959604766219854,0.05742842797189951,0.05223598424345255,0.047053923830389977,0.056746646761894226,0.04677136708050966,0.05733640165999532,0.056836505420506,0.053618201054632664,0.04697706177830696,0.05895640701055527,0.0518839037977159,0.053548666182905436,0.05889728292822838,0.05783295212313533,0.058329413179308176,0.05872364575043321,0.05921955872327089,0.05872238567098975,0.05885564023628831,0.056869832798838615,0.05702568404376507,0.05770493298768997,0.06248936429619789,0.04714957997202873,0.043890043161809444,0.05697927623987198,0.05253505287691951,0.056257582269608974,0.04805349884554744,0.054871759843081236,0.04688390716910362,0.04079330759122968,0.04215190792456269,0.0414995807223022,0.042545823846012354,0.0412598242983222,0.03903616592288017
Smarch/axtls_2_1_4.dimacs	0.020784166175872087,0.02012580819427967,0.019766727928072214,0.02249943558126688,0.02197302784770727,0.024048160761594772,0.021062590647488832,0.023846128955483437,0.021887233015149832,0.019439843948930502,0.019614838995039463,0.019791855942457914,0.018158827908337116,0.021616431884467602,0.02055414253845811,0.02084927400574088,0.02376850415021181,0.021326669957488775,0.022623895667493343,0.021995048969984055,0.02167924353852868,0.021699431352317333,0.018349767196923494,0.018567719031125307,0.018692713230848312,0.024243930354714394,0.023097681812942028,0.0245897164568305,0.022249735891819,0.018029906786978245,0.023866619914770126,0.019643640145659447,0.023377027362585068,0.01945981290191412,0.02004882600158453,0.018557365983724594,0.024371937848627567,0.01731346221640706,0.021663484629243612,0.02484983718022704,0.01895984774455428,0.02686408907175064,0.019116219133138657,0.018241597805172205,0.017281829845160246,0.02343127503991127,0.01804355625063181,0.023294728249311447,0.01721066189929843,0.01936076721176505
Smarch/buildroot.dimacs	1800,1800,1800,1800,1800,1800,1800,1800,1800,1800,1800,1800,1800,1800,1800,1800,1800,1800,1800,1800,1800,1800,1800,1800,1800,1800,1800,1800,1800,1800,1800,1800,1800,1800,1800,1800,1800,1800,1800,1800,1800,1800,1800,1800,1800,1800,1800,1800,1800,1800
Smarch/busybox-1.18.0.dimacs	0.24899632995948195,0.21890680398792028,0.2199331857264042,0.21827434934675694,0.2203630581498146,0.2156860288232565,0.2122225002385676,0.2156118000857532,0.2126986118964851,0.21552248718217015,0.21336835669353604,0.2155483439564705,0.21252451371401548,0.24370045121759176,0.21937116375193,0.21655163168907166,0.2224627290852368,0.21588164707645774,0.22377279913052917,0.2430208958685398,0.22059667576104403,0.21447528200224042,0.2124137389473617,0.22280049789696932,0.21933412179350853,0.25505177630111575,0.21494550397619605,0.2104496848769486,0.21201380481943488,0.21217053290456533,0.2124283337034285,0.2123956591822207,0.21720415074378252,0.2586498870514333,0.2370017566718161,0.21678405813872814,0.21469579683616757,0.2166898320429027,0.21460648300126195,0.2312002587132156,0.21803519781678915,0.20949735632166266,0.21257207915186882,0.2111544799990952,0.21095360396429896,0.2114367405883968,0.21705993730574846,0.21938652265816927,0.21224433276802301,0.21745697315782309
Smarch/busybox_1_28_0.dimacs	0.08154293894767761,0.07965685985982418,0.08054303424432874,0.08137873839586973,0.08608544990420341,0.08453958109021187,0.08228429313749075,0.08267853315919638,0.07984744478017092,0.08145165303722024,0.07953420979902148,0.10769233433529735,0.08666490437462926,0.08246585400775075,0.08152906876057386,0.10730557609349489,0.08700538892298937,0.08284455118700862,0.07931149424985051,0.0818905490450561,0.07976508000865579,0.10759397363290191,0.08747448911890388,0.08200111240148544,0.08023335877805948,0.08443041704595089,0.0864311782643199,0.0829445868730545,0.08839179296046495,0.08468180289492011,0.08053012890741229,0.08608893305063248,0.08434386970475316,0.10609747795388103,0.08681307127699256,0.10705679934471846,0.08735584374517202,0.08239995408803225,0.07985217776149511,0.08141434798017144,0.079432079102844,0.08170616999268532,0.07978695491328835,0.08126714127138257,0.07913531921803951,0.08207434508949518,0.08164392784237862,0.07962102117016912,0.08159575704485178,0.07949111238121986
Smarch/ecos-icse11.dimacs	7.43634673114866,7.269927043933421,7.601792562752962,7.277865308802575,7.4550660089589655,7.427445483859628,7.463753815274686,7.266241090837866,7.28265800094232,7.3475253391079605,7.518056566361338,7.469865987077355,7.532490836922079,7.4535955879837275,7.492980757262558,7.30654879566282,7.385665300767869,7.194604254327714,7.3220362812280655,7.373679935932159,7.4798063561320305,7.38255496090278,7.174776020925492,7.428894699085504,7.4538060920313,7.442644756287336,7.2113860892131925,7.637547783087939,7.480305545963347,7.331516640260816,7.1726041422225535,7.31866370420903,7.349902227986604,7.314838720951229,7.3618407510221004,7.426549574825913,7.4089339966885746,7.280247827991843,7.387851418927312,7.2462428249418736,7.278707196936011,7.3421310959383845,7.439192029181868,7.2717393189668655,7.46826477907598,7.215800337027758,7.3253771318122745,7.57919130474329,7.342552127782255,7.137634553946555
Smarch/embtoolkit.dimacs	14.707829501014203,14.353750438895077,14.36864064866677,14.511388781946152,13.988383891992271,13.996651089284569,14.201102589722723,14.521239685360342,14.369082774966955,14.21174617903307,14.527230452746153,14.382203769404441,14.346011637244374,14.379634391982108,14.827089117839932,14.387851676903665,14.227057799696922,14.387374846730381,14.502796510234475,14.334857371170074,14.364911356940866,14.535797276068479,13.98356362292543,14.377716421615332,14.927296405192465,13.984763575252146,14.374115758109838,14.503971970174462,14.020632224157453,14.692359103821218,14.339510123245418,14.221138705965132,14.885292012710124,14.062190318945795,14.799938989803195,14.49272543285042,14.644857143983245,14.73895622510463,14.110583005007356,14.655958998017013,14.68625327385962,14.383511518128216,14.723225110210478,14.676572379656136,13.999580739066005,14.374454400036484,14.53803938254714,14.92834011418745,14.489752321038395,14.83184350002557
Smarch/fiasco.dimacs	0.08162867790088058,0.07690878212451935,0.07466983189806342,0.07639783388003707,0.07498022494837642,0.07633705204352736,0.07998225884512067,0.07907957397401333,0.07716115517541766,0.07572439219802618,0.07615490397438407,0.07991768419742584,0.07892419304698706,0.07706299191340804,0.07457739720121026,0.07653276715427637,0.07475639833137393,0.07557171117514372,0.08009203523397446,0.07935736188665032,0.07727693393826485,0.07686918321996927,0.07973601203411818,0.07925702212378383,0.07666937820613384,0.08196676103398204,0.07973969681188464,0.07896527228876948,0.07621838618069887,0.0780542129650712,0.08160694781690836,0.06542090699076653,0.060820276848971844,0.06062748096883297,0.0808327398262918,0.06685074977576733,0.06128659611567855,0.06051061488687992,0.08028598502278328,0.06512956321239471,0.07804126292467117,0.06605355395004153,0.06025460781529546,0.06095262011513114,0.08048358326777816,0.06476343981921673,0.08186808880418539,0.0813052630983293,0.0845910171046853,0.06450309231877327
Smarch/fiasco_17_10.dimacs	0.04319899808615446,0.041115077678114176,0.0466574328020215,0.04657360399141908,0.04678992973640561,0.04780515795573592,0.04591084271669388,0.04521444998681545,0.042745045851916075,0.040192955639213324,0.039729028940200806,0.04519639303907752,0.044193859212100506,0.041380811017006636,0.04578552721068263,0.04460142971947789,0.041435702703893185,0.046095707919448614,0.04594957688823342,0.04068625159561634,0.04104621196165681,0.043321498204022646,0.043187794741243124,0.040926811285316944,0.04441965511068702,0.03582469001412392,0.047912650275975466,0.04711511777713895,0.04604430077597499,0.04731134371832013,0.03892143815755844,0.03146210219711065,0.0347840478643775,0.03250503400340676,0.045821323059499264,0.03923838399350643,0.04339596629142761,0.04046118399128318,0.03264032490551472,0.03338461322709918,0.0458079818636179,0.03960625780746341,0.03350748308002949,0.04686729935929179,0.03614472784101963,0.034495299216359854,0.03239450789988041,0.04567622533068061,0.03946293983608484,0.03161130705848336
Smarch/freebsd-icse11.dimacs	585.9950720351189,557.2449527708814,532.7631873711944,613.5092187891714,540.9181596674025,609.1183972032741,573.7540027750656,549.203796108719,600.6417310559191,520.1248659519479,575.1659364472143,541.5032208110206,521.3635602481663,559.3449198608287,563.6998041193001,579.4702933216467,564.1443829541095,578.4612218230031,533.5882911225781,523.5213319682516,602.2909773238935,570.6193049112335,621.7494901889004,517.3790300362743,523.3310327469371,534.0086541837081,554.5525766951032,587.8801624150947,591.3859592890367,568.2229618388228,527.8515867819078,510.183037080802,555.9596590255387,609.9290926330723,582.0789806130342,548.2503188815899,467.59510883362964,575.7940585310571,536.912942216266,565.8873939202167,576.6720195449889,512.7539225858636,548.1376587608829,576.6877487469465,553.8814253867604,604.4758314122446,637.948393329978,547.9075289000757,553.3523586741649,566.5162124177441
Smarch/freetz.dimacs	1800,1800,1800,1800,1800,1800,1800,1800,1800,1800,1800,1800,1800,1800,1800,1800,1800,1800,1800,1800,1800,1800,1800,1800,1800,1800,1800,1798.3839646400884,1800,1800,1800,1800,1800,1800,1800,1800,1800,1800,1800,1800,1800,1800,1800,1800,1800,1800,1800,1800,1800,1800
Smarch/integrator_arm9.dimacs	47.51178818009794,38.24170217709616,42.228246429003775,23.416358654852957,35.51852525305003,28.081873782910407,27.649065339937806,36.62757434183732,27.38582649594173,23.836996567901224,27.13492684578523,23.029785059858114,24.658167493063956,27.54511456983164,30.207535167690367,35.15544822998345,19.16330905118957,32.71265245974064,26.31841269135475,22.514336226973683,32.4758234587498,29.566549319773912,31.619863194413483,35.19449091376737,21.56197950709611,28.440626535099,33.37903972202912,20.303386985789984,37.2201983560808,31.484233140014112,43.50178714096546,39.02444486133754,29.19341185502708,33.034115864895284,31.53643313795328,23.3983483039774,29.210667711216956,31.394072664901614,22.872360036242753,28.10824385099113,25.276998706161976,23.75276185479015,31.427124185021967,34.54995492612943,28.69652003236115,26.53533276775852,25.86793509684503,23.863411049824208,23.45170936314389,45.90819528186694
Smarch/lrzip.dimacs	0.01967028109356761,0.01674958597868681,0.018745813984423876,0.018602590076625347,0.01850277092307806,0.018138617742806673,0.015273148193955421,0.012207766994833946,0.012208960019052029,0.017490305937826633,0.017745946068316698,0.017597529105842113,0.019879263825714588,0.01917918911203742,0.0186899290420115,0.015780825167894363,0.019047651905566454,0.012402585241943598,0.01858294988051057,0.01662393193691969,0.01236968394368887,0.01880887569859624,0.020048003178089857,0.014200995210558176,0.014370633289217949,0.02057900605723262,0.019130037166178226,0.02051197225227952,0.020608531311154366,0.020342762116342783,0.01962087070569396,0.01889456110075116,0.016706841066479683,0.012807365972548723,0.013029824011027813,0.019256044179201126,0.01902346732094884,0.016265545040369034,0.013993416912853718,0.014671172015368938,0.014491382986307144,0.013778598979115486,0.014357083942741156,0.019518874119967222,0.018775531090795994,0.013572219759225845,0.010913975071161985,0.011378522962331772,0.02017829893156886,0.017715962138026953
Smarch/m5272c3.dimacs	8.303021595813334,8.257108733057976,8.355028671212494,8.358230587095022,8.340623149182647,8.35402116784826,8.281224098056555,8.292679273989052,8.31097489502281,8.23287260113284,8.295937958173454,8.190711175091565,8.335553748067468,8.242979309055954,8.220238205045462,8.417660248000175,8.273725086823106,8.265186082106084,8.338423177134246,8.358118522912264,8.35915751894936,8.30031187273562,8.38772599445656,8.314717517234385,8.438577778171748,8.38574537774548,8.73320122109726,8.434819488786161,8.47021877206862,8.499039178714156,8.497548695188016,8.429816545918584,8.490733543876559,8.390180279966444,8.364838619250804,8.47013679984957,8.665806518867612,8.477445931173861,8.552922700997442,8.393489773850888,8.54405172681436,8.491959390696138,8.438380151987076,8.429895084816962,8.507336874958128,8.512591243255883,8.631790628191084,8.292784115765244,8.402109852991998,8.470313668716699
Smarch/olpce2294.dimacs	18.970087460707873,18.997437896206975,18.83426364324987,19.03457284392789,19.215367518831044,18.883168141823262,18.79887352604419,19.27113524917513,19.260619645938277,19.178593866992742,18.80557637801394,19.01564343413338,18.88650463335216,18.755639722105116,18.715546772349626,18.85170275485143,19.378606932237744,19.08655482204631,19.021029032301158,19.018784834071994,19.062362817581743,18.65483987610787,19.15677316300571,18.95410516904667,19.087633572984487,19.414121265988797,19.523048320785165,19.182243410963565,19.618088009767234,19.194589607883245,19.284945719875395,19.188348549883813,19.388995470944792,19.60789388930425,19.240740672685206,19.171190506778657,19.306006997823715,19.02764123585075,19.24576081801206,19.28446238487959,19.21262212190777,19.166935420129448,19.43351621227339,19.714886040892452,19.137991909869015,19.283542179968208,19.252804976888,19.428479284979403,19.08015466714278,19.47497498523444
Smarch/pati.dimacs	12.959366222377867,12.764163504820317,12.446859430987388,12.682385243941098,12.732896692119539,12.621134731918573,12.396643513813615,12.552572023589164,12.616452239919454,12.652366012800485,12.600577953271568,12.677467754110694,12.593216150067747,12.507994232699275,12.74510391196236,12.768251002766192,12.820060624275357,12.677882983349264,12.481613741721958,12.800879917107522,12.553522647358477,12.671741236932576,12.564694721251726,12.665048331022263,12.450160977896303,12.78244457487017,12.72272608242929,12.840519038029015,12.721601065713912,12.638040665071458,13.08846232900396,12.70056906202808,12.92231625597924,12.898710382170975,12.814540172927082,12.534789239987731,12.829433491453528,12.569079558830708,12.840981512330472,12.81948934821412,12.74274121504277,12.971255671232939,12.857528467196971,12.642657516989857,12.603815773967654,12.736411191057414,12.824673848226666,12.756809105165303,12.902853067032993,12.698742086067796
Smarch/phycore229x.dimacs	15.118596385233104,14.47549106227234,14.005645360797644,14.317724764812738,13.982699374202639,14.06648739008233,13.922531101852655,13.941787963733077,14.060266292188317,13.920962071977556,14.101725067943335,13.951887551229447,14.071109655778855,14.76187385711819,14.747950287070125,14.450895952992141,14.20365617936477,13.711326534859836,13.941979160066694,14.517840187065303,14.044975996948779,14.11697158170864,13.992222466040403,13.985004427842796,13.841331347823143,14.072222541086376,16.447645157109946,14.812485970091075,14.29010843904689,14.113686319906265,14.207448875065893,14.324917835649103,14.072276002727449,14.061397156212479,14.656269274652004,14.600400289986283,14.83695816108957,14.787677688989788,14.574097759090364,13.936944331042469,14.288279441185296,14.572977166157216,14.031656484585255,14.891644828952849,15.662788421846926,14.432893888093531,14.439073911868036,14.042325688060373,14.514220783021301,15.34664578968659
Smarch/ref4955.dimacs	9.845216246787459,9.733230150304735,9.706483925227076,9.897941511124372,9.776649041101336,9.72268472565338,9.787236005067825,9.770750439260155,9.793162913061678,10.03989576594904,9.6231336472556,9.539591048844159,9.818080184049904,9.631849802099168,9.788814721163362,9.701326224021614,9.74267588276416,9.707354140933603,9.907387713901699,9.706640968099236,9.777230704203248,9.772565710358322,9.795206929091364,9.808191032148898,9.890056252945215,9.93470936594531,9.947705138009042,9.887960270047188,9.9971280018799,9.754715718794614,9.737821752205491,10.04075136501342,9.822269460186362,10.061115285847336,9.99890470597893,9.983733090106398,9.803034393116832,9.946877968031913,9.911342626903206,9.865668450947851,9.979366953019053,10.019036057405174,9.980075777042657,9.821173397824168,9.917378630954772,9.869998947251588,10.067427293863147,10.016986385919154,9.833465612027794,9.975980813149363
Smarch/se77x9.dimacs	39.31138475006446,25.62431866209954,32.86622244399041,34.27388838212937,35.8147089779377,33.43771989271045,40.488637927919626,25.34981212997809,28.20206862827763,27.90369216678664,25.98483502585441,61.1233721440658,35.17359311692417,30.16278559807688,33.51776054920629,34.80524509213865,38.251395183149725,34.22285437397659,34.52360222209245,39.12977071199566,34.48908037086949,26.26355611020699,35.49907301319763,27.876964886207134,28.079133295919746,34.77231740113348,29.218587160576135,31.170389381237328,32.724701593630016,49.65563606331125,25.816358956974,28.40493568405509,33.19412966398522,37.34187116101384,43.18408166617155,28.948097886051983,35.092264777980745,35.010576071217656,26.47401132201776,31.55137675302103,30.21205204585567,36.956572292838246,24.80602484708652,28.653275917749852,29.8213157071732,38.14677605917677,47.601399895735085,22.446375453844666,28.57426139805466,32.13344359584153
Smarch/toybox.dimacs	0.02402854012325406,0.019854168873280287,0.023654664400964975,0.022977991960942745,0.025599230080842972,0.023495275992900133,0.02237142063677311,0.013816988095641136,0.02296533389016986,0.019900459796190262,0.014284782111644745,0.016932136844843626,0.022994741797447205,0.021532188169658184,0.023257735185325146,0.024789521005004644,0.018058351706713438,0.019620785024017096,0.02069575199857354,0.021458175964653492,0.020414999686181545,0.020019576884806156,0.023133684881031513,0.01992171024903655,0.019576546736061573,0.025787723250687122,0.023453641682863235,0.024869719985872507,0.02004603110253811,0.024839173071086407,0.017990807071328163,0.019576807972043753,0.023425321094691753,0.020126136019825935,0.023992741014808416,0.02344577480107546,0.02245479030534625,0.0247750049456954,0.01819891296327114,0.02008584514260292,0.020647653844207525,0.019052520859986544,0.023605659138411283,0.01982909394428134,0.019469588063657284,0.02203669911250472,0.015293946955353022,0.02124224090948701,0.019413632806390524,0.023606442846357822
Smarch/toybox_0_7_5.dimacs	0.018530879635363817,0.019161530770361423,0.01759572932496667,0.01820861268788576,0.020116453059017658,0.01726173609495163,0.01976943900808692,0.01776042301207781,0.015212330967187881,0.014713183045387268,0.014843480195850134,0.015304509084671736,0.014207066036760807,0.019737189169973135,0.018838257063180208,0.019195022992789745,0.01504629896953702,0.015829243697226048,0.01626169914379716,0.01854517310857773,0.019470928236842155,0.01723052328452468,0.018029924016445875,0.019230310805141926,0.016749904956668615,0.018649292178452015,0.01586362486705184,0.01449519395828247,0.015417112968862057,0.01952614588662982,0.017352456226944923,0.020246645901352167,0.020445126108825207,0.013323138002306223,0.012266896199434996,0.019896427169442177,0.01653948612511158,0.020052731037139893,0.018065236043184996,0.012269875966012478,0.012039811816066504,0.019809073768556118,0.016336648259311914,0.0139587358571589,0.0122725460678339,0.019552999176084995,0.017272754106670618,0.017704989295452833,0.01855179574340582,0.01942248409613967
Smarch/uClibc-ng_1_0_29.dimacs	0.0457155192270875,0.04476743470877409,0.044709041714668274,0.043581657111644745,0.040270961821079254,0.0480277668684721,0.04863222595304251,0.04862896027043462,0.048485829029232264,0.04930410161614418,0.04527902416884899,0.04858789872378111,0.05035202391445637,0.04544011130928993,0.04376722872257233,0.049429961014539,0.04598090332001448,0.04837648291140795,0.04709598422050476,0.04761181492358446,0.04840093618258834,0.04944646172225475,0.045634906738996506,0.04838735889643431,0.047985082026571035,0.04798349319025874,0.0437375851906836,0.048412688076496124,0.04952166602015495,0.04576913919299841,0.049267577938735485,0.04909444693475962,0.04537136014550924,0.04473291616886854,0.043761192820966244,0.048447389621287584,0.049078425858169794,0.04487897315993905,0.044782247859984636,0.04594014585018158,0.04618313442915678,0.044243240263313055,0.04477758100256324,0.04427410429343581,0.04295803792774677,0.048791998997330666,0.04796619201079011,0.043093280866742134,0.048536411952227354,0.04930197587236762
Smarch/uClinux-config.dimacs	0.4130700728856027,0.4087188388220966,0.35699783731251955,0.36322607612237334,0.3626099620014429,0.3588373106904328,0.3553746729157865,0.3631263398565352,0.3627073848620057,0.35939477011561394,0.35416611190885305,0.3626384041272104,0.3632605541497469,0.35914312629029155,0.3570864535868168,0.36703794496133924,0.363216919824481,0.35876995883882046,0.355507789645344,0.35652336198836565,0.3572950316593051,0.36273043602705,0.3656303631141782,0.35644440492615104,0.35433420492336154,0.42842222517356277,0.3535134447738528,0.3604468759149313,0.3586419140920043,0.35886719869449735,0.3552705501206219,0.3574157487601042,0.3556159529834986,0.35956338234245777,0.35398061107844114,0.3562409211881459,0.3554535722360015,0.35809476813301444,0.3579447139054537,0.3554530581459403,0.35736017394810915,0.3558124019764364,0.39202528866007924,0.3646634933538735,0.3555267439223826,0.3630778486840427,0.3648747093975544,0.3573593283072114,0.35827514017000794,0.35801543202251196
Smarch/uClinux.dimacs	0.024491566698998213,0.029987241607159376,0.031838132068514824,0.028577443212270737,0.03203660389408469,0.0342558859847486,0.0277964910492301,0.029059008695185184,0.02031203731894493,0.02666223281994462,0.027865760028362274,0.03156499192118645,0.029187305830419064,0.027972075156867504,0.024411187041550875,0.0307789770886302,0.028358886018395424,0.023321880027651787,0.021450391970574856,0.023140185978263617,0.021283381152898073,0.02335655177012086,0.021332185715436935,0.023695241194218397,0.021474706009030342,0.024704819079488516,0.02996016899123788,0.031892992090433836,0.03318820707499981,0.03274263488128781,0.032865545246750116,0.029675209894776344,0.03172515705227852,0.03296152735128999,0.031768165063112974,0.033079166896641254,0.031815486028790474,0.02953225700184703,0.033199751283973455,0.02780018514022231,0.024115159176290035,0.022627726197242737,0.0235152430832386,0.03200613521039486,0.02691739983856678,0.021713050082325935,0.02366919396445155,0.02164007117971778,0.023489647079259157,0.02137951785698533
automotive01/automotive01.dimacs	0.4345947038382292,0.4255252000875771,0.3859984381124377,0.37438145698979497,0.3625041129998863,0.4416252779774368,0.38874941505491734,0.3866536892019212,0.3795202332548797,0.38043324183672667,0.368630344979465,0.38083140878006816,0.4421963565982878,0.38670263020321727,0.38509902684018016,0.37269040010869503,0.3621436436660588,0.3803289788775146,0.36113077215850353,0.3570987111888826,0.3791467254050076,0.3544059661217034,0.385004956740886,0.4455599100328982,0.354504331946373,0.4602918499149382,0.4333146130666137,0.38108462980017066,0.46868722792714834,0.44889932218939066,0.3604643801227212,0.37098665116354823,0.36924362601712346,0.44514628360047936,0.3801829549483955,0.3570526330731809,0.43350856890901923,0.3810477792285383,0.4451185530051589,0.36290510138496757,0.4118985319510102,0.38742089783772826,0.38006710540503263,0.3812330369837582,0.3807995989918709,0.354645733255893,0.36785759776830673,0.38164120772853494,0.4764578090980649,0.3857034253887832
automotive02/automotive2_4.dimacs	23.525495782028884,23.684481439646333,23.580229373648763,23.58987006917596,23.6027455967851,23.62600989919156,23.773561757057905,23.709895551670343,23.779147499706596,23.570180283859372,23.594864008948207,23.569422417785972,23.59423993807286,23.713982621207833,23.583938602823764,23.672330634202808,23.60676733776927,23.61455980502069,23.65949462680146,23.716462349053472,23.70857181120664,23.67599253030494,23.762849852908403,23.86786458780989,23.73158443532884,23.808229411020875,23.79518149420619,23.71551937609911,23.713939101900905,23.842233868781477,23.740038387011737,23.81481428211555,23.85280709527433,23.743786081206053,23.621523220092058,23.72650722786784,23.642684320919216,23.65239830967039,23.64520194893703,23.632258316036314,23.637952104210854,23.837476553861052,23.84277422586456,23.672714054118842,23.861965645104647,23.722167871892452,23.738443672657013,23.708737062755972,23.670373535715044,23.7274894840084
featureide_examples/berkeleydb.dimacs	0.024852028116583824,0.018399841152131557,0.024959209840744734,0.024709909223020077,0.024653718806803226,0.02157923672348261,0.02461641002446413,0.023735782131552696,0.017039997037500143,0.01719582360237837,0.01690069166943431,0.023160062730312347,0.0240655648522079,0.01899422099813819,0.02141756610944867,0.02120108064264059,0.017383765894919634,0.02351585403084755,0.021589888259768486,0.02327359700575471,0.024324691854417324,0.018647611141204834,0.0183347649872303,0.022200451232492924,0.015411552041769028,0.02621580706909299,0.025622809771448374,0.023748035542666912,0.024831528775393963,0.023719382006675005,0.02092899102717638,0.014025094918906689,0.014085757080465555,0.013749177101999521,0.018068990670144558,0.02489433716982603,0.02374738221988082,0.01873162528499961,0.01992713985964656,0.02410810301080346,0.023417567368596792,0.020737469661980867,0.02204091288149357,0.022479744162410498,0.022181302774697542,0.015341065358370543,0.02373456908389926,0.017744034063071012,0.023319700732827187,0.01941898697987199
financial_services/financialServices_2018-05-09.dimacs	0.28639855375513434,0.3596425591968,0.2936886274255812,0.2945948475971818,0.2936002677306533,0.295856349170208,0.2952177547849715,0.29197479598224163,0.2874680398963392,0.29426701879128814,0.29407116677612066,0.29315989930182695,0.2958613899536431,0.28832362685352564,0.2890355889685452,0.2874605171382427,0.2869965280406177,0.29554081801325083,0.2948994170874357,0.2880999012850225,0.2877200641669333,0.28829742316156626,0.2888396908529103,0.28844781685620546,0.28832424292340875,0.2899596798233688,0.3425273708999157,0.2959383139386773,0.295607625041157,0.29469405580312014,0.290199660230428,0.29102176893502474,0.2920860811136663,0.28935391595587134,0.28849346609786153,0.28984201280400157,0.28710483107715845,0.2901892988011241,0.28937858110293746,0.28875091997906566,0.2915604282170534,0.28820762876421213,0.29056955594569445,0.3262917292304337,0.29409888107329607,0.29131871089339256,0.28967662202194333,0.29182083811610937,0.29292089212685823,0.29206627141684294
confidential/automotive03/03.dimacs	0.08095681993290782,0.0825112690217793,0.08040242688730359,0.10965445823967457,0.0861797733232379,0.08195615420117974,0.08060319675132632,0.08353684097528458,0.08068532776087523,0.11004083883017302,0.08534228429198265,0.082232974935323,0.08036864316090941,0.08303237706422806,0.0807534409686923,0.11064595216885209,0.087009372189641,0.10959053691476583,0.08790278295055032,0.11136113526299596,0.08828953979536891,0.11082489090040326,0.0864192321896553,0.10957953985780478,0.0879761422984302,0.08253832720220089,0.08068627025932074,0.08308656886219978,0.0808185301721096,0.08168336981907487,0.11040945304557681,0.08644268475472927,0.11061201337724924,0.08784453431144357,0.11156175192445517,0.08929307293146849,0.084408073220402,0.08044107677415013,0.0826516137458384,0.08109875116497278,0.11022466188296676,0.08635816583409905,0.11033504502847791,0.08739972813054919,0.08502189302816987,0.08151404606178403,0.08294046204537153,0.08154847705736756,0.08316335873678327,0.08055344689637423
confidential/automotive03/automotive03a.dimacs	0.024082351941615343,0.03702821396291256,0.03637020196765661,0.029949880205094814,0.035755518823862076,0.035248535219579935,0.03683869820088148,0.035607161931693554,0.030578368343412876,0.03507315693423152,0.031435334123671055,0.032133023254573345,0.03552769310772419,0.036063799634575844,0.030941147822886705,0.03177377302199602,0.03539580199867487,0.03258130280300975,0.031057266984134912,0.035467061214149,0.03434501029551029,0.03496392676606774,0.03488218178972602,0.0317754028365016,0.03154224809259176,0.027198880910873413,0.036977292969822884,0.03305963799357414,0.03162242891266942,0.03683556895703077,0.03444099612534046,0.03129673283547163,0.035505752079188824,0.032402059994637966,0.026737545151263475,0.025265834294259548,0.03623934602364898,0.035610462073236704,0.03643463086336851,0.034504161681979895,0.03011593082919717,0.03146796487271786,0.033339410088956356,0.031328147277235985,0.02474756632000208,0.0266954367980361,0.02562434831634164,0.026394625194370747,0.025215340312570333,0.034879295155406
confidential/automotive03/automotive03b.dimacs	0.11691928096115589,0.09443254489451647,0.11817330308258533,0.09368529822677374,0.08577709784731269,0.08589403796941042,0.08607228007167578,0.11745973909273744,0.09348609298467636,0.11746194306761026,0.09476592764258385,0.0860116952098906,0.08612743811681867,0.11861040396615863,0.09569488698616624,0.11824425775557756,0.09382192185148597,0.08576242765411735,0.08579636877402663,0.11781753273680806,0.09391484782099724,0.11789986817166209,0.09437542269006371,0.08651125896722078,0.08588106511160731,0.09251124085858464,0.08696379605680704,0.08743724785745144,0.11751008592545986,0.09279141295701265,0.08732840232551098,0.08787166001275182,0.11772970529273152,0.09258887777104974,0.08761140704154968,0.08824080694466829,0.08890135306864977,0.08767186617478728,0.08899995917454362,0.08822585362941027,0.08946629799902439,0.1186024947091937,0.09395653801038861,0.11881959112361073,0.0943490918725729,0.10962319886311889,0.09485317626968026,0.09442521119490266,0.0945580150000751,0.09387890622019768
confidential/automotive04/04.dimacs	0.1512289927341044,0.12154428800567985,0.11368081020191312,0.11365299485623837,0.1173942070454359,0.1238735280930996,0.12093015108257532,0.11984628811478615,0.12148061580955982,0.11627271957695484,0.1187283699400723,0.11461355490610003,0.11650585662573576,0.1178555958904326,0.11983932787552476,0.12117287423461676,0.11569003527984023,0.11775386100634933,0.11543998122215271,0.12101549608632922,0.11731699202209711,0.12176920706406236,0.12089949008077383,0.11721812281757593,0.1203111968934536,0.12333680503070354,0.11896510189399123,0.11514157708734274,0.1179844313301146,0.11591309634968638,0.117137196008116,0.1155001730658114,0.11705376673489809,0.1154262418858707,0.11711696116253734,0.11535166576504707,0.11756845004856586,0.11606256617233157,0.1223999229259789,0.12055341014638543,0.118439014069736,0.1183084212243557,0.11806727107614279,0.1185125126503408,0.1176973870024085,0.14749175868928432,0.12153684627264738,0.1239733430556953,0.12418653909116983,0.12176979333162308
confidential/automotive05/05.dimacs	1800,1800,1800,1800,1800,1800,1800,1800,1800,1800,1800,1800,1800,1800,1800,1800,1800,1800,1800,1800,1800,1800,1800,1800,1800,1800,1800,1800,1800,1800,1800,1800,1800,1800,1800,1800,1800,1800,1800,1800,1800,1800,1800,1800,1800,1800,1800,1800,1800,1800
confidential/automotive06/automotive06a.dimacs	0.04304417781531811,0.040694496128708124,0.0418397244066,0.04033716535195708,0.032898271922022104,0.04200761206448078,0.040414514020085335,0.037798825185745955,0.03640145622193813,0.03461826033890247,0.04068929562345147,0.0414876202121377,0.03644493408501148,0.03493339288979769,0.035831160843372345,0.04111670097336173,0.03880593599751592,0.03935054503381252,0.0386256012134254,0.036113182082772255,0.03655913705006242,0.03930548392236233,0.03783432999625802,0.036208974197506905,0.03619933780282736,0.043808854185044765,0.04096371168270707,0.04179964633658528,0.04200328793376684,0.040377296041697264,0.04486471367999911,0.031131276860833168,0.041526957880705595,0.0399843230843544,0.04121573315933347,0.036426173988729715,0.040851342026144266,0.037972236052155495,0.03528644796460867,0.036003357730805874,0.035785325802862644,0.040406957268714905,0.04009299771860242,0.040233454667031765,0.03913522930815816,0.03615063987672329,0.03836751962080598,0.04056014399975538,0.03595796087756753,0.039521291851997375
confidential/automotive06/automotive06b.dimacs	0.07009642105549574,0.07488035410642624,0.07641245005652308,0.07068491401150823,0.06906369188800454,0.06967202294617891,0.07148875296115875,0.07000026479363441,0.07026461604982615,0.06957164593040943,0.07480488205328584,0.07427588012069464,0.06965934578329325,0.07503900770097971,0.07326657511293888,0.06995930802077055,0.06905397772789001,0.07032824121415615,0.07055269414559007,0.07020459696650505,0.06908822292461991,0.07496601296588778,0.07283085025846958,0.07017246726900339,0.06902377121150494,0.07426872290670872,0.0711329597979784,0.06938601797446609,0.07057649083435535,0.07015444012358785,0.07006222987547517,0.06979419896379113,0.07443292113021016,0.07375586591660976,0.07083659805357456,0.07437470555305481,0.07259145984426141,0.07057030033320189,0.06935089686885476,0.06997606670483947,0.06965056108310819,0.0743875540792942,0.07397783501073718,0.06974572129547596,0.06886857375502586,0.07023712806403637,0.07030909694731236,0.07025503879413009,0.06948765134438872,0.07446314115077257
confidential/automotive07/automotive07a.dimacs	0.2448473791591823,0.2179172383621335,0.22892462415620685,0.18395144259557128,0.1901877848431468,0.18935819901525974,0.18306466517969966,0.1834623059257865,0.1892275749705732,0.1893530199304223,0.1858971370384097,0.18405490182340145,0.18331484869122505,0.1829726123251021,0.18938724417239428,0.18930946104228497,0.18230896117165685,0.18254336388781667,0.18445548694580793,0.18299638899043202,0.18954519368708134,0.187103983014822,0.18417283287271857,0.18522262061014771,0.18950973311439157,0.24331705924123526,0.1876704809255898,0.18648416874930263,0.18625838123261929,0.18657526094466448,0.18540581921115518,0.18643424892798066,0.18697037873789668,0.1885837959125638,0.21532079903408885,0.19295243686065078,0.19069208716973662,0.18996339524164796,0.18365497328341007,0.18565303599461913,0.1908251168206334,0.19044833816587925,0.19042691122740507,0.18996206810697913,0.19050990603864193,0.18843589117750525,0.1865867441520095,0.18638528790324926,0.18557898979634047,0.18790457397699356
confidential/automotive07/automotive07b.dimacs	5.825193683616817,5.827560239937156,5.834417538717389,5.829823645297438,5.838253020774573,5.81236367393285,5.87112600216642,5.8356406022794545,5.835641244892031,5.83232855796814,5.832370797172189,5.866825189907104,5.853957903105766,5.822592705953866,5.824500903952867,5.8360721012577415,5.842974401079118,5.860822485294193,5.828408765140921,5.817923496942967,5.833778113126755,5.823477898258716,5.849516589194536,5.864111342001706,5.828338981140405,5.779725790955126,5.843918321188539,5.805925163906068,5.824043653905392,5.832218866795301,5.827423646580428,5.842348565347493,5.8312423950992525,5.8383084731176496,5.8029125411994755,5.7912222519516945,5.812810541596264,5.849870902020484,5.823669114615768,5.821503784973174,5.830767560750246,5.814368196763098,5.833837425336242,5.788841791916639,5.819121215026826,5.797292659059167,5.8140216949395835,5.787592608947307,5.837324946187437,5.839713625609875
