Model,d4-avg,d4-med,d4-stdev
CDL/am31_sim.dimacs,2.86452335658483,2.86677760002203,0.049222345508326
CDL/ea2468.dimacs,8.19424897833727,8.17887705308385,0.127744584124266
CDL/p2106.dimacs,6.88957141794264,6.89746275916696,0.086825370030189
KConfig/axTLS.dimacs,0.02048835487105,0.021505254786462,0.003241219541291
KConfig/busybox-1.18.0.dimacs,0.034634724138305,0.03537083719857,0.003968792879368
KConfig/embtoolkit.dimacs,0.100745927141979,0.100042416481301,0.002295854346075
KConfig/linux-2.6.33.3.dimacs,1800,1800,0
KConfig/uClibc.dimacs,0.039111950574443,0.039104847004637,0.004918698308434
KConfig/uClinux-base.dimacs,0.081213639909402,0.086131764343008,0.009344369430189
KConfig/uClinux-distribution.dimacs,0.039721693554893,0.040605871006847,0.004242153165912
Smarch/2.6.28.6-icse11.dimacs,1800,1800,0
Smarch/2.6.32-2var.dimacs,1800,1800,0
Smarch/2.6.33.3-2var.dimacs,1800,1800,0
Smarch/7z.dimacs,0.020371553553268,0.020943175535649,0.004166785263739
Smarch/BerkeleyDBC.dimacs,0.016265867333859,0.016054359031841,0.0030193554727
Smarch/Dune.dimacs,0.016375626903027,0.015773015562445,0.002222650372237
Smarch/HiPAcc.dimacs,0.018372822357342,0.017722769407556,0.002177427280427
Smarch/JHipster.dimacs,0.018819227470085,0.018737264443189,0.001662263423324
Smarch/JavaGC.dimacs,0.019599137092009,0.019389254041016,0.001857891620862
Smarch/LLVM.dimacs,0.015545006897301,0.015019325073809,0.001913816107654
Smarch/Polly.dimacs,0.020159540530294,0.019485402852297,0.002213809190991
Smarch/VP9.dimacs,0.019848405607045,0.019670116482303,0.00209453685412
Smarch/X264.dimacs,0.016524334102869,0.016406080918387,0.002398429754732
Smarch/adderII.dimacs,21.8818447321095,21.8819054190535,0.232644938013474
Smarch/at91sam7sek.dimacs,5.38504137673415,5.37885415158235,0.184627379709544
Smarch/axTLS.dimacs,0.052850984027609,0.055564671056345,0.006251707932702
Smarch/axtls_2_1_4.dimacs,0.02103778090328,0.020955932326615,0.002358648468769
Smarch/buildroot.dimacs,1800,1800,0
Smarch/busybox-1.18.0.dimacs,0.219802454933524,0.216216639382765,0.011456342515698
Smarch/busybox_1_28_0.dimacs,0.084958133623004,0.08203772874549,0.007890984441721
Smarch/ecos-icse11.dimacs,7.37139299396426,7.36776034347713,0.114286594539544
Smarch/embtoolkit.dimacs,14.4375954912696,14.3854431824293,0.26300608548683
Smarch/fiasco.dimacs,0.074735169531778,0.076888982672244,0.007045025784514
Smarch/fiasco_17_10.dimacs,0.041531126070768,0.04296642029658,0.005007806737178
Smarch/freebsd-icse11.dimacs,561.074635486212,561.522361990064,33.2183579502712
Smarch/freetz.dimacs,1799.9676792928,1800,0.22854191232615
Smarch/integrator_arm9.dimacs,30.0157532968465,28.9449659436941,6.55041202784147
Smarch/lrzip.dimacs,0.016860794015229,0.017730954103172,0.002877296199301
Smarch/m5272c3.dimacs,8.39603930303827,8.38673568610102,0.115552438180763
Smarch/olpce2294.dimacs,19.155188167356,19.1748921868857,0.240387084422745
Smarch/pati.dimacs,12.709284930462,12.711085063871,0.1469247235083
Smarch/phycore229x.dimacs,14.3653996845242,14.2055525272153,0.505353214667049
Smarch/ref4955.dimacs,9.84915966293775,9.82786753610708,0.124655533776583
Smarch/se77x9.dimacs,33.2857261682302,33.0301760539878,6.92129222814591
Smarch/toybox.dimacs,0.021252413420007,0.02135020843707,0.002799976346945
Smarch/toybox_0_7_5.dimacs,0.01716362150386,0.01765035931021,0.002408717875938
Smarch/uClibc-ng_1_0_29.dimacs,0.046696097655222,0.047353899572045,0.002303230705776
Smarch/uClinux-config.dimacs,0.362995276590809,0.358458527131006,0.01502893592223
Smarch/uClinux.dimacs,0.027443895339966,0.027918917592615,0.004288743405265
automotive01/automotive01.dimacs,0.393622381035238,0.381066204514354,0.034068310679685
automotive02/automotive2_4.dimacs,23.6976351892669,23.7086544369813,0.088194242923174
featureide_examples/berkeleydb.dimacs,0.021179656693712,0.022111107828096,0.00342047483325
financial_services/financialServices_2018-05-09.dimacs,0.294229320902377,0.291170239914209,0.013158162106312
confidential/automotive03/03.dimacs,0.09000982654281,0.084714983124286,0.011831906210887
confidential/automotive03/automotive03a.dimacs,0.032407129146159,0.032820470398292,0.003747651951766
confidential/automotive03/automotive03b.dimacs,0.097310262760148,0.09375361003913,0.012420856972942
confidential/automotive04/04.dimacs,0.119830576190725,0.118187846150249,0.006687814285908
confidential/automotive05/05.dimacs,1800,1800,0
confidential/automotive06/automotive06a.dimacs,0.038799740299583,0.039328014478088,0.002874129639133
confidential/automotive06/automotive06b.dimacs,0.0713601428736,0.070286856498569,0.002157295041321
confidential/automotive07/automotive07a.dimacs,0.191321783047169,0.187387231970206,0.013883392480477
confidential/automotive07/automotive07b.dimacs,5.82836091241799,5.83029560302384,0.019658686266293
