CDL/am31_sim.dimacs	9.7301614577882,9.753011940047145,9.716429272666574,9.744655978865921,9.72542777005583,9.714165745303035,9.744276554789394,9.701850347686559,9.771292607765645,9.837153508327901,10.518820687197149,10.512344012968242,10.45275437971577,10.507088013924658,10.403185272123665,10.480209944304079,10.44462299067527,10.419662433676422,10.410433305893093,10.446658880915493,10.426819639280438,10.421574278734624,10.405116281006485,10.702452436089516,10.367407189216465,10.474279252346605,10.475740578956902,10.452036297880113,10.414394130930305,10.398983584251255,10.560833625029773,10.727667138446122,10.936571929138154,10.686448099091649,10.616234486922622,10.617958521004766,10.629268484190106,10.601648343726993,10.645693243015558,10.686463145073503,,10.571299358736724,10.653174164239317,11.147037588059902,10.605455713812262,10.635790147818625,10.617220130283386,10.606832996942103,10.629744180012494,10.6324875340797,10.604183359071612
CDL/ea2468.dimacs	34.95781738683581,35.31785137485713,35.5732489801012,35.36463909922168,35.34259111387655,35.13422030908987,35.258311938960105,35.05736358091235,35.03928928216919,35.0928262011148,34.28008534107357,35.14936505025253,34.25255420524627,34.93622793722898,34.61180450906977,36.01128999190405,34.562785780988634,34.454385636840016,35.29420554963872,34.2668118220754,34.16776366904378,34.888443949166685,34.34472797205672,35.65714493999258,34.40768199181184,34.88234404101968,34.77225458994508,35.9611205230467,34.2434506630525,34.332489672116935,34.824484719894826,35.400659339968115,34.91853224905208,35.40673823701218,35.094109694007784,34.83588775387034,35.40527010476217,35.077816198114306,35.082969871815294,35.2582968538627,,34.986427408177406,35.02755029918626,35.06120707700029,35.282001157756895,35.084461089689285,35.02371458616108,35.010776203125715,34.89263149164617,34.894179326016456,35.17930512782186
CDL/p2106.dimacs	17.0320479311049,17.057949080131948,17.0315788728185,16.9690169589594,17.76343536283821,16.958344255108386,17.074388674926013,17.25533556099981,16.816845461260527,16.90493277227506,16.740515268873423,17.049445741344243,16.793470078147948,17.05982322897762,17.17187983589247,17.01744302501902,16.93062586290762,16.867953441105783,16.999329501762986,17.12999555794522,16.8401593179442,17.19767570262775,16.928723166696727,16.7544564739801,16.784967998042703,16.620925968978554,16.724541978910565,16.56900601508096,16.679900776129216,17.06034157378599,17.41584478178993,17.251974035985768,17.288854888174683,17.261918110307306,17.173127729911357,17.131479928735644,17.133627546019852,17.189055297058076,17.099250882864,16.917031195014715,,17.269384494051337,17.32435499271378,17.118917285930365,17.029567616060376,16.98900591209531,16.900803190656006,16.98929875297472,16.883374710101634,16.937131018843502,16.90511359181255
KConfig/axTLS.dimacs	0.016991856042295694,0.01459601242095232,0.014699335675686598,0.01709806267172098,0.0146153480745852,0.017534259241074324,0.016213742084801197,0.016273914836347103,0.015146838966757059,0.018474100157618523,0.01758840586990118,0.013434680178761482,0.016129654366523027,0.01722647901624441,0.016121573746204376,0.012926722876727581,0.015956762712448835,0.013227544724941254,0.012655430007725954,0.011909318622201681,0.009993249084800482,0.014092315919697285,0.011029237881302834,0.016106128226965666,0.01508092600852251,0.012838694732636213,0.015073683112859726,0.013770310208201408,0.009792529977858067,0.009905277751386166,0.01757955178618431,0.013897775206714869,0.017290984746068716,0.016333715058863163,0.01316141290590167,0.016002477146685123,0.015802746638655663,0.017492674756795168,0.018319695256650448,0.01811039401218295,,0.017591893207281828,0.011928251944482327,0.01654610736295581,0.015006450936198235,0.013529685791581869,0.01476155687123537,0.015128037892282009,0.012067023664712906,0.011498250998556614,0.0098194251768291
KConfig/busybox-1.18.0.dimacs	0.044445537962019444,0.037216228898614645,0.03626917814835906,0.04663812229409814,0.04553048172965646,0.04617147194221616,0.04039857303723693,0.043441949877887964,0.04695883113890886,0.040407716762274504,0.04704136913642287,0.048810741398483515,0.042094002943485975,0.04744476592168212,0.04364367527887225,0.04945459682494402,0.04362175893038511,0.04770356509834528,0.04178174817934632,0.04690955299884081,0.04101051390171051,0.04386879876255989,0.044820765033364296,0.04764241632074118,0.04426129721105099,0.041765828151255846,0.04546453896909952,0.041226182132959366,0.03973622480407357,0.04290743777528405,0.040510696824640036,0.042130537796765566,0.03999499790370464,0.04489479074254632,0.04080786369740963,0.03798479586839676,0.0363724147900939,0.03592341206967831,0.04570643603801727,0.04072167910635471,,0.04095171578228474,0.04022999433800578,0.03955573681741953,0.04179789172485471,0.04032338410615921,0.04343283316120505,0.041210648603737354,0.0401422050781548,0.041692102793604136,0.03921210439875722
KConfig/embtoolkit.dimacs	0.14995861984789371,0.13052768912166357,0.1248044422827661,0.14948818366974592,0.12756135500967503,0.146068359259516,0.12562442105263472,0.1257784953340888,0.12266169907525182,0.12267371034249663,0.12687151180580258,0.15324769401922822,0.12586641078814864,0.12329600006341934,0.12224402790889144,0.12151629710569978,0.12363667320460081,0.14557178504765034,0.1238456480205059,0.12583803990855813,0.12400711933150887,0.15294448472559452,0.12732504401355982,0.15067202923819423,0.13092593103647232,0.12116322107613087,0.12156520783901215,0.12253827322274446,0.12254672171548009,0.12291610892862082,0.13732857489958405,0.12627151189371943,0.12202899483963847,0.1223659641109407,0.1257608812302351,0.14344808319583535,0.11924935504794121,0.11761770956218243,0.11777613405138254,0.11941218981519341,,0.12107578571885824,0.12125442363321781,0.12341796001419425,0.12219359027221799,0.1215008539147675,0.12098997319117188,0.1483182837255299,0.12870917608961463,0.14546748297289014,0.12879744824022055
KConfig/linux-2.6.33.3.dimacs	1560.031618456822,1627.7395831560716,1627.8889322001487,1611.6489210589789,1592.4043645719066,1631.499350241851,1720.4898807876743,1630.3931097891182,1650.7118616658263,1636.294783371035,1556.389901688788,1629.8121670302935,1626.6003561709076,1607.4218319929205,1595.2534827860072,1624.5703054228798,1622.5675263199955,1616.3768969527446,1601.654906117823,1618.757496506907,1580.2873602812178,1636.0279585449025,1618.238154947292,1663.7195143233985,1647.625403471291,1626.3514398038387,1637.2300029750913,1636.797394467052,1615.4785771132447,1628.5102909053676,1593.6482430729084,1632.331498926971,1638.557178041432,1657.2289615697227,1654.2281233090907,1636.1674914490432,1636.9316854360513,1629.8283586958423,1610.1221835082397,1627.7694504288957,,1576.036393315997,1630.383692192845,1630.6594218700193,1632.151302690152,1603.069817122072,1630.8339291112497,1634.3282850957476,1638.416071887128,1655.1620503016748,1623.653996008914
KConfig/uClibc.dimacs	0.05861815391108394,0.07158432574942708,0.0789866978302598,0.08388427505269647,0.056804390624165535,0.05235662870109081,0.036704550962895155,0.05895026819780469,0.05510079115629196,0.04274947242811322,0.03746657585725188,0.03783408785238862,0.037974642124027014,0.03811029531061649,0.03466346813365817,0.03661731583997607,0.03054843796417117,0.03762676985934377,0.03480713162571192,0.037683420814573765,0.03883692668750882,0.038514910731464624,0.038384020794183016,0.03765886416658759,0.03675060532987118,0.037619808688759804,0.034630814101547,0.0359867257066071,0.03041771287098527,0.0304587809368968,0.037866834085434675,0.034297666978091,0.036679449025541544,0.03708337293937802,0.03571424540132284,0.035589959006756544,0.031194784212857485,0.031550518702715635,0.03675655089318752,0.03367894096300006,,0.08375547407194972,0.07345474371686578,0.0868564317934215,0.08227461390197277,0.08417680580168962,0.04412991413846612,0.05859872838482261,0.08137871930375695,0.05649554403498769,0.04389721900224686
KConfig/uClinux-base.dimacs	0.05381596693769097,0.05268865078687668,0.0710282870568335,0.05388025101274252,0.05392638128250837,0.07184879714623094,0.05529554886743426,0.062063789926469326,0.04737487901002169,0.08064307179301977,0.033024770207703114,0.03636821499094367,0.03938621794804931,0.03471565991640091,0.03372915182262659,0.03448478691279888,0.033833184745162725,0.03416588809341192,0.03536158101633191,0.03310320200398564,0.04033024189993739,0.03465259028598666,0.033053353894501925,0.03495827689766884,0.034421680960804224,0.039850493893027306,0.0386099168099463,0.040140786208212376,0.033749253023415804,0.03381003113463521,0.03637086786329746,0.03621260868385434,0.03888572286814451,0.036508596036583185,0.03467223094776273,0.03392079472541809,0.03422598913311958,0.03881244733929634,0.036496223881840706,0.03606687532737851,,0.055267774034291506,0.05628627212718129,0.05750002898275852,0.05806975997984409,0.10121962381526828,0.056094779167324305,0.057570384815335274,0.08058157004415989,0.047752696089446545,0.05242818035185337
KConfig/uClinux-distribution.dimacs	0.09196557011455297,0.07403701730072498,0.08544106408953667,0.09397950582206249,0.07794738421216607,0.08301148703321815,0.08717168075963855,0.08608105778694153,0.08456895314157009,0.07840911718085408,0.06274008797481656,0.06507373927161098,0.06330470694229007,0.06483657890930772,0.06309569161385298,0.06342988088726997,0.06487398687750101,0.06292936997488141,0.06421282887458801,0.06367234094068408,0.07115978095680475,0.06452513113617897,0.0647992817685008,0.0648438991047442,0.06615840923041105,0.06611298397183418,0.06500482093542814,0.06620222423225641,0.06401880318298936,0.06559474300593138,0.0636661909520626,0.06909355893731117,0.06920604407787323,0.0658840537071228,0.06566740199923515,0.06318657612428069,0.06838189018890262,0.0677265590056777,0.06459633214399219,0.06922708684578538,,0.08809846406802535,0.08394986903294921,0.08925093291327357,0.08789433585479856,0.07328258128836751,0.08498165104538202,0.07556886784732342,0.08195066591724753,0.08467347919940948,0.07530517084524035
Smarch/2.6.28.6-icse11.dimacs	544.5772964973003,550.5349197448231,560.3662114958279,549.3490089448169,553.371775705833,529.3915434107184,555.09346306324,545.2770216567442,551.3393806009553,540.0101154451258,541.0366927641444,544.9861363968812,571.7782852742821,561.3594934819266,575.8269172138534,543.0142611698247,551.4593200311065,552.2899131299928,537.9925192282535,545.2818259610794,547.3856439231895,551.7874806872569,549.1280419481918,566.6445985538885,575.5562232728116,558.3589875898324,546.7961869891733,545.1264375941828,551.298329717014,540.2399233849719,554.140058035031,557.6475933319889,568.9565583062358,539.0986924641766,564.094725663308,561.0800890726969,554.6857177531347,538.7895757583901,548.2785565997474,555.6537514850497,,543.2383550740778,542.2166767502204,536.7517058583908,565.3780234763399,568.2676246888004,555.3217576020397,546.7114032423124,551.4522237451747,543.1381253302097,541.2857904871926
Smarch/2.6.32-2var.dimacs	490.73523495392874,518.2734846682288,514.732841364108,517.3812471497804,509.37891834415495,517.7401062948629,504.9036602447741,493.439075847622,496.9315296248533,505.51510766427964,505.2791477739811,511.58789881831035,502.34153887908906,491.803840958979,509.3443708079867,500.1563614620827,499.1961569581181,486.42142302682623,506.27524243015796,496.6092274421826,506.8420822159387,498.9667584388517,501.138627581764,505.21550781000406,513.3469493901357,508.93040931690484,504.68343217577785,519.8460891311988,507.40521180676296,500.310068431776,506.19208763120696,509.68063106015325,514.4839481138624,506.4205325790681,515.5704930350184,505.03286488726735,508.7960128984414,505.0729664401151,500.77587354695424,509.154352735728,,503.3795028179884,488.72592877596617,514.7139745331369,515.1392927952111,511.45337482215837,510.3645707941614,510.9029727978632,513.111407041084,501.7434007213451,516.8931014481932
Smarch/2.6.33.3-2var.dimacs	696.5502333948389,683.7199081378058,697.2799788531847,684.4854683489539,684.1986411656253,693.189828036353,682.373843612615,684.717914103996,687.2355683008209,700.9534001280554,693.55294882413,702.3935559438542,694.425952210091,683.7941910838708,705.32310853526,694.5284271268174,705.9254956198856,700.464142518118,693.3689776649699,689.1445566941984,688.9366103271022,710.0220264280215,688.3459070837125,685.1402961816639,687.4252923410386,696.7507657958195,685.2476966278628,694.1848396579735,694.0047908117995,712.485082984902,691.0574802360497,702.4055422521196,696.6857064967044,701.1957092597149,694.8003901592456,690.3822120162658,687.5918645011261,685.9190823393874,690.1916039958596,716.4479691931047,,694.2533532478847,675.5969502814114,690.2417860901915,700.9584894450381,695.973134838976,689.5797640229575,700.6899478584528,717.777004933916,683.9949519708753,697.924620193895
Smarch/7z.dimacs	0.01608430128544569,0.016511209774762392,0.014509805012494326,0.016393273137509823,0.015650073066353798,0.01539968280121684,0.00995315471664071,0.01520532788708806,0.016647357027977705,0.01309398328885436,0.016429177951067686,0.01627155812457204,0.01611711597070098,0.013697419315576553,0.016164133325219154,0.015807604417204857,0.016330432146787643,0.015162019059062004,0.014928931836038828,0.015934235882014036,12.48038921225816,0.03191784676164389,0.057207240257412195,0.04716285411268473,0.09998281998559833,0.0733390599489212,0.052975394763052464,0.020921798888593912,0.05362453917041421,0.045933657325804234,0.06436174688860774,0.08832071674987674,0.018470351118594408,0.04211163194850087,0.01569677609950304,0.030427216086536646,0.07294257683679461,0.018123078159987926,0.01744988514110446,0.019740798976272345,,0.021817407105118036,0.019587127026170492,0.017103823833167553,0.019613507203757763,0.02414423832669854,0.031734106596559286,0.027377067133784294,0.01768538262695074,0.019749211613088846,0.013947057072073221
Smarch/BerkeleyDBC.dimacs	0.015541444066911936,0.015181969851255417,0.013787275645881891,0.01240836689248681,0.012766036204993725,0.014215528964996338,0.010592757724225521,0.014630305115133524,0.011496250983327627,0.011954941786825657,0.012074656318873167,0.011987945064902306,0.008681498933583498,0.011445692274719477,0.010355052072554827,0.008869635872542858,0.0088969930075109,0.008799875620752573,0.014632283709943295,0.011138779111206532,0.01879665069282055,0.021764447912573814,0.051448279060423374,0.021764904726296663,0.01653864700347185,0.020170914940536022,0.019082586281001568,0.024794648867100477,0.022148790303617716,0.01957576535642147,0.022264094091951847,0.020494266878813505,0.017654686700552702,0.019023584201931953,0.01662022201344371,0.023551525082439184,0.01751506282016635,0.019658694975078106,0.03875250602141023,0.019989690743386745,,0.011775178369134665,0.015898965299129486,0.016723147127777338,0.016810523346066475,0.017483891919255257,0.015453668311238289,0.024238988757133484,0.01682894118130207,0.04302782192826271,0.027004882227629423
Smarch/Dune.dimacs	0.010868535842746496,0.008707605767995119,0.00903127621859312,0.008987418841570616,0.014696544036269188,0.013669438194483519,0.009625113569200039,0.010515698231756687,0.009229863062500954,0.01078306371346116,0.012682535219937563,0.015095680020749569,0.013260335195809603,0.009029385168105364,0.01282372884452343,0.01147057767957449,0.012987778056412935,0.014096372295171022,0.008869388606399298,0.008977120276540518,0.024149198085069656,0.019186835270375013,0.05209829192608595,0.05352939898148179,0.05498562287539244,0.0218524350784719,0.04595473362132907,0.04368293797597289,0.018826391082257032,0.02479136921465397,0.014323810115456581,0.01962628122419119,0.01691948715597391,0.017393214162439108,0.02027102094143629,0.02312932489439845,0.03821053681895137,0.018065142910927534,0.019940983038395643,0.016769882757216692,,0.02138918824493885,0.019945249892771244,0.044678667560219765,0.04013657011091709,0.040847054217010736,0.02589188888669014,0.04459564993157983,0.01828487915918231,0.01718719396740198,0.018232427071779966
Smarch/HiPAcc.dimacs	0.010386491194367409,0.011635492090135813,0.010138586163520813,0.011559756938368082,0.009889183100312948,0.011338762007653713,0.010076952166855335,0.010485055856406689,0.010146984830498695,0.011278699152171612,0.012024491094052792,0.01002453500404954,0.01602956186980009,0.015727626159787178,0.0107905981130898,0.016196487937122583,0.014755351934581995,0.011713885236531496,0.012385915033519268,0.011155140120536089,0.017780160065740347,0.03536731516942382,0.026453443802893162,0.030958471819758415,0.043175560887902975,0.016908216290175915,0.026155394967645407,0.024047926999628544,0.02694244170561433,0.024913738947361708,0.01751525793224573,0.04784787306562066,0.02064500469714403,0.019115312956273556,0.02149410080164671,0.0218820134177804,0.020685099996626377,0.02626137901097536,0.019839689135551453,0.017070712987333536,,0.019375490956008434,0.016114813275635242,0.016523426864296198,0.022103359922766685,0.01977230003103614,0.041875201277434826,0.04672044515609741,0.03842602530494332,0.04715908830985427,0.019357715733349323
Smarch/JHipster.dimacs	0.016504466999322176,0.013124263379722834,0.016007857862859964,0.013415026944130659,0.010701697785407305,0.012186470907181501,0.010633902158588171,0.012403580825775862,0.01165339071303606,0.012355527840554714,0.012074849102646112,0.012096640188246965,0.011543294880539179,0.011691955849528313,0.010174795985221863,0.01057876693084836,0.01011856971308589,0.010842045303434134,0.010190106928348541,0.010489067994058132,0.025088119320571423,0.024600094184279442,0.02689738431945443,0.02852091984823346,0.028524624649435282,0.024348048958927393,0.02233569510281086,0.024272914975881577,0.024462999310344458,0.02764923684298992,0.017771660815924406,0.04596340795978904,0.01606424804776907,0.02792918076738715,0.019680934958159924,0.01975146820768714,0.018849028274416924,0.04416660498827696,0.044618620071560144,0.018303662072867155,,0.017515891697257757,0.037054774817079306,0.018703428097069263,0.022458557039499283,0.01572440890595317,0.021137825679033995,0.02705200808122754,0.02094901306554675,0.021383429877460003,0.020625074859708548
Smarch/JavaGC.dimacs	0.015334217809140682,0.0096669583581388,0.015436106827110052,0.012188124936074018,0.015387903898954391,0.012085580732673407,0.011869049165397882,0.011394551023840904,0.014858097769320011,0.014303990174084902,0.009536453988403082,0.010308695957064629,0.009486075025051832,0.01089484803378582,0.016160917934030294,0.015665025915950537,0.01394237857311964,0.015313298907130957,0.014309614431113005,0.01403040625154972,0.023744824342429638,0.05865667713806033,0.02458646008744836,0.03361427504569292,0.024151474237442017,0.02619554102420807,0.05624773120507598,0.023041117005050182,0.026620246935635805,0.02291779685765505,0.01861101808026433,0.01532408781349659,0.04127005906775594,0.051261728163808584,0.02111172629520297,0.01752426801249385,0.04199674027040601,0.019407222047448158,0.025106430985033512,0.023837017826735973,,0.026951862033456564,0.022212097886949778,0.01717195799574256,0.01740858005359769,0.020056982059031725,0.04019241500645876,0.038344391621649265,0.04777548694983125,0.04408684791997075,0.024355382192879915
Smarch/LLVM.dimacs	0.008566285017877817,0.009053534362465143,0.009917098097503185,0.014581630937755108,0.010825461708009243,0.010093793738633394,0.010039522778242826,0.012876486871391535,0.01072412496432662,0.011076183058321476,0.011894149705767632,0.011629756074398756,0.009218147024512291,0.010982124134898186,0.0092701087705791,0.008997848257422447,0.008776410948485136,0.008456485345959663,0.009853331837803125,0.009498382918536663,0.02226169779896736,0.027255029883235693,0.030652308836579323,0.026977482717484236,0.050052840262651443,0.025683302897959948,0.05223191995173693,0.022254946175962687,0.0592923010699451,0.05492738401517272,0.01734999008476734,0.020390179008245468,0.018945781979709864,0.02515913499519229,0.048034810926765203,0.0182224721647799,0.02011115290224552,0.03880918072536588,0.016985063906759024,0.03624058282002807,,0.02020015800371766,0.015554585959762335,0.016272711101919413,0.022124969866126776,0.018998840358108282,0.016358464024960995,0.02071416098624468,0.020575455389916897,0.018844075966626406,0.025634323246777058
Smarch/Polly.dimacs	0.014409610070288181,0.015185480937361717,0.013384067919105291,0.010239440947771072,0.012141388840973377,0.011199330911040306,0.011475390754640102,0.011168838944286108,0.0103000458329916,0.0117995529435575,0.015827983152121305,0.010145546868443489,0.010647661983966827,0.01518899668008089,0.015316640958189964,0.01492722425609827,0.012320267967879772,0.010001798160374165,0.008939177263528109,0.009737513959407806,0.022546613588929176,0.024969346821308136,0.025747650768607855,0.048681322019547224,0.0256051542237401,0.022820807993412018,0.052389293909072876,0.05322660505771637,0.0477408398874104,0.025933236815035343,0.019385492894798517,0.022187343332916498,0.04479061998426914,0.01765926694497466,0.01956439483910799,0.045841468032449484,0.019674694631248713,0.02531513525173068,0.02359133679419756,0.018248291686177254,,0.02071133814752102,0.025460530072450638,0.019705489743500948,0.018369948025792837,0.019098117016255856,0.02064632996916771,0.017940270248800516,0.02437422424554825,0.022864515893161297,0.02374836103990674
Smarch/VP9.dimacs	0.01003886479884386,0.015563299879431725,0.01662215916439891,0.013802932109683752,0.015347034204751253,0.012755025178194046,0.013174847234040499,0.014294331893324852,0.01666940003633499,0.013456624932587147,0.01049104519188404,0.009538806974887848,0.010500321630388498,0.009582365863025188,0.011178609915077686,0.009778967127203941,0.01580050215125084,0.011858252808451653,0.01152620930224657,0.014844026882201433,0.02375254314392805,0.024575005751103163,0.021912166383117437,0.023249081801623106,0.020686552859842777,0.024994098115712404,0.026490064803510904,0.013090809807181358,0.013734980020672083,0.009528766851872206,0.0203346679918468,0.021616654004901648,0.021217282861471176,0.021204677876085043,0.01818816177546978,0.05490715196356177,0.10036357073113322,0.04691265802830458,0.022557809948921204,0.020247648004442453,,0.01960408315062523,0.04271648870781064,0.01715663494542241,0.01801294693723321,0.026372021064162254,0.019323423970490694,0.020523384679108858,0.01852300064638257,0.028544254135340452,0.018395632039755583
Smarch/X264.dimacs	0.010819857008755207,0.009988794568926096,0.010250783991068602,0.0107834218069911,0.010798412840813398,0.010515722911804914,0.015446761157363653,0.009964793920516968,0.015277027152478695,0.011860288213938475,0.01246874313801527,0.009414642117917538,0.009803722146898508,0.009240437299013138,0.014941051136702299,0.011490101926028728,0.010524393059313297,0.009606997016817331,0.013589153997600079,0.010889213997870684,0.009046535938978195,0.01415468193590641,0.01072922209277749,0.00984330428764224,0.008312150835990906,0.01245049573481083,0.010103275999426842,0.009013173170387745,0.01170573802664876,0.010894679930061102,0.04787244135513902,0.017723052762448788,0.020996891893446445,0.02012559724971652,0.02259732224047184,0.02730523096397519,0.025960934348404408,0.04297197517007589,0.04859277606010437,0.04528467310592532,,0.02231727819889784,0.0171545990742743,0.01853459421545267,0.021082344930619,0.022994027938693762,0.023062873166054487,0.01930879568681121,0.02365716313943267,0.025805260054767132,0.05096879694610834
Smarch/adderII.dimacs	86.3608476202935,103.72413704404607,96.50228131515905,88.20239275461063,85.14635043824092,89.96714274585247,94.74273389810696,94.54727855371311,91.50170867703855,87.19897578191012,84.22517617372796,83.78992119198665,84.1975147309713,104.71913806302473,98.34696065913886,102.2880247682333,89.0606870399788,84.30672350199893,85.39051224896684,87.92834209138528,102.51467926520854,93.7302834559232,93.81388033507392,86.27053525997326,84.14918690593913,85.81745419511572,90.73638008721173,88.01505243685097,90.4367972528562,90.64448495721444,85.57407023198903,84.90010342374444,91.66649224190041,95.4965344327502,95.7921510161832,85.88931877119467,84.19942429102957,84.1081197950989,86.55222559999675,94.1396131562069,,90.72243320709094,84.46724775712937,85.81411574408412,98.29860597802326,98.9955958952196,89.00623796973377,83.87772093713284,83.46082862606272,87.62457607500255,89.5190278920345
Smarch/at91sam7sek.dimacs	91.97985069779679,90.49941346887499,88.69829773390666,89.00493395794183,80.24643339216709,93.78999356366694,94.01251632487401,93.33461999800056,90.43478971999139,89.0575787583366,89.36470330506563,93.97326343599707,94.08829469792545,86.51860329601914,89.89411796582863,95.74203817220405,90.73099785204977,89.57227346673608,87.44282104913145,88.64567721402273,91.78170622140169,95.61913823289797,92.31838537985459,91.63919054483995,86.45759107125923,86.74126905901358,87.66752372402698,88.526686985977,88.12763420911506,87.71884547173977,92.27859670808539,89.43556720716879,97.79393507819623,93.40698434226215,89.7861790433526,88.54577665729448,89.0000612149015,89.30040375608951,87.76840278785676,82.58352512214333,,97.58558159507811,88.00431109871715,87.18368526501581,95.68678851984441,93.0065396297723,88.01563079236075,87.41585903801024,88.28786248480901,87.6474757771939,88.47243869910017
Smarch/axTLS.dimacs	0.10483599593862891,0.0413881610147655,0.08696665288880467,0.09983290079981089,0.04651698283851147,0.07206587912514806,0.07658330583944917,0.04565344890579581,0.0503126448020339,0.050587899051606655,1.3427379843778908,0.09756126394495368,0.08239961927756667,0.08381729386746883,0.10443969024345279,0.056771645322442055,0.047969299368560314,0.05256824800744653,0.1024858090095222,0.05187872797250748,0.03641505306586623,0.037025130819529295,0.03644707193598151,0.038400831166654825,0.0377857843413949,0.031027080956846476,0.03082212805747986,0.034092368092387915,0.03770383121445775,0.0343891098164022,0.03728252463042736,0.03793005319312215,0.03778074309229851,0.03665960906073451,0.03766495641320944,0.03195918397977948,0.03194953687489033,0.037758719176054,0.03721091616898775,0.03487155679613352,,0.03786505898460746,0.03807695163413882,0.034330225083976984,0.03860741714015603,0.038628824055194855,0.03774656169116497,0.03693369124084711,0.038193095941096544,0.03717732010409236,0.03594726091250777
Smarch/axtls_2_1_4.dimacs	0.043227529153227806,0.045602583792060614,0.0413182619959116,0.04866027878597379,0.027875677682459354,0.04046245198696852,0.028025888837873936,0.045379605144262314,0.021467494312673807,0.023793650791049004,0.02812258480116725,0.05775478668510914,0.026193483266979456,0.050569329876452684,0.0499891908839345,0.05080512212589383,0.022848743945360184,0.03146048588678241,0.024026354774832726,0.0585498777218163,0.014007471036165953,0.013780978042632341,0.017424626275897026,0.014530838001519442,0.013705905061215162,0.01806158572435379,0.014259250834584236,0.012581936083734035,0.015545930247753859,0.01698639988899231,0.014977078419178724,0.017937249038368464,0.015148595906794071,0.01319875381886959,0.017406346276402473,0.014674725942313671,0.013048464898020029,0.014683256391435862,0.012641498818993568,0.014699480030685663,,0.012426218017935753,0.016505603212863207,0.01801489805802703,0.01999550312757492,0.01264736196026206,0.01391028193756938,0.017009990755468607,0.015491412952542305,0.01359451375901699,0.013564263004809618
Smarch/buildroot.dimacs	1800,1800,1800,1800,1800,1800,1800,1800,1800,1800,1800,1800,1800,1800,1800,1800,1800,1800,1800,1800,1800,1800,1800,1800,1800,1800,1800,1800,1800,1800,1800,1800,1800,1800,1800,1800,1800,1800,1800,1800,,1800,1800,1800,1800,1800,1800,1800,1800,1800,1800
Smarch/busybox-1.18.0.dimacs	0.5566341499798,0.5475792470388114,0.5489982492290437,0.5444765710271895,0.5468952949158847,0.5413939659483731,0.541545026935637,0.5530620510689914,0.5563024342991412,0.5661671222187579,0.5744795789942145,0.5533873396925628,0.5530823227018118,0.5496471100486815,0.553632777184248,0.5529738031327724,0.5490593556314707,0.5730975512415171,0.5566681241616607,0.5529210423119366,0.5755333108827472,0.5546816899441183,0.5540366596542299,0.5520727229304612,0.5559063106775284,0.574027547147125,0.5615088269114494,0.5545683051459491,0.5539840888231993,0.5705290040932596,0.5723910951055586,0.559676069766283,0.5570517838932574,0.5592507268302143,0.5747005492448807,0.5553206410259008,0.5554848951287568,0.5685960948467255,0.5926808197982609,0.5820011338219047,,0.5773287997581065,0.5585943777114153,0.5578938792459667,0.558115488383919,0.5593470991589129,0.5620975191704929,0.5632299357093871,0.56135832099244,0.5649440330453217,0.5612197131849825
Smarch/busybox_1_28_0.dimacs	9.157772385980934,9.210791885852814,9.414965430274606,9.34999134298414,9.021503522992134,9.101646766997874,9.063883129041642,8.977661808021367,9.019077636301517,9.002377808559686,8.933953227940947,9.113067680969834,8.966311912052333,8.984707063995302,9.005342386197299,9.013629177585244,8.930882658809423,9.012720974627882,9.088600532151759,9.039195326156914,8.985996504314244,8.992056305985898,9.206918159965426,8.90429608989507,8.766584594268352,8.928437171969563,9.120559967122972,9.148359168320894,9.1353954449296,9.161660086829215,9.353269784711301,9.46817442169413,9.496977208182216,9.480901084840298,9.079230395145714,9.052200973965228,9.068239517975599,9.16208858601749,9.088529549073428,9.121164608746767,,9.042282594833523,9.392727097030729,9.555194773245603,9.16106234304607,9.141133454628289,9.094925601035357,9.012616133317351,9.158502080012113,9.284837224055082,8.886124874930829
Smarch/ecos-icse11.dimacs	141.877226843033,150.05230644205585,143.11987859383225,142.24014541693032,146.34975316096097,143.49417221406475,141.52788797672838,143.26050001801923,140.55158431036398,153.77869121264666,138.9961885982193,145.56763209635392,145.80445048213005,142.13183218194172,143.68521626666188,144.2950105238706,139.50500515522435,153.72187441121787,137.04443033365533,143.7091200640425,142.7654432686977,142.25562489777803,140.91878284700215,145.43529254756868,141.37455817731097,140.843589308206,142.07204930391163,142.11653093295172,140.24749212898314,145.95075059635565,147.20470177894458,143.64006340876222,142.4391421470791,144.46465704403818,139.801041721832,150.55414316570386,149.68249834608287,144.3276386167854,141.22385045699775,139.33941004890949,,142.66175497882068,139.88483666814864,141.84909114567563,140.12215527426451,142.67155788093805,140.03685866482556,143.4736004038714,149.29134347569197,143.79597536614165,142.02210596809164
Smarch/embtoolkit.dimacs	89.68218897795305,87.97929801605642,88.57968633668497,87.23774378979579,87.55590211926028,87.04302181582898,84.35240643797442,84.57726055663079,86.09132816409692,87.87419706396759,87.22395576396957,90.32278048805892,84.91834797943011,87.21469979081303,88.69908646587282,89.66226162528619,91.75704901199788,93.559382524807,91.19128858624026,88.93386641703546,90.25442633777857,87.5451473928988,87.61672095768154,86.30896273907274,92.9825459360145,91.97637387318537,86.24351019412279,87.3224527980201,84.56190396705642,86.3569330307655,90.63746764091775,87.80342712812126,90.42775394394994,91.87465402996168,94.03514517797157,90.21566552110016,87.77907487098128,88.51353634288535,87.3688980890438,82.2000714847818,,89.31620948622003,89.7194903390482,87.64139000326395,89.21054415591061,91.81940155802295,93.20462154690176,90.95314647397026,88.3830083613284,87.86247369507328,88.76400814717636
Smarch/fiasco.dimacs	0.11688927514478564,0.11532415729016066,0.11060957703739405,0.112412896938622,0.10903302719816566,0.11104329908266664,0.10862706927582622,0.11392036499455571,0.10042147478088737,0.09554341481998563,0.11480588093400002,0.10330102173611522,0.11655454197898507,0.11182104609906673,0.11064168997108936,0.11159039894118905,0.11040254309773445,0.11131225107237697,0.11115219397470355,0.10247598960995674,0.12002528784796596,0.11706327507272363,0.09999583102762699,0.09685366693884134,0.09296660823747516,0.09400803036987782,0.09488301072269678,0.09210138395428658,0.11337176663801074,0.09774682577699423,0.1166066350415349,0.11447170889005065,0.11028512427583337,0.1098860502243042,0.11312009580433369,0.10251733101904392,0.11428078636527061,0.11719982977956533,0.10859684087336063,0.11257905093953013,,0.11416464485228062,0.12180902808904648,0.10177705902606249,0.10003241803497076,0.10152220213785768,0.11719219712540507,0.10771108092740178,0.1193385198712349,0.1079804222099483,0.10033902479335666
Smarch/fiasco_17_10.dimacs	0.02763862907886505,0.036428253166377544,0.02977810800075531,0.03197770891711116,0.0318223312497139,0.03377732681110501,0.03170760814100504,0.03216089028865099,0.03490371908992529,0.0322532132267952,0.0366460420191288,0.033387653063982725,0.036461923737078905,0.03516121115535498,0.03527877479791641,0.030102732125669718,0.03552494803443551,0.03330700797960162,0.03231268795207143,0.03219248401001096,0.027550414204597473,0.034514086320996284,0.03396525792777538,0.05564238177612424,0.03127916995435953,0.03268244490027428,0.02492568688467145,0.0254439739510417,0.027378699742257595,0.028153154999017715,0.03488221578299999,0.03532449807971716,0.03498409641906619,0.03253951296210289,0.032915694173425436,0.03523011598736048,0.02898600697517395,0.03357301605865359,0.03197220107540488,0.03602761821821332,,0.03014493267983198,0.03693976532667875,0.03270269325003028,0.03058301517739892,0.030320176854729652,0.036557364743202925,0.030489711090922356,0.03780307900160551,0.032690601889044046,0.03381460392847657
Smarch/freebsd-icse11.dimacs	441.81517324456945,444.09402797324583,445.2100241398439,432.35063997795805,438.9172630617395,426.384309371002,429.68804498016834,418.08329258626327,425.4649152988568,418.60241879010573,439.47527371672913,438.21254719700664,436.4785906630568,429.29506282601506,428.0510656759143,428.28947602491826,416.22432723036036,418.8854715130292,422.47532321326435,427.7151868548244,430.873505261261,435.85923317214474,446.0610010307282,447.7549294619821,437.16437939275056,417.2875219550915,419.16257551079616,422.16515658516437,415.1537142796442,431.81863654311746,443.4947740221396,436.75661128293723,430.6638277731836,426.21669949404895,424.2197791277431,418.90216719312593,420.7900987761095,419.4350375398062,424.3394771856256,422.02062431396917,,439.7229499486275,438.08445428172126,432.41998013621196,441.5203777179122,424.23258125036955,424.71367353526875,419.7450084448792,420.77627270203084,420.3451464609243,411.289757671766
Smarch/freetz.dimacs	536.0152774448507,541.7409208687022,530.3376100230962,533.4666965599172,523.1740057519637,545.5445322906598,526.5019901958294,540.4473795890808,547.9769407077692,543.3772106170654,540.6298695700243,536.4808131032623,535.2594682560302,544.436470435001,529.7906574560329,531.6102242148481,523.3277965607122,536.4147158227861,531.8390074782073,530.2827331880108,540.4083840218373,537.1603217259981,547.8227010262199,539.2592526660301,543.104464483913,546.9486758131534,546.5067449212074,536.7661743117496,544.3433264107443,540.3554312447086,544.4012036626227,542.0480839628726,535.2844272200018,548.0748108727857,546.6840117657557,543.6898714238778,544.9851587358862,536.8121080147102,543.7844809493981,572.693526847288,,538.0843326700851,541.413646440953,541.8064882731996,545.772915372625,549.0067185116932,542.1019914220087,545.832581369672,535.2005592929199,543.589666871354,531.1034774952568
Smarch/integrator_arm9.dimacs	90.86804042104632,92.86958878021687,109.32486598193645,101.44155206810683,92.30044644325972,89.66685230284929,90.80813053622842,92.55864406190813,90.79899005917832,95.17351979017258,84.6440106490627,88.56986344326288,104.98943164292723,91.73697712924331,89.22034611133859,93.29894137429073,108.07342143682763,97.32632040977478,92.25728060398251,91.95066001731902,97.5324562578462,117.7033219221048,112.65292173996568,95.11326858680695,92.98351479927078,91.45101717626676,101.29981179069728,115.94586148066446,113.20596562838182,108.3315436989069,109.78643735125661,94.49122815066949,90.94299790309742,92.37295806780457,92.93706356501207,92.97922007599846,90.36397720593959,98.95264070108533,105.57237088587135,122.25893464777619,,88.82878598896787,95.35542440973222,105.656054796651,99.15778241632506,89.76138164568692,89.00162488920614,92.47304796800017,91.45168513711542,90.61871839873493,91.60247668158263
Smarch/lrzip.dimacs	0.0839389069005847,0.051551504991948605,0.07699886104092002,0.07638943288475275,0.05986704397946596,0.05336714722216129,0.05913782585412264,0.049914772156625986,0.02963857911527157,0.025592301972210407,3.058453077916056,0.014962526969611645,0.015635733027011156,0.015345488674938679,0.010256724897772074,0.015399413648992777,0.01502647390589118,0.012058150954544544,0.012256428133696318,0.013640614692121744,0.05766405910253525,0.10369251389056444,0.047297364100813866,0.05652687791734934,0.047905243933200836,0.054611324798315763,0.04772419203072786,0.032361682038754225,0.046929107047617435,0.028787557035684586,0.05670806718990207,0.043321914970874786,0.0621597683057189,0.08336609788239002,0.016204266343265772,0.0204747780226171,0.01876465929672122,0.04635133408010006,0.018890509847551584,0.019248679280281067,,0.015142110176384449,0.014222251251339912,0.014387603849172592,0.014631028287112713,0.009580716956406832,0.013438557274639606,0.010547250043600798,0.009766776114702225,0.01119774067774415,0.01148591609671712
Smarch/m5272c3.dimacs	103.72134079504758,104.56834710668772,101.5990651990287,88.4414551849477,85.82083198195323,86.6456364900805,84.23032352467999,86.8362808781676,81.37852425407618,95.2972691920586,92.40810010395944,92.87827591923997,80.44426535395905,88.52954685734585,105.73493571113795,97.02477376814932,84.73139434680343,89.24963192269206,84.97869889717549,85.18123227870092,92.23504763096571,87.88527873298153,89.65897889109328,86.66829605214298,86.24343941407278,83.38020708411932,98.1681252149865,92.98463047202677,92.3414393546991,104.14438512874767,87.37518952507526,83.08677908219397,86.3127699252218,85.94676234899089,86.0105142579414,84.27958141965792,90.19571352005005,96.90978488977998,93.02546495711431,102.10820448212326,,114.79719446599483,105.17421215912327,105.92317301919684,91.7431045868434,85.65206233412027,90.63431025203317,83.98113987315446,103.5967872212641,85.88964731991291,90.46987779485062
Smarch/olpce2294.dimacs	94.4514241409488,93.47251536743715,116.60962959984317,102.40309309214354,90.85088230436668,103.81088175391778,104.6178014301695,94.7331734248437,91.82474510977045,90.66409837594256,95.12992969481274,92.39493967173621,103.10344823589548,107.743473934941,101.86883154604584,99.34608058212325,123.82431793725118,94.7036431049928,93.95784352393821,91.14199321623892,117.30951157398522,104.96292952401564,109.40327935898677,95.70566514926031,98.3997470070608,109.77622548211366,117.11227523023263,120.39087723009288,120.20106621598825,98.64611754985526,105.80543404025957,103.45304574118927,89.98814632790163,110.68337304284796,101.07013260619715,95.49778910167515,90.84535960620269,89.84547639032826,103.89301008731127,107.92793524172157,,105.25092468596995,103.12837191624567,105.19590075081214,102.80050293263048,91.44955090619624,89.68558849906549,88.75285665830597,105.78801505966112,116.61968810576946,101.57213551364839
Smarch/pati.dimacs	95.49191255960613,78.72960493993014,67.35926868906245,73.10516902804375,70.74584258394316,93.81020273594186,70.16963283205405,74.38748499983922,90.95323369186372,85.7427209126763,87.61923718312755,91.7202697424218,66.60669632768258,80.4527621101588,73.25496039912105,80.79470835113898,112.09581357007846,112.37012643087655,84.90820072591305,68.2388647873886,82.45286637311801,103.36719658924267,91.59536394989118,70.74668689724058,68.06424315227196,90.99629781674594,73.72301548719406,78.95261384174228,77.39297542581335,93.89883135491982,68.76932934811339,92.09689040016383,90.86733090085909,66.99755061604083,76.81380942510441,87.53313335077837,95.71211788291112,66.76307812705636,83.26590964617208,75.73618617467582,,67.10347787197679,108.46681170491502,81.22709959326312,66.03585843276232,99.04250904498622,104.14715610304847,88.73995130416006,67.82487948006019,81.6862357929349,70.56361120101064
Smarch/phycore229x.dimacs	120.48814758798108,93.55415174784139,89.87579165305942,91.38148621795699,95.64608783321455,92.19737351499498,111.05264793522656,109.11439118394628,106.65260632894933,102.68440405279398,97.02451088884845,104.2999084549956,116.72747830068693,97.32617737306282,96.20069009438157,102.81905931979418,123.91077637905255,111.16760459402576,112.09985629096627,110.66519350325689,121.65857970435172,104.07951010996476,88.26828009076416,88.9670950002037,101.85726739885285,111.49308887589723,129.55144528206438,96.51910446863621,93.42437271820381,106.65791120985523,108.13029335997999,100.01547758793458,93.2627846612595,90.99990998674184,99.04392254911363,109.50614634016529,105.40699007781222,91.4579242109321,88.05114058591425,112.69795206654817,,95.55607862630859,98.37833301024511,91.49199892906472,90.413846550975,101.99634298309684,113.07895060628653,120.78176198899746,121.69369906932116,135.73255374096334,105.98454502690583
Smarch/ref4955.dimacs	73.56630202615634,98.87519951723516,67.15886318311095,92.8152994113043,85.446412704885,85.59622961515561,67.4612878691405,76.46294357115403,79.59060022886842,77.16925883619115,72.34546710317954,103.00351956812665,67.52898199483752,83.21293791616336,88.36080293590203,93.75799773912877,77.9673672830686,75.027635992039,95.86677424190566,72.35323024680838,77.95647838665172,84.57031879108399,76.51305944798514,76.00297760404646,72.88979767682031,92.56745099835098,82.80364854913205,66.24382180301473,94.41315872734413,64.28037654003128,68.80057311011478,80.1507269833237,77.60648022638634,79.93436197191477,69.28198077715933,76.0190139063634,87.55874593509361,111.18358343606815,112.29334595194086,65.35675481474027,,69.15521603776142,75.61159968143329,88.34369676280767,78.76299108285457,75.57125290669501,75.22444346966222,66.19017665274441,70.03377387626097,83.42868149187416,110.86367456708103
Smarch/se77x9.dimacs	96.17836897308007,88.57557112397626,104.19827697100118,107.17151390016079,86.83564663119614,88.38149873865768,94.81820242898539,110.19994689477608,107.47943213488907,89.33458371693268,98.64223450794816,98.27498289616778,89.3232351699844,92.95888136560097,90.34200008027256,88.19944220175967,88.27625191118568,95.21934890374541,90.3311236249283,87.59579636529088,91.97072051465511,97.88425026275218,97.40629884134978,93.32449724897742,97.49550451291725,99.8024771772325,95.21881933510303,88.01869316305965,87.58524079900235,74.48864826792851,86.29164160788059,97.6749056968838,91.04475111002102,86.39733706600964,88.26294482965022,96.46089216182008,92.66755157290027,90.5814742250368,85.98099577007815,88.0992769850418,,73.07812144327909,93.6165367020294,99.59401576081291,98.56182969314978,94.30904085282236,97.416743892245,100.07993484474719,104.20272399997339,98.55538985366002,93.84460083395243
Smarch/toybox.dimacs	0.08099611522629857,0.13549346197396517,0.06878584576770663,0.041450113989412785,0.05860229395329952,0.047091334126889706,0.024774960707873106,0.06955312378704548,0.044468950014561415,0.03771278215572238,0.0631717131473124,0.09545161481946707,0.060488903895020485,0.04124378180131316,0.0658752303570509,0.037350770086050034,0.07090352196246386,0.04218935500830412,0.04170883493497968,0.03846290474757552,0.07373940572142601,0.08013381902128458,0.060383318923413754,0.040568798780441284,0.02749887714162469,0.0493791326880455,0.04086588695645332,0.03953534411266446,0.04106005514040589,0.046746262814849615,0.026709485799074173,0.024663588032126427,0.025795489083975554,0.02599832322448492,0.020211210008710623,0.020039101596921682,0.020697826985269785,0.020542465150356293,0.02297972794622183,0.02144602034240961,,0.02806966658681631,0.02471970207989216,0.02610972709953785,0.02655362104997039,0.027978750877082348,0.02766182878986001,0.026356020011007786,0.021567773073911667,0.022772510070353746,0.021819324232637882
Smarch/toybox_0_7_5.dimacs	0.019041819963604212,0.03953946614637971,0.05005417298525572,0.02144734188914299,0.04603947512805462,0.02014262229204178,0.04352128505706787,0.06998821021988988,0.037805765867233276,0.021546151023358107,0.04457444092258811,0.021085421089082956,0.03594984579831362,0.047599904239177704,0.039749518036842346,0.04083837103098631,0.01651975093409419,0.019238980021327734,0.020562031771987677,0.023845793213695288,0.031746868044137955,0.02761399419978261,0.045073457062244415,0.03748438321053982,0.01894573401659727,0.03775466466322541,0.021064789034426212,0.019481524359434843,0.03928218688815832,0.04505594586953521,0.015676781069487333,0.018630206119269133,0.018642615992575884,0.013927267864346504,0.018591011874377728,0.01761919492855668,0.018954426050186157,0.014166730921715498,0.017415976151823997,0.015417057555168867,,0.0150361442938447,0.013986434787511826,0.01537456177175045,0.019378677010536194,0.013949898071587086,0.018621761817485094,0.015745399054139853,0.015612278133630753,0.01526174321770668,0.019458601251244545
Smarch/uClibc-ng_1_0_29.dimacs	0.09663571324199438,0.04479095432907343,0.045195767655968666,0.04354614205658436,0.037575849797576666,0.050449041184037924,0.04225764703005552,0.06547457072883844,0.04361574398353696,0.05017706612125039,0.0445416490547359,0.07074157800525427,0.04204623820260167,0.0818424099124968,0.04602376418188214,0.0690203751437366,0.03962637670338154,0.039609826635569334,0.03948537399992347,0.037413787096738815,0.048130953684449196,0.03798179095610976,0.04030791111290455,0.040675170719623566,0.08594656316563487,0.04322241200134158,0.04780692281201482,0.04239386320114136,0.040334255900233984,0.04487572703510523,0.034201831091195345,0.02881349390372634,0.03538463916629553,0.03289175406098366,0.03559255599975586,0.029342256020754576,0.02946872916072607,0.03387249121442437,0.0341364317573607,0.032377119176089764,,0.034547700081020594,0.03076969599351287,0.03029155218973756,0.0309996223077178,0.0317910430021584,0.03004810493439436,0.029066696763038635,0.03039931459352374,0.029411311261355877,0.031082783825695515
Smarch/uClinux-config.dimacs	1.6302045690827072,1.646672714035958,1.603396655060351,1.6096841250546277,1.6214903621003032,1.6468768119812012,1.6139332838356495,1.628991134930402,1.6178261786699295,1.5995722990483046,1.6576239462010562,1.6561713861301541,1.6283330293372273,1.6447929590940475,1.6269265180453658,1.5899630640633404,1.6061398079618812,1.5642785476520658,1.5748406611382961,1.5715062539093196,1.6322183259762824,1.6135867382399738,1.6184838959015906,1.618898204062134,1.6335637322627008,1.6172526627779007,1.6051573161967099,1.5821862812153995,1.5834492407739162,1.6065113651566207,1.635347451083362,1.5969978622160852,1.603806700091809,1.6024641119875014,1.6057879100553691,1.5974145736545324,1.6002652142196894,1.6504457909613848,1.620602781418711,1.604760656133294,,1.6523944400250912,1.5960985869169235,1.6074793110601604,1.591957958880812,1.5953623726963997,1.5910804443992674,1.5652924948371947,1.6075665010139346,1.5983025468885899,1.5983016258105636
Smarch/uClinux.dimacs	0.06451867707073689,0.06386204203590751,0.07776208175346255,0.06983902910724282,0.07793015567585826,0.06905941711738706,0.06597885815426707,0.06530471192672849,0.0771818719804287,0.0686229751445353,0.09511392470449209,0.09008245822042227,0.10660515259951353,0.09176330175250769,0.08770921686664224,0.07924156030640006,0.09335162909701467,0.0937907942570746,0.07997881202027202,0.10166956903412938,0.06423850730061531,0.08043413097038865,0.06710935896262527,0.06288420641794801,0.07986536202952266,0.07318176981061697,0.07739974139258265,0.0777973448857665,0.07534534018486738,0.07307640509679914,0.06482246378436685,0.06580592365935445,0.0764530561864376,0.0707400287501514,0.06558310892432928,0.06508106319233775,0.06547659914940596,0.06436769803985953,0.06443264009431005,0.06399622093886137,,0.08651831513270736,0.07853437727317214,0.08785106102004647,0.09473226219415665,0.08246818603947759,0.07767259003594518,0.07964470377191901,0.08854434080421925,0.07430688105523586,0.07760632503777742
automotive01/automotive01.dimacs	1.8776016482152045,1.8683685632422566,1.929818098898977,1.8848135080188513,1.8848231928423047,1.937778765335679,1.9186251312494278,1.9182844436727464,1.9156122459098697,1.9193255570717156,1.8340779631398618,1.8311154190450907,1.8357363557443023,1.8829379808157682,1.8705785442143679,1.8788729030638933,1.8649101448245347,1.8497616578824818,1.8208697978407145,1.8130278871394694,1.9235358000732958,1.9016032302752137,1.955443306826055,1.9325834386982024,1.854004809167236,1.9829356130212545,1.8974927100352943,1.871418073773384,1.8970866240561008,1.8870937312021852,1.916644908953458,1.8892195266671479,1.8909388976171613,1.8928422359749675,1.9090710300952196,1.8918474931269884,1.8955062134191394,1.9006361118517816,1.8867376698181033,1.9243385759182274,,1.9028305290266871,1.9077842622064054,1.9021091600880027,1.8874399499036372,1.886834366247058,1.8771635880693793,1.9055498288944364,1.9033835139125586,1.9371288740076125,1.9086470887996256
automotive02/automotive2_4.dimacs	7.013744407799095,7.0904959929175675,6.666631023865193,6.7459597531706095,6.844886003993452,7.086215568706393,7.008997933007777,6.873935434967279,6.815039363224059,6.796444511972368,6.6558199897408485,6.752913863863796,6.884518933016807,6.658662022091448,6.774109206162393,6.931704527698457,6.979706912767142,6.752316432073712,6.694915518164635,6.774443997070193,7.048802855890244,6.940347759053111,7.120248703751713,6.927316483110189,6.892390684224665,6.863735011313111,6.851512232795358,6.875014478340745,6.882633137051016,6.883275729138404,7.476513743866235,7.170404052827507,7.137839373666793,7.239298931788653,7.276467638090253,7.196266563143581,7.17170384991914,7.05236844625324,6.965381857007742,6.970686642918736,,6.966323542874306,6.971471575088799,7.116037865169346,7.266506194137037,7.249265979975462,7.116356969345361,7.347079596016556,7.239571189042181,7.144428374245763,7.151451516896486
featureide_examples/berkeleydb.dimacs	0.019151527900248766,0.014190091751515865,0.010711460839956999,0.012470756191760302,0.010747620835900307,0.015749790240079165,0.012881078291684389,0.012924097012728453,0.011569704860448837,0.011389621999114752,0.012682397849857807,0.018724489025771618,0.017568333074450493,0.01726648211479187,0.017351141665130854,0.01885069627314806,0.015548957046121359,0.013332695700228214,0.016234782058745623,0.016404354013502598,0.013430175837129354,0.017062538769096136,0.01397267822176218,0.01802400080487132,0.014515009243041277,0.011989051010459661,0.011556769255548716,0.013151309918612242,0.012159527745097876,0.012344223912805319,0.018423233181238174,0.014379356056451797,0.014029172714799643,0.015193596947938204,0.013993734959512949,0.015829817857593298,0.014327431097626686,0.01341945305466652,0.01762437727302313,0.01803430588915944,,0.012701035011559725,0.017372169066220522,0.018165952060371637,0.018568991217762232,0.017742669209837914,0.010984426829963923,0.010941211599856615,0.010741913225501776,0.010845354292541742,0.010693734046071768
financial_services/financialServices_2018-05-09.dimacs	0.8026145836338401,0.8469297997653484,0.8025557189248502,0.8076170790009201,0.8019077209755778,0.8384886682033539,0.8012643386609852,0.8041327218525112,0.8102079299278557,0.7947276183404028,0.8569929441437125,0.8024021717719734,0.812479882966727,0.8071116069331765,0.8210074449889362,0.8148300009779632,0.7917948178946972,0.8423741781152785,0.8241698862984776,0.8159575313329697,0.8431450040079653,0.8053491641767323,0.800771065056324,0.804149508010596,0.7913975035771728,0.8201288818381727,0.8217655569314957,0.8022855222225189,0.8217829870991409,0.8318786099553108,0.8360114288516343,0.8198241777718067,0.815502205863595,0.8153065289370716,0.8129492308944464,0.8114837259054184,0.8313025292009115,0.8130413331091404,0.8156804731115699,0.8344476651400328,,0.817717781290412,0.8218789799138904,0.8212603572756052,0.8457875279709697,0.8174081891775131,0.8453437020070851,0.8266193787567317,0.8265318148769438,0.8242686581797898,0.8237174390815198
confidential/automotive03/03.dimacs	0.06638269405812025,0.06759998388588428,0.06575577007606626,0.08201545709744096,0.06982410186901689,0.06424628105014563,0.06694848416373134,0.06633580895140767,0.06697425385937095,0.06576277315616608,0.0835863221436739,0.0832179170101881,0.08304169215261936,0.07472221506759524,0.08415068266913295,0.1179284960962832,0.12034082226455212,0.11511536594480276,0.1146673527546227,0.09366685524582863,0.06714988499879837,0.07260277261957526,0.06782734114676714,0.06743962410837412,0.07145035779103637,0.07060144189745188,0.06787640182301402,0.0676741236820817,0.07312501408159733,0.07163954619318247,0.08405321137979627,0.07324259588494897,0.06833960581570864,0.07194376271218061,0.06666654394939542,0.06781959487125278,0.06893517263233662,0.06844506738707423,0.07078299485147,0.07394827483221889,,0.08207919402047992,0.08382191229611635,0.07780214166268706,0.083304638043046,0.08347667893394828,0.08018051087856293,0.07963956613093615,0.0835997830145061,0.08247721800580621,0.08030135091394186
confidential/automotive03/automotive03a.dimacs	0.021367235109210014,0.029086983297020197,0.027596392203122377,0.026127544231712818,0.02945064101368189,0.025663254782557487,0.019599630031734705,0.027934974990785122,0.02851873729377985,0.027159019839018583,0.0719628450460732,0.0568697159178555,0.057884331792593,0.037639630027115345,0.029054272919893265,0.059823297429829836,0.03422928927466273,0.05773827061057091,0.05408883327618241,0.11119663994759321,0.022208239883184433,0.019847644958645105,0.02184633305296302,0.022055592853575945,0.022490191273391247,0.02196551999077201,0.020571087952703238,0.02072759997099638,0.020612462889403105,0.025449044071137905,0.020271499175578356,0.02861163020133972,0.026847201865166426,0.027960083913058043,0.02391072828322649,0.027105333283543587,0.02730817161500454,0.019368974026292562,0.01913068164139986,0.01911802589893341,,0.024424392264336348,0.02707536518573761,0.02641964703798294,0.026661701034754515,0.02221533376723528,0.028564506210386753,0.029067230876535177,0.027599703054875135,0.02162319514900446,0.027488254010677338
confidential/automotive03/automotive03b.dimacs	0.33797826431691647,0.30890431674197316,0.302305837161839,0.3001402481459081,0.3009273959323764,0.3078677491284907,0.30814456194639206,0.3021293426863849,0.29967443086206913,0.32364170998334885,0.35854602232575417,0.3421280439943075,0.3242935389280319,0.3486879160627723,0.3142611440271139,0.3370209261775017,0.3650068650022149,0.31706080911681056,0.33749860199168324,0.33849669992923737,0.30753886606544256,0.3043309268541634,0.30428727297112346,0.30639625433832407,0.3046537721529603,0.30244411202147603,0.30631967494264245,0.3062662170268595,0.3050357885658741,0.3060654681175947,0.31169052701443434,0.3106235680170357,0.3079934436827898,0.315179490018636,0.318152975756675,0.31064074486494064,0.33402962796390057,0.31755127292126417,0.3146676355972886,0.31532230973243713,,0.3445641207508743,0.3416128749959171,0.3113992027938366,0.31329746171832085,0.31303258473053575,0.31121744541451335,0.33074321411550045,0.3332130238413811,0.3142915810458362,0.3137587602250278
confidential/automotive04/04.dimacs	0.041512581054121256,0.03784742299467325,0.035745623987168074,0.03617616696283221,0.04598863190039992,0.04045287799090147,0.03735314216464758,0.03518977481871843,0.035873798187822104,0.036045302636921406,0.05347805982455611,0.08181747235357761,0.0818936638534069,0.05794038577005267,0.04937906889244914,0.05039325729012489,0.057404349092394114,0.051768115255981684,0.051145060919225216,0.05093487910926342,0.03769200760871172,0.03650573920458555,0.03398074582219124,0.035704853013157845,0.0460181450471282,0.040650017093867064,0.037648099940270185,0.03646683366969228,0.04608479095622897,0.04054308356717229,0.0413346360437572,0.03822110267356038,0.04180191596969962,0.04171953396871686,0.03780198888853192,0.03680898109450936,0.03697944292798638,0.03943667374551296,0.039107331074774265,0.035715471021831036,,0.04769526980817318,0.04174426710233092,0.04252220503985882,0.03935008216649294,0.03948361938819289,0.03690870199352503,0.047366572078317404,0.03960318164899945,0.0384159698151052,0.03656268818303943
confidential/automotive05/05.dimacs	353.94836874864995,359.57945020962507,365.7439531451091,365.7843979699537,359.8394917231053,357.62434772308916,342.26800292544067,362.05420883512124,358.4838949069381,358.9866760177538,353.31211643712595,363.28970361175016,344.4344951072708,354.47143633430824,357.17410549288616,351.5171945230104,357.5037266709842,352.8736516367644,355.3841116973199,354.670152369421,354.56076350808144,361.1452241828665,363.0908497911878,356.0348003129475,361.1605411958881,361.20494102686644,362.19104118458927,343.91992138698697,358.07472261833027,348.2781400731765,357.8683662447147,362.7832155157812,350.592129138764,358.11380488891155,360.1117527349852,339.8252427796833,352.8805929487571,358.66744664218277,358.79448605980724,352.81627264386043,,356.200339152012,350.5274763768539,356.4790133908391,352.5949831479229,350.3071393640712,350.7443887600675,357.4867247119546,363.02635509800166,350.6421590507962,349.63435559812933
confidential/automotive06/automotive06a.dimacs	0.05215193424373865,0.05054157320410013,0.05281939310953021,0.05119487503543496,0.050675369799137115,0.0507570868358016,0.052352599799633026,0.05107724806293845,0.05115046398714185,0.05095635587349534,0.04450609674677253,0.05169160198420286,0.05092601105570793,0.05075031705200672,0.05173056619241834,0.04575237492099404,0.052480423822999,0.04726536013185978,0.04494666634127498,0.0468457848764956,0.051471570041030645,0.0498529989272356,0.04911208990961313,0.051016371231526136,0.0461721858009696,0.044530984945595264,0.0435016299597919,0.05078754900023341,0.04660812485963106,0.044408245012164116,0.05281642684713006,0.043505419977009296,0.05050107603892684,0.05103274993598461,0.0520028006285429,0.044590625911951065,0.040359132923185825,0.03825550526380539,0.051474749110639095,0.047003479208797216,,0.051536194048821926,0.05035244068130851,0.050684025045484304,0.050222054589539766,0.05013494612649083,0.05133001785725355,0.052344169933348894,0.04935970716178417,0.04776040418073535,0.04485050402581692
confidential/automotive06/automotive06b.dimacs	0.3928076811134815,0.4019553689286113,0.3602015092037618,0.3596247090026736,0.3829547488130629,0.3870725561864674,0.3654988622292876,0.3646463053300977,0.3605842888355255,0.3841529958881438,0.36694012209773064,0.38120247796177864,0.39735835418105125,0.39493646705523133,0.3753543198108673,0.35906810825690627,0.37893881229683757,0.3658004002645612,0.37193925585597754,0.36514046089723706,0.3781736730597913,0.3368555950000882,0.33333532279357314,0.3353961640968919,0.36234028823673725,0.33496475080028176,0.3312325910665095,0.36076434794813395,0.3408555700443685,0.33454937394708395,0.3587190010584891,0.3927672291174531,0.3502306267619133,0.3514813017100096,0.3495041341520846,0.34730893606320024,0.3473488800227642,0.351247641723603,0.34800740191712976,0.3724212716333568,,0.37821149826049805,0.37765358993783593,0.34693634882569313,0.3481771959923208,0.34897854225710034,0.34787674620747566,0.3538815937936306,0.34793985402211547,0.3509599841199815,0.3501922762952745
confidential/automotive07/automotive07a.dimacs	0.24878613324835896,0.25146049028262496,0.24593454413115978,0.24488590797409415,0.248880036175251,0.24965784698724747,0.24839101172983646,0.24479585886001587,0.24385887011885643,0.24350697780027986,0.2445440529845655,0.2464609988965094,0.24692766508087516,0.24409798067063093,0.24354874482378364,0.2422861810773611,0.24306694511324167,0.24252106016501784,0.241013219114393,0.24080982711166143,0.2215503128245473,0.22453724779188633,0.22479315660893917,0.2217288319952786,0.22514911508187652,0.22527466109022498,0.21927954582497478,0.22028947807848454,0.2246306650340557,0.22406018571928144,0.24021612387150526,0.23494373820722103,0.23729616310447454,0.24062011810019612,0.24010458681732416,0.2604060643352568,0.23876212676987052,0.23570466600358486,0.23975326120853424,0.2400379916653037,,0.23669877322390676,0.26055711787194014,0.2388434363529086,0.23286649398505688,0.23553920118138194,0.23820564802736044,0.23310788115486503,0.23571282904595137,0.23594645923003554,0.26520476303994656
confidential/automotive07/automotive07b.dimacs	13.070798313710839,13.32748230593279,13.411582965869457,12.602493207901716,12.657414800021797,12.6343138278462,12.61195037001744,12.599121610168368,12.58230953803286,12.580533950123936,12.958561922889203,13.320885743014514,13.218256752938032,12.946524919010699,12.652742838021368,12.689372040797025,12.695481453090906,12.657159599009901,12.652905644848943,12.662548487074673,11.908309875056148,12.049842638894916,11.897067044861615,11.944683514069766,11.98718607565388,11.944897771347314,11.92162100598216,12.06363849202171,11.995990152005106,12.053942959289998,12.729098229203373,12.957718013320118,12.681978185661137,12.745311152655631,12.755572411231697,12.786358800251037,12.736854098271579,12.410316281020641,12.040443073026836,12.174294062890112,,12.831731559708714,12.560906362719834,12.79886613972485,12.739290989935398,12.76205583801493,12.710415769834071,12.7461165538989,12.7360326689668,12.747659659944475,12.706205217167735
