cnf/CDL/am31_sim.dimacs,0.471059056988452,0.511666669044644,0.444946358969901,0.475982763979118,0.455095190030988,0.440459650999401,0.441816264006775,0.44041835697135,0.437570399953984,0.44180678203702,0.47621703700861,0.444153622025624,0.474926554015838,0.470027367002331,0.476753361988813,0.514416891965084,0.481807578005828,0.473611107037868,0.482654757972341,0.47473329002969,0.474459064018447,0.475834307027981,0.516959863016382,0.446584267017897,0.481118232011795,0.496189794968814,0.505060053896159,0.49641733802855,0.475848371163011,0.479002432897687,0.50601466698572,0.476150477770716,0.505781241226941,0.481268933042884,0.509682857897133,0.500865328125656,0.509206771850586,0.501675433013588,0.483446707949042,0.505329636856914,0.498068745713681,0.504541926085949,0.501685322262347,0.509524212218821,0.502463188953698,0.483551362063736,0.50704415794462,0.503924353048205,0.504276779014617,0.496691267937422
cnf/CDL/ea2468.dimacs,1.50629241601564,1.48080565495184,1.49464620999061,1.49204184301198,1.47125707904343,1.50766163901426,1.47700966399862,1.53137689898722,1.52962561295135,1.47298823599704,1.46662868699059,1.46434813900851,1.46772150398465,1.46766074898187,1.49877994705457,1.52976182894781,1.47621003800305,1.49753624503501,1.50555472302949,1.46954619599273,1.4674879660015,1.47005238902057,1.52744524902664,1.46985158103053,1.49515870900359,1.57875774707645,1.58190803602338,1.6069569461979,1.60140627762303,1.58583447895944,1.57433207612485,1.5912305037491,1.59310428705066,1.63091388996691,1.59315354889259,1.62193356594071,1.59395908610895,1.58996460866183,1.60286908084527,1.60024777194485,1.61631723772734,1.59214447019622,1.60902112722397,1.60785090690479,1.5866469014436,1.57598420791328,1.60778536880389,1.61035696323961,1.608644770924,1.59157400811091
cnf/CDL/p2106.dimacs,0.607770322007127,0.625622518011369,0.597807137994096,0.634349575964734,0.627662812010385,0.621307755995076,0.636064708000049,0.625676041992847,0.626660092966631,0.62760549003724,0.628218300000299,0.626781539991498,0.629273679980543,0.633653904020321,0.62906834500609,0.62565096502658,0.631878836022224,0.599636043014471,0.630829236994032,0.602641793026123,0.631752532033715,0.626160198997241,0.623099307005759,0.630185590998735,0.596744868031237,0.640500442124903,0.647301119752228,0.661744351033121,0.665611731819809,0.644165433943272,0.673956139944494,0.693200489040464,0.645726912654936,0.650962514337152,0.673422639723867,0.69245233014226,0.651107911020517,0.669247889891267,0.672146323602647,0.668104261159897,0.645442283712328,0.674742310773581,0.641795955132693,0.673394409008324,0.647711521014571,0.649567595217377,0.670451323036104,0.67667032033205,0.683228171430528,0.670701829250902
cnf/KConfig/axTLS.dimacs,0.09459352697013,0.093816688051447,0.079723722999916,0.097562248003669,0.078647975053173,0.096771159034688,0.09430734597845,0.084544237994123,0.096934636996593,0.078784915967845,0.097014030965511,0.094176905055065,0.093548517033924,0.078401734994259,0.0958406990394,0.077994671009947,0.097156900039408,0.095328408002388,0.093405591032934,0.078233679989353,0.096605483035091,0.093546487973072,0.098016067000572,0.097031585988589,0.096922552969772,0.095036468002945,0.095533906016499,0.093159572221339,0.094117850065231,0.084709852933884,0.097509101964533,0.083860184065998,0.098776096012443,0.097499298863113,0.084382958244532,0.098346076905727,0.094482748303562,0.083801463712007,0.097571138758212,0.084761219099164,0.099086018744856,0.096912882290781,0.083988058846444,0.0981784039177,0.084097848739475,0.09912526793778,0.096828284673393,0.084689178038389,0.098373592831194,0.097523267380893
cnf/KConfig/busybox-1.18.0.dimacs,0.113270819012541,0.110853738035075,0.106309430033434,0.109109992044978,0.105799856013618,0.107618167006876,0.10701831697952,0.10720951895928,0.106654395989608,0.11872663901886,0.106900990009308,0.106383459002245,0.107720145955682,0.106697754003108,0.106762768991757,0.106480285001453,0.10833791695768,0.115598911012057,0.110251964011695,0.1181038049981,0.110741034965031,0.108214994019363,0.115455724007916,0.111269086017273,0.114029100979678,0.114252322819084,0.115392576903105,0.102136289235204,0.113076749723405,0.11145437695086,0.10793076781556,0.116334298159927,0.113916789647192,0.115402140654624,0.11571740405634,0.112643174361438,0.11113981064409,0.109278705902398,0.109647738281637,0.115503476932645,0.114289384335279,0.115555548109114,0.114516232162714,0.115437760949135,0.114718012977391,0.106913003139198,0.107478924095631,0.110116346739233,0.115335355047137,0.113786126952618
cnf/KConfig/embtoolkit.dimacs,0.226183032034896,0.225109628983773,0.225187987030949,0.226227106002625,0.225739156012423,0.219388216966763,0.213997415965423,0.216862739995122,0.225344030943234,0.198902114003431,0.174257117963862,0.171208515006583,0.167905678972602,0.169624137983192,0.169670019007754,0.225989989005029,0.173873239953537,0.17047959798947,0.168141869013198,0.226700220024213,0.169843171024695,0.170960604969878,0.170204763999209,0.172527955030091,0.168444307986647,0.22223605774343,0.215427987743169,0.223869133740664,0.221277927979827,0.188070261850953,0.217736834194511,0.186343780253082,0.185676119290292,0.186588561162353,0.185289480257779,0.222476356197149,0.187388268299401,0.219262483995408,0.188581021968275,0.183789097703993,0.186572937760502,0.184694145806134,0.221330556087196,0.186048567760736,0.185781528241932,0.1818240522407,0.219461180269718,0.185458500403911,0.181808894965798,0.18135627778247
cnf/KConfig/linux-2.6.33.3.dimacs,300,300,300,300,300,300,300,300,300,300,300,300,300,300,300,300,300,300,300,300,300,300,300,300,300,300,300,300,300,300,300,300,300,300,300,300,300,300,300,300,300,300,300,300,300,300,300,300,300,300
cnf/KConfig/uClibc.dimacs,0.095064124034252,0.091225309995934,0.089031295035966,0.09467591001885,0.114915869024117,0.115257408993784,0.11325187998591,0.112450241984334,0.114352255011909,0.112764417019207,0.108934140007477,0.115188447001856,0.113639728049748,0.112162050034385,0.114482355013024,0.111493621021509,0.114070709969383,0.113273048016708,0.113209529023152,0.118014183011837,0.112383773026522,0.118688202986959,0.115319685952272,0.114509678969625,0.114902102970518,0.11738241976127,0.11158199980855,0.112838550936431,0.115071075968444,0.113353621680289,0.110957616008818,0.111915299203247,0.111646238248795,0.110602898988873,0.113111171871424,0.1133315092884,0.114535397849977,0.113790169823915,0.113742475863546,0.118482143152505,0.108138728886843,0.112734217662364,0.113103172276169,0.11149841081351,0.109752370044589,0.113814604934305,0.113060683943331,0.116908429190516,0.113856356125325,0.115804653149098
cnf/KConfig/uClinux-base.dimacs,0.131783279997762,0.131441620003898,0.131300049950369,0.135827702993993,0.134733485989273,0.13101391796954,0.132852419978008,0.131449020991568,0.136650425964035,0.132843906001654,0.130176804959774,0.131973322015256,0.136144958960358,0.131970742018893,0.130979429988656,0.131487945036497,0.130368786980398,0.128905146033503,0.132166134018917,0.129538830020465,0.128939873946365,0.127627753012348,0.129367285990156,0.128138070984278,0.129801066999789,0.133086025249213,0.130033773835748,0.130751460790634,0.129170401021838,0.135173768736422,0.132069706916809,0.130521480925381,0.12873817095533,0.130361721850932,0.130308642052114,0.130634024739265,0.130762804299593,0.130228019785136,0.129996945615858,0.130765230860561,0.128665106836706,0.130470050033182,0.130849949084222,0.129149169661105,0.135478416923434,0.132665283046663,0.128054495900869,0.130635601002723,0.128922847099602,0.134896324016154
cnf/KConfig/uClinux-distribution.dimacs,0.401993491977919,0.348810915020294,0.410943292954471,0.35249203100102,0.349688859016169,0.359613295004237,0.351631950994488,0.350899363984354,0.348183041031007,0.348504520021379,0.388429665006697,0.3560757219675,0.34950635099085,0.349383927998133,0.35436471097637,0.353543801000342,0.349505104997661,0.357247881009243,0.352790256030858,0.348626522987615,0.347239318012726,0.346001215977594,0.347540766000748,0.348367655999027,0.388487579999492,0.42170977499336,0.372714558150619,0.373479441739619,0.376499150879681,0.408851061947644,0.379201233386993,0.377198874019086,0.373565304093063,0.377958098892122,0.377112438902259,0.416075863875449,0.381404933985323,0.407394921872765,0.405588363762945,0.374957752879709,0.376911649014801,0.42630625795573,0.381119621917605,0.37581691890955,0.378474168945104,0.380750359036028,0.376343987882137,0.372537297196686,0.37472604913637,0.375134421046823
cnf/Smarch/2.6.28.6-icse11.dimacs,300,300,300,300,300,300,300,300,300,300,300,300,300,300,300,300,300,300,300,300,300,300,300,300,300,300,300,300,300,300,300,300,300,300,300,300,300,300,300,300,300,300,300,300,300,300,300,300,300,300
cnf/Smarch/2.6.32-2var.dimacs,300,300,300,300,300,300,300,300,300,300,300,300,300,300,300,300,300,300,300,300,300,300,300,300,300,300,300,300,300,300,300,300,300,300,300,300,300,300,300,300,300,300,300,300,300,300,300,300,300,300
cnf/Smarch/2.6.33.3-2var.dimacs,300,300,300,300,300,300,300,300,300,300,300,300,300,300,300,300,300,300,300,300,300,300,300,300,300,300,300,300,300,300,300,300,300,300,300,300,300,300,300,300,300,300,300,300,300,300,300,300,300,300
cnf/Smarch/7z.dimacs,0.098237266007345,0.098265410051681,0.097303410002496,0.093565642018803,0.105957082996611,0.097192659974098,0.096886124985758,0.097864687966649,0.095278894004878,0.093547886994202,0.096816445991863,0.09656040900154,0.09797999903094,0.098088364989963,0.096299655037001,0.098154994018842,0.09699892095523,0.097159086028114,0.097719298035372,0.094811856979504,0.094044118013699,0.097159528988414,0.097126908018254,0.096942200034391,0.097736044961494,0.082161468919367,0.081699872855097,0.082597787026316,0.081479680724442,0.082934387028217,0.082886605057865,0.082853660918772,0.082297949120402,0.083796154242009,0.080897914245725,0.088661710731685,0.082355043850839,0.08293471718207,0.082650342956185,0.082479614764452,0.081441216170788,0.083324105013162,0.083283769898117,0.08158572902903,0.082848771009594,0.081451749894768,0.082697405014187,0.081540272105485,0.082302472088486,0.083048735745251
cnf/Smarch/BerkeleyDBC.dimacs,0.093593875993975,0.096809039008804,0.096205485984683,0.097140795027372,0.097236897971016,0.100091581000015,0.098442227987107,0.096740069973748,0.097719451005105,0.094085138989613,0.096802929008845,0.096366251003929,0.097181170014665,0.097399954975117,0.096846096974332,0.098028479958885,0.094179416017141,0.097009451012127,0.096356183988974,0.097011865000241,0.097404375963379,0.096847276028711,0.097926040994935,0.101753677998204,0.100592612987384,0.080952702555806,0.081003823783249,0.098690829705447,0.083253365941346,0.081754968035966,0.080603246111423,0.078938173595816,0.081710460130125,0.081545722205192,0.081439060159028,0.082192762754858,0.081767504103482,0.101501564029604,0.083513499237597,0.099960877560079,0.085569825954735,0.082148321904242,0.08085997030139,0.07865087594837,0.098892576061189,0.083730245009065,0.082089143805206,0.081298931036145,0.098586306907237,0.083886357024312
cnf/Smarch/Dune.dimacs,300,300,300,300,300,300,300,300,300,300,300,300,300,300,300,300,300,300,300,300,300,300,300,300,300,300,300,300,300,300,300,300,300,300,300,300,300,300,300,300,300,300,300,300,300,300,300,300,300,300
cnf/Smarch/HiPAcc.dimacs,0.075721532979515,0.11710234900238,0.078794915985782,0.075757208047435,0.099001377995592,0.079510993964505,0.098486419999972,0.077754138037562,0.075028201041278,0.074459773954004,0.074805550975725,0.073887101025321,0.099177635973319,0.076692173955962,0.075237829005346,0.073843580030371,0.074480295006652,0.097505169047508,0.076188572973479,0.097498835006263,0.077988553966861,0.075922181946226,0.07319106196519,0.074894349032547,0.072986545972526,0.100744679104537,0.09876021463424,0.098691683262587,0.096161793917418,0.095594526734203,0.094287608750165,0.094378981739283,0.094441542867571,0.094628804828972,0.113001626450568,0.098069542087615,0.096739619970322,0.094932715874165,0.096927077975124,0.094741750974208,0.082925128750503,0.097224045079202,0.096759640146047,0.095510774757713,0.09642638405785,0.097335495986044,0.083014438860118,0.096795358229429,0.096855746116489,0.09745956864208
cnf/Smarch/JHipster.dimacs,300,300,300,300,300,300,300,300,300,300,300,300,300,300,300,300,300,300,300,300,300,300,300,300,300,300,300,300,300,300,300,300,300,300,300,300,300,300,300,300,300,300,300,300,300,300,300,300,300,300
cnf/Smarch/JavaGC.dimacs,0.075378559005912,0.071855603018776,0.071326011966448,0.097655230027158,0.076969676010776,0.097702274972107,0.078462747042067,0.074892312986776,0.07371487095952,0.096944534045179,0.076292470970657,0.09729652403621,0.078015583974775,0.07549045199994,0.073851286957506,0.096935753012076,0.076523151015863,0.097824594995473,0.077280935016461,0.075021558965091,0.074030862946529,0.097120809019543,0.076731031003874,0.098178045009263,0.077393945015501,0.09676868095994,0.098102303221822,0.080292065162212,0.105291117914021,0.082345678005368,0.076086708810181,0.07500306610018,0.078261768911034,0.087970894761384,0.075591652654111,0.097750763874501,0.080206809099764,0.077798319980502,0.097441828809679,0.080548007972539,0.078917413949967,0.079090388957411,0.077672106213868,0.079235321842134,0.078332006931305,0.076977852731943,0.09900285769254,0.081596236675978,0.097599660046399,0.083278494421393
cnf/Smarch/LLVM.dimacs,0.072858523984905,0.096401138987858,0.075883363024332,0.072022477979772,0.098061144002713,0.076135487994179,0.096600188000593,0.078366760979407,0.074281400011387,0.096497415041085,0.076542967988644,0.097010903002229,0.077779505052604,0.096323446952738,0.07889097899897,0.072373101022095,0.096420690009836,0.075506296008825,0.07383365102578,0.096674033033196,0.077593186986633,0.096446573967114,0.076514807005879,0.09714475995861,0.078447026957292,0.079316014889628,0.077744941227138,0.076143216807395,0.077075698878616,0.077365214936435,0.096483779139817,0.081483370158821,0.077140435110778,0.096833663061261,0.080042453948408,0.097078549209982,0.081421448849142,0.077629937790334,0.073602240998298,0.09709834586829,0.080881404224783,0.077637131791562,0.096662804018706,0.080140426754952,0.096589635126293,0.081846224144101,0.07773979799822,0.076989244204015,0.096831454895437,0.081771668978036
cnf/Smarch/Polly.dimacs,0.069936200976372,0.096887348976452,0.077989518991672,0.070094174006954,0.096492011973169,0.078816268010996,0.069908117002342,0.096906785969623,0.077715301013086,0.069549612991978,0.096469661977608,0.079000825993717,0.069395948958118,0.09706099802861,0.077313907037024,0.096911333035678,0.095418432028964,0.085947365965694,0.069527306011878,0.097088001959492,0.077970057027415,0.069472352042794,0.096508753020316,0.07917596999323,0.09782363899285,0.079877499025315,0.078644728753716,0.097563571762294,0.080461949110031,0.074484792072326,0.098858943674713,0.082284568808973,0.077640605159104,0.097192144952715,0.081604927778244,0.076470762956888,0.097386396955699,0.081547705922276,0.07618732471019,0.097478493116796,0.08153299195692,0.077078806236386,0.09702906338498,0.080056385137141,0.077639575116336,0.097315274644643,0.080342851579189,0.077809199690819,0.097212541848421,0.080993209965527
cnf/Smarch/VP9.dimacs,0.079070594976656,0.06944932998158,0.096796338038985,0.076650064962451,0.097114079049789,0.094512924028095,0.079306317958981,0.098696875968017,0.092474374978338,0.07852752902545,0.069966303999536,0.069629553006962,0.097269152989611,0.077347213984467,0.097088371985592,0.075215358985588,0.069490652007517,0.0697817170294,0.097468388965353,0.078009378979914,0.070214867999312,0.069538437004667,0.097547307959758,0.078228761034552,0.069507836014964,0.078655982855708,0.098196852952242,0.081326598767191,0.079173047095537,0.0793367321603,0.075860965996981,0.101042660884559,0.081543448846787,0.077828823123127,0.079437696840614,0.077155475970358,0.100206735078245,0.080595633015037,0.079216251149774,0.079231942072511,0.07569358823821,0.09750663721934,0.081226313021034,0.078541432972998,0.079565420746803,0.075419437140226,0.097500320058316,0.080226155929267,0.097747850231826,0.080831008963287
cnf/Smarch/X264.dimacs,0.096145646006335,0.078336574952118,0.069176179997157,0.096599244978279,0.076795379049145,0.069374551996589,0.069301337003708,0.100974621949717,0.078605459013488,0.06903485301882,0.069368047988974,0.069246155035216,0.097089332004543,0.078249516023789,0.069431183976121,0.097048147988971,0.078837765031494,0.097351211996283,0.078303936985321,0.096115674998146,0.074595012003556,0.096308256965131,0.078767972998321,0.069559161027428,0.0964825549745,0.075236893258989,0.097153324168176,0.080385607201606,0.096889797132462,0.081116484012455,0.078096496872604,0.074181902687997,0.096865987405181,0.080049741081894,0.09681692533195,0.081393905449659,0.075822715647519,0.076135691255331,0.076840442139655,0.076090869028121,0.076896571088582,0.07599559891969,0.077497645281255,0.097154538147152,0.080367686692625,0.096874417271465,0.081478217151016,0.075806037988514,0.075737395789474,0.096709405072033
cnf/Smarch/adderII.dimacs,0.849218417017255,0.836230978020467,0.849756692012306,0.797818492050283,0.837506451003719,0.849474099988584,0.798086486989632,0.836098640982527,0.848556966986507,0.795406736026052,0.837731158011593,0.84573552798247,0.796339430962689,0.807113539951388,0.794443199993111,0.796853309031576,0.79685183003312,0.794330712000374,0.795083258999512,0.795991252001841,0.835425464028958,0.801523651985917,0.794095368008129,0.795748011034448,0.794215815025382,0.886674720793963,0.883496508002281,0.856682247947902,0.867701217066497,0.85324964672327,0.879082423169166,0.876818470656872,0.856665333732963,0.89279513573274,0.854102387093008,0.8826396712102,0.852262540254742,0.881578067783266,0.851314077153802,0.886202900670469,0.857293977867812,0.876946086995304,0.887287965044379,0.857723462861031,0.880206777248532,0.853671584744006,0.874542948324233,0.888704697135836,0.856248385738581,0.882627373095602
cnf/Smarch/at91sam7sek.dimacs,0.825779275968671,0.827283466991503,0.825315708003473,0.826727944018785,0.825107853044756,0.824985353974626,0.827286464977078,0.871670526976232,0.83428562496556,0.872126054018736,0.87275329104159,0.832940412976313,0.849689006980043,0.876862986013293,0.868408298003487,0.837838672974613,0.871445609955117,0.873847383016255,0.859827159030829,0.880437038023956,0.877563887042925,0.832395788049325,0.873259317013435,0.832425576983951,0.852239343977999,0.885620816145092,0.91361992387101,0.910226058214903,0.927812210749835,0.889938845299184,0.914572103880346,0.888012009207159,0.914018589071929,0.885458014905453,0.914142936002463,0.886438278015703,0.912966293282807,0.914526673033834,0.886395147070289,0.887655298225582,0.920639074407518,0.889992361888289,0.914872807916254,0.946337298955768,0.886578018777072,0.916794282849878,0.912290866021067,0.916461712680757,0.948453057091683,0.886190951801837
cnf/Smarch/axTLS.dimacs,0.105859467003029,0.086267756007146,0.106831507000607,0.087026779016014,0.108293779951055,0.0861401950242,0.108461464988068,0.105411345022731,0.08703862701077,0.107110201031901,0.086781739955768,0.108601328975055,0.105193534982391,0.086879901995417,0.107152506010607,0.087158322974574,0.107194530020934,0.086567137041129,0.108134942012839,0.084045052004512,0.109575375972781,0.086474257986993,0.108404950995464,0.105722445994616,0.086593888001517,0.10217394772917,0.105320014990866,0.104482049122453,0.091486979275942,0.111546683125198,0.105536831077188,0.105623790062964,0.091801243834198,0.109065462369472,0.092032044194639,0.109317655209452,0.10635178303346,0.104576570913196,0.105388233903795,0.104449425358325,0.092770194169134,0.107252371031791,0.102994817774743,0.089770691003651,0.107927229721099,0.090461147017777,0.10772246401757,0.105323145166039,0.090839458163828,0.108070663642138
cnf/Smarch/axtls_2_1_4.dimacs,0.096562771999743,0.096518780977931,0.078747888968792,0.097333306039218,0.097100066952407,0.077921996999066,0.096847373002675,0.078903129964601,0.099085523979738,0.077187882969156,0.098288772045635,0.096504843968432,0.077924603014253,0.097477200033609,0.097036341030616,0.081389511993621,0.097729986999184,0.078144849976525,0.098008375032805,0.096450968994759,0.078384939988609,0.097294454986695,0.097048898984213,0.078282659989782,0.096787921967916,0.098179664928466,0.095219864975661,0.082369424868375,0.096716134808958,0.096487519331277,0.082232748158276,0.097602692898363,0.095679906662554,0.082305873278529,0.096759969834238,0.096278599929065,0.082936411257833,0.09664192982018,0.094876008108258,0.093659928068519,0.094650655984879,0.094384375028312,0.094468872994185,0.094238778110594,0.094626817852259,0.09405525168404,0.0950315319933,0.094707640819252,0.093884700909257,0.094103469979018
cnf/Smarch/buildroot.dimacs,300,300,300,300,300,300,300,300,300,300,300,300,300,300,300,300,300,300,300,300,300,300,300,300,300,300,300,300,300,300,300,300,300,300,300,300,300,300,300,300,300,300,300,300,300,300,300,300,300,300
cnf/Smarch/busybox-1.18.0.dimacs,0.19656152301468,0.197890170966275,0.198308516002726,0.192991636984516,0.192731782037299,0.192990862997249,0.194655249011703,0.194199533027131,0.191106620011851,0.193931752990466,0.190744180988986,0.191413905995432,0.190736698976252,0.192462100996636,0.194463967985939,0.207397427991964,0.194419497041963,0.195369426975958,0.19551811699057,0.197847025992814,0.195111182983965,0.194868368969765,0.195638723962475,0.198168531002011,0.194184639956802,0.161649859976023,0.198005440179259,0.164422507863492,0.193785530980676,0.164383112918586,0.195411800872534,0.165117708034813,0.160797901917249,0.200279545970261,0.164284962229431,0.196873743087053,0.165312085766345,0.196232404094189,0.164593110792339,0.161116383969784,0.194365920964628,0.164151761680841,0.197904828935862,0.165944516193122,0.16095965821296,0.196303469594568,0.164061793126166,0.198643818963319,0.163877285085619,0.194811857305467
cnf/Smarch/busybox_1_28_0.dimacs,0.214084319013637,0.212282004998997,0.217115554027259,0.217941861017607,0.213676790997852,0.220063807035331,0.215714509016834,0.212555248988792,0.213824351958465,0.21383165899897,0.212324788968544,0.214661562000401,0.213925921008922,0.210586625034921,0.212995682028122,0.211592369014397,0.214560049003921,0.214354479976464,0.21265294298064,0.213275215995964,0.214801181980874,0.212483313982375,0.212255284015555,0.216705946018919,0.215738011989742,0.197790903039277,0.197944005951285,0.193663308862597,0.215223120991141,0.215595556888729,0.214477664791048,0.218520401977003,0.215476234909147,0.210582681931555,0.215586675796658,0.216808827128261,0.211335724685341,0.217842299956828,0.21868770616129,0.213626763783395,0.214954345021397,0.216381191741675,0.2131367190741,0.215903078671545,0.217560871038586,0.216806161683053,0.21739097405225,0.214018437080085,0.214432676788419,0.211386301089078
cnf/Smarch/ecos-icse11.dimacs,300,300,300,300,300,300,300,300,300,300,300,300,300,300,300,300,300,300,300,300,300,300,300,300,300,300,300,300,300,300,300,300,300,300,300,300,300,300,300,300,300,300,300,300,300,300,300,300,300,300
cnf/Smarch/embtoolkit.dimacs,97.1548587449943,97.1820455460111,97.2970726829954,97.6086152329808,99.2325191360433,98.7551485209842,98.7419530019979,98.6575976939639,98.5970928309835,98.7163925649947,98.8056148370379,98.1771701120306,97.7438979579602,97.694126716,97.7671511259978,97.8709661379689,97.6124705999973,97.7333046559943,97.7083279070212,97.5012752889888,97.7481221980415,97.827690495993,97.6631139810197,97.5493705870467,97.8798722160282,108.526716048829,108.670643324964,106.552642000839,106.574024274014,104.886286080815,104.850225307979,104.572024915833,104.859919724055,105.289109313861,106.795015893877,111.148643054999,110.993600346148,109.162855436094,108.867186524905,109.536536348984,107.115030823741,107.989696976729,110.01981393341,107.640007185284,107.821476527955,108.465982686263,108.996897294652,105.126706338022,109.269331614953,109.192158361897
cnf/Smarch/fiasco.dimacs,0.160894058004487,0.128941324015614,0.129335345001891,0.128635912027676,0.129740806005429,0.130896274989937,0.126978363026865,0.127615054021589,0.128155335027259,0.12532920402009,0.12876013899222,0.12637191900285,0.123666009982117,0.122270734980702,0.122432933014352,0.119870537950192,0.122646532021463,0.122420658997726,0.16353286197409,0.132659711001907,0.121346013038419,0.122594566957559,0.121657755051274,0.16246785200201,0.12739556399174,0.140110122971237,0.136982253286988,0.163113611750305,0.139111679047346,0.166145932860673,0.140205757226795,0.136244876775891,0.137672742828727,0.136453348677605,0.141235341317952,0.139563569799066,0.141906348988414,0.140712466090918,0.137243390548974,0.140808488707989,0.139349066186696,0.137094880919904,0.135737195145339,0.135562734678388,0.142235497944057,0.138049259316176,0.132990446873009,0.138461743947119,0.137178905308247,0.167495222296566
cnf/Smarch/fiasco_17_10.dimacs,0.130474833014887,0.105358517030254,0.097348213021178,0.132612856978085,0.106555017002393,0.097180684970226,0.132182018016465,0.104795810999349,0.102413314976729,0.102002383035142,0.102226855990011,0.131872342957649,0.106850098003633,0.097612207988277,0.131965622014832,0.105885274999309,0.130297193012666,0.105844344012439,0.096880670986138,0.134763946000021,0.105745703971479,0.09674238099251,0.132082531985361,0.103005580953322,0.1026043400052,0.113664262928069,0.109584516379982,0.111365179996938,0.111541158985347,0.104547837283462,0.132631075102836,0.112084043212235,0.13526888564229,0.132171559147537,0.128504464868456,0.127156699076295,0.132395030930638,0.126721033360809,0.113664025906473,0.133884362876415,0.135261312127113,0.1143678589724,0.13429600931704,0.135989651083946,0.128027154132724,0.131219533272088,0.125396891031414,0.134590486995876,0.133423165883869,0.125550142955035
cnf/Smarch/freebsd-icse11.dimacs,3.659241241985,3.65033836604562,3.65191854699515,3.65145366900833,3.69217523903353,3.65986248402623,3.69579599896679,3.64378461200977,3.61666081601288,3.66242673899978,3.65764111699536,3.66003445099341,3.68687962001422,3.65807259798748,3.65821924898773,3.69904695200967,3.6736310729757,3.65492602001177,3.73021739604883,3.70463796996046,3.67198867502157,3.74992299202131,3.67950075201225,3.67115643701982,3.71160057903035,4.02744027785957,4.00850969785824,4.00232162233442,3.99577924516052,3.99834877159447,4.01149915391579,3.96172440610826,3.95846066903323,4.04936427483335,4.00048822397366,3.96351846819744,3.97920478601009,3.98055352689698,4.0007455078885,3.94506030529737,3.97947219666094,3.98740928433836,4.00071263406426,3.99057960510254,3.98681309400126,4.00473496085033,4.06351182190701,3.99722835421562,4.08111610310152,3.97227502474561
cnf/Smarch/freetz.dimacs,300,300,300,300,300,300,300,300,300,300,300,300,300,300,300,300,300,300,300,300,300,300,300,300,300,300,300,300,300,300,300,300,300,300,300,300,300,300,300,300,300,300,300,300,300,300,300,300,300,300
cnf/Smarch/integrator_arm9.dimacs,1.82279756997013,1.82162148400676,1.82185759698041,1.82437249697978,1.82064219802851,1.85266898700502,1.83670980995521,1.85751580499345,1.87959999998566,1.8550322749652,1.85466551099671,1.85617109300802,1.86863152298611,1.82101033098297,1.82092812901828,1.81620661803754,1.85120516997995,1.82644576299936,1.85117319202982,1.826608236006,1.85286820901092,1.8628944309894,1.83032706700033,1.82248800201342,1.81926934304647,1.99951318232343,1.98989628721029,1.98974651098251,1.99416292924434,1.9975476320833,2.02413802873343,2.00166207924485,1.99469896033406,1.99506781017408,1.98659003898501,1.99197182990611,1.98977930471301,2.02530174003914,2.02308528032154,1.99510770803317,2.04824206186458,1.99579078610986,1.99620186211541,1.9882807652466,2.15557574294507,2.01563032902777,1.99617104418576,2.01639418723062,2.00574456388131,2.03614457184449
cnf/Smarch/lrzip.dimacs,0.071949550008867,0.078279385983478,0.078349917021114,0.073819313023705,0.072888539987616,0.070706997998059,0.073094482999295,0.070086364983581,0.08031381899491,0.077075974026229,0.077627988008317,0.077129382989369,0.079904780955985,0.077738777035847,0.076780509960372,0.079207811970264,0.074122785008513,0.072646412998438,0.070519326953217,0.072020143037662,0.078114266972989,0.076146868988872,0.078113257011864,0.077658394991886,0.07443025696557,0.098175670020282,0.095007142052054,0.09354591416195,0.094809042755514,0.094152552075684,0.094409169163555,0.094235996715725,0.09442132897675,0.09435180015862,0.094532385934144,0.094286251813173,0.097664056345821,0.094793671742082,0.094365417025983,0.094283748418093,0.094376638066024,0.094185786321759,0.094374360982329,0.097804636694491,0.094688695855439,0.094888075254858,0.094200948718935,0.094328170176596,0.094461867120117,0.094567030202597
cnf/Smarch/m5272c3.dimacs,0.832946348993573,0.834780265053269,0.852993124048226,0.845051152980886,0.805819672008511,0.851358915038873,0.805536596977618,0.849653475976083,0.84686068497831,0.843949797970708,0.84698509395821,0.847209616971668,0.840140930959024,0.83048795198556,0.853390313975978,0.844214863027446,0.837812278012279,0.85173102398403,0.808106257987674,0.8502605590038,0.80255478201434,0.84726921399124,0.802993074001279,0.804117758001667,0.842829911969602,0.926843454129994,0.907667172141373,0.88014450063929,0.903682244010269,0.901083671022206,0.91094807907939,0.906832875218242,0.899965527933091,0.874052919913083,0.897809096146375,0.882174678146839,0.888021276332438,0.88198803877458,0.874527485109866,0.884864680934697,0.903784323018044,0.880144526716322,0.904352278914303,0.90708820708096,0.909619550220668,0.878040476702154,0.907347466796637,0.877350053749978,0.879041663836688,0.886434825602919
cnf/Smarch/olpce2294.dimacs,1.51846065401332,1.47960305999732,1.4741908480064,1.47073927603196,1.47170437598834,1.47511113202199,1.47726747597335,1.4715464739711,1.46896024502348,1.46877749898704,1.47855694894679,1.4727955989656,1.50819423201028,1.5069400939974,1.4720091719646,1.46902996499557,1.48025958403014,1.48361770599149,1.47368481900776,1.47103048395365,1.48288340400904,1.47351332998369,1.4784256509738,1.47588307003025,1.4707869089907,1.63389908894897,1.61593192815781,1.61099502211437,1.61608529882506,1.64006805978715,1.61631797300652,1.61057970998809,1.66168122598901,1.66694727772847,1.6169170839712,1.60936160199344,1.62434652075171,1.64511128608137,1.64024872006848,1.63155680010095,1.64185856608674,1.62877903785557,1.636210270226,1.63033344596624,1.65556425601244,1.6361688519828,1.61732751317322,1.61507745599374,1.60915893409401,1.63957482902333
cnf/Smarch/pati.dimacs,0.942999869992491,0.965624573989771,0.946583108045161,0.98734745499678,0.945868107955903,0.984782127023209,0.94753808103269,0.982493755000178,0.94398567697499,0.98261824803194,0.992600336030591,0.988451488956343,0.943510083947331,0.98530355701223,0.952192650991492,0.948771770985331,0.990692102001049,0.946219906036276,0.983860953012481,0.943598846031818,0.981631449016277,0.945124851015862,0.980723967019003,0.990579937992152,0.941826814960223,1.03385498793796,1.05828269105405,1.03061823220924,1.08625247702003,1.03900213586167,1.06634647399187,1.0294237989001,1.03924783691764,1.05853079119697,1.0331276440993,1.0398568068631,1.03925935272127,1.03482927521691,1.05800090823323,1.03705460391939,1.06329299276695,1.0300255259499,1.0549279008992,1.03440346010029,1.0583068029955,1.03560356609523,1.05777143873274,1.04781297082081,1.02864360623062,1.05933106504381
cnf/Smarch/phycore229x.dimacs,1.07044103601947,1.06474742997671,1.08911401598016,1.0320709689986,1.07082395697944,1.03771014098311,1.07452425098745,1.03063718799967,1.06520868500229,1.0798698309809,1.03871321200859,1.08446798403747,1.03443668101681,1.07237066602102,1.03600646200357,1.06258994800737,1.08054983301554,1.03085261001252,1.07359430601355,1.06510875397362,1.0317078869557,1.07618032599567,1.06742669199593,1.03633230394917,1.07363201398402,1.13108612736687,1.15571553912014,1.12710818788037,1.15443468326703,1.12836209218949,1.1603203737177,1.12513916194439,1.15889522898942,1.15990886976942,1.13155401404947,1.15539196599275,1.13341168407351,1.15354011766613,1.16419831104577,1.1492633856833,1.16309615503997,1.12676875293255,1.12917387019843,1.12933459179476,1.15529247140512,1.18215488502756,1.13895338820294,1.16601297399029,1.13372944528237,1.13424388179556
cnf/Smarch/ref4955.dimacs,0.764746035041753,0.795681499992497,0.809392012015451,0.806616140995175,0.764473351009656,0.798551053041592,0.76646387000801,0.77102535503218,0.81021803204203,0.763970208994579,0.800381685025059,0.766003732976969,0.803143109020311,0.807337453996297,0.806944271957036,0.809765457990579,0.808843790029641,0.804699636006262,0.808330098981969,0.808191843971144,0.801682937017176,0.809701977006625,0.808422584028449,0.806948582991026,0.808652203995734,0.865121787879616,0.86789120407775,0.840098923072219,0.867189471144229,0.837061911821365,0.862181211821735,0.86781503399834,0.862842340022326,0.86912256013602,0.863750946708023,0.867687670979649,0.867784802336246,0.865233864635229,0.863908351864666,0.863087212201208,0.865751955192536,0.836584785953164,0.865720980335027,0.859441719949245,0.865516349673271,0.859383624978364,0.864500452298671,0.861916264984757,0.834216438699514,0.856476102955639
cnf/Smarch/se77x9.dimacs,1.74182191997534,1.70385144400643,1.70457628701115,1.7021786160185,1.7012129650102,1.70054657000583,1.70274921203963,1.71083118201932,1.71428630896844,1.70892061799532,1.73741432401584,1.71197143598693,1.73540303600021,1.75120121700456,1.70409549301257,1.70534061198123,1.70784807199379,1.70444923598552,1.70612465398153,1.70756033598445,1.70624583604513,1.70637899596477,1.70427584601566,1.73891354101943,1.72930302401073,1.91855692630634,1.92506777867675,1.89500623801723,1.90021720807999,1.89335830276832,2.02244854811579,1.90054960129783,1.89965655095875,1.89581606118009,1.89009560784325,1.90243891207501,1.89553853077814,1.90888725174591,1.90464450092986,2.05162959080189,1.91808918816969,1.89885574067011,1.8929253150709,1.89813594892621,1.90223697200418,1.89094682177529,1.89660157402977,1.92203250294551,1.86435321485624,1.90953893633559
cnf/Smarch/toybox.dimacs,0.077348908002023,0.072889193019364,0.073343865049537,0.077194079989567,0.07701982598519,0.077625614998397,0.078611263947096,0.074376407021191,0.073083857016172,0.07750178896822,0.077715988038108,0.075110331003089,0.074419679003768,0.077710454002954,0.076771042018663,0.075307632971089,0.073555007984396,0.079987935023382,0.077950121019967,0.077657305984758,0.078713422990404,0.074381031037774,0.073749875999056,0.077971585036721,0.076368723006453,0.082903267815709,0.082040881272405,0.082274760119617,0.082771858200431,0.082534967921674,0.081789609976113,0.080113860778511,0.0809619971551,0.082929698750377,0.08270168537274,0.081320609897375,0.082506109960377,0.083186009433121,0.081659303978086,0.083310279063881,0.081542370375246,0.083170392084867,0.085567678324878,0.080925802700222,0.09972921712324,0.084772139787674,0.099990515038371,0.086615994106978,0.084035233128816,0.080449212808162
cnf/Smarch/toybox_0_7_5.dimacs,0.074564119975548,0.074109566980042,0.071580950985663,0.073428766976576,0.07826311304234,0.077357741014566,0.075057230016682,0.074024707020726,0.071435694000684,0.074875032005366,0.075941407994833,0.073876827023923,0.071445954963565,0.072104975988623,0.071379016037099,0.072508368990384,0.097445587045513,0.077877305971924,0.074641698971391,0.074079382000491,0.077064469980542,0.07666712498758,0.077979335968848,0.080214695015457,0.09592164400965,0.082377380225808,0.083527603652328,0.079379243776202,0.09909705305472,0.095480555668473,0.082819304894656,0.081024984829128,0.083591401111335,0.082805344834924,0.082264501135796,0.082382243126631,0.08055467531085,0.081605349201709,0.081876687239856,0.09857485583052,0.084440786857158,0.083711033221334,0.080899963155389,0.082512033637613,0.081417419947684,0.081994226202369,0.082343821879476,0.081580427940935,0.098682472016662,0.084270459134132
cnf/Smarch/uClibc-ng_1_0_29.dimacs,0.113557797041722,0.13791809999384,0.112028214032762,0.141741800005548,0.108823514019605,0.108773629006464,0.138742215989623,0.110840537003241,0.105415040976368,0.105529441032559,0.138545071007684,0.108691913017537,0.108713241002988,0.105849673040211,0.105391460994724,0.137998764985241,0.109458557970356,0.107869839994237,0.107911705039442,0.144494503969327,0.137295435008127,0.113288205990102,0.139838670031168,0.135123230982572,0.135272454994265,0.115647832397372,0.141165209002793,0.122507509309798,0.113810203969479,0.117501012980938,0.117063114885241,0.118213810026646,0.123903356958181,0.125271155033261,0.124138248153031,0.124343575909734,0.123850368894637,0.125728781335056,0.117505142930895,0.124349385965616,0.122682686895132,0.114283761009574,0.114490913227201,0.115882724989206,0.140685874968767,0.123004659079015,0.115005941130221,0.139988559763879,0.122933909762651,0.115136898122728
cnf/Smarch/uClinux-config.dimacs,41.95287499798,42.1710593320313,41.9627813160187,43.9481200570008,41.9932398140081,41.9469903059653,41.934789307008,41.9069114759914,41.9628779639606,42.2203717849916,41.9420580379665,41.9514490860165,41.9991007720237,42.0418843340012,42.2249225790147,41.9600795989973,42.0151760930312,41.9387305890559,41.9668337500189,42.070164136996,42.0471799020306,42.1199219319969,41.930850484001,41.9262440660386,41.9195865209913,44.8950815028511,44.663374602329,45.3518381360918,46.0506378430873,46.0730981882662,46.1064817612059,46.0396491307765,46.094071649015,46.1225865851156,46.0366004449315,46.0444070426747,46.053474187851,46.2332565379329,46.1396922720596,46.0538846389391,46.1187495328486,46.0621847137809,46.1587704010308,46.1102073360235,46.4338070712984,46.0733049847186,46.2769108209759,46.0585523829795,46.0784727996215,46.2442261381075
cnf/Smarch/uClinux.dimacs,0.07236627000384,0.098399784008507,0.076932162046433,0.074299784027971,0.072796139982529,0.070177302986849,0.072745080979075,0.098529898037668,0.076844963012263,0.074714995978866,0.07280568900751,0.070840294007212,0.072167431993876,0.09829992800951,0.077895862050355,0.074561277986504,0.07254753599409,0.098545338027179,0.077140898036305,0.075187919021119,0.072721708042082,0.098861210979521,0.078832515049726,0.073754612996709,0.072836547042243,0.099657075013965,0.084384774789214,0.084975048899651,0.086310821119696,0.081540846265853,0.099630559794605,0.084625012706965,0.084203544072807,0.099697330966592,0.083776656072587,0.081570378970355,0.099643257912248,0.084729208145291,0.079096143133938,0.087642315775156,0.099771374370903,0.084904076065868,0.078837262000889,0.080969139933586,0.080535671673715,0.078030834905803,0.078769948799163,0.079813001211733,0.100082954857498,0.08396821282804
cnf/automotive01/automotive01.dimacs,0.40340243501123,0.339063684979919,0.332993841962889,0.330250078986865,0.330034698999952,0.329238541016821,0.362133969028946,0.335725515033118,0.337671638990287,0.33753329294268,0.330814544984605,0.332866774988361,0.326691013993695,0.326051518029999,0.325353694963269,0.326436716015451,0.360265431052539,0.337576226971578,0.335634221963119,0.337000225030351,0.328356607002206,0.325169240008108,0.329493974975776,0.328612950979732,0.336222739017103,0.383373782038689,0.363904115278274,0.389333620201796,0.371834556106478,0.362527830991894,0.362610099371523,0.362281634937972,0.363920300733298,0.362556400708854,0.360710476990789,0.368629255797714,0.36995840491727,0.364623653236777,0.363938115071505,0.385945925023407,0.369667187798768,0.363077744375914,0.363503096159548,0.36316357459873,0.389325166121125,0.370595190208405,0.367369631305337,0.361873765010387,0.364041571039707,0.413064670283347
cnf/automotive02/automotive2_4.dimacs,4.22297132998938,4.22146000299836,4.24981576303253,4.24130070803221,4.22435459599365,4.23193698597606,4.27164368098602,4.26551417098381,4.21088456298457,4.24110643600579,4.25024817598751,4.24826581898378,4.22501619701507,4.23149839701364,4.26102567301132,4.23877417604672,4.24546724499669,4.20708711299812,4.2393685959978,4.22371547296643,4.25988543604035,4.2416359600029,4.27526974800276,4.22178414004156,4.27779992698925,4.59426262695342,4.60001068329439,4.65296974638477,4.62527036201209,4.62865015305579,4.63944886391982,4.62211963208392,4.62568978313357,4.61617924226448,4.63339640619233,4.61491769179702,4.63423713482916,4.61301326798275,4.6436727498658,4.62174807395786,4.64494166476652,4.61859008995816,4.60643699299544,4.60842347797006,4.60258840303868,4.62402056995779,4.59435898484662,4.60782267292962,4.61338919680566,4.63577747298405
cnf/featureide_examples/berkeleydb.dimacs,0.076547592994757,0.098391517007258,0.076371164992452,0.098577602999285,0.078399632009678,0.099044321977999,0.078337426006328,0.075673045008443,0.098452485981397,0.079065602971241,0.075321345997509,0.078645474975929,0.076800209993962,0.097921382985078,0.09830576000968,0.096401375019923,0.098439719004091,0.096896871982608,0.096758475003298,0.098227892012801,0.097391452989541,0.097239812021144,0.098148802993819,0.097603475966025,0.096528327965643,0.086794169154018,0.083373491186649,0.08184269303456,0.08309134002775,0.081188810989261,0.083413943182677,0.081233767792583,0.084030743222684,0.081065927166492,0.082674092147499,0.082110130228102,0.100990046747029,0.097123007290065,0.095231560990214,0.100313501898199,0.098942576907575,0.097812885884196,0.097187405917794,0.097909836098552,0.098557356745005,0.09805361321196,0.095643733162433,0.096957663074136,0.101616921368986,0.099364513065666
cnf/financial_services/financialServices_2018-05-09.dimacs,1.85587251000106,1.80624033196364,1.81776994798565,1.80978938302724,1.80764789803652,1.80551051901421,1.82038972899318,1.81630239903461,1.81852413801244,1.81322692800313,1.81055138603551,1.8097794460482,1.81868982804008,1.81254623399582,1.80901020596502,1.81870500202058,1.84782404702855,1.79117136396235,1.81404581299284,1.81722289003665,1.80979225598276,1.81441370601533,1.78489408199675,1.80743572197389,1.81619413098088,2.01012540888041,1.97812458686531,1.9810502869077,1.98389178235084,1.95591258304194,1.9599923803471,1.98123947530985,1.99243457010016,1.95987756131217,1.9797188215889,1.98090149182826,1.964558001142,1.9601922808215,1.97522627701983,1.98361505987123,1.97904073493555,1.96509425202385,1.98675646120682,2.00860580988228,1.96988031687215,1.96569205215201,1.98127481201664,1.97460817079991,1.97674777405337,1.95606968505308
cnf/confidential/automotive03/03.dimacs,0.132778764003888,0.124107473995537,0.158179496997036,0.125678225012962,0.15426037699217,0.133198148978408,0.163749466009904,0.130414552986622,0.164256970980205,0.133253533043899,0.163670142996125,0.131859725050163,0.164338249014691,0.13070316601079,0.164961476053577,0.131323633017018,0.166392983985134,0.129024368012324,0.167167669045739,0.159382521000225,0.126644798030611,0.153408571030013,0.157058598997537,0.157817596977111,0.161585705995094,0.139368563890457,0.138893483672291,0.139666731934994,0.145896316040307,0.144045099150389,0.138443605974317,0.139447595924139,0.139509143773466,0.146521425805986,0.143415973056108,0.141772182192653,0.140589839778841,0.139755460899323,0.168274971656501,0.145643939264119,0.140840483829379,0.143480938859284,0.141543350648135,0.141410419717431,0.149940442759544,0.140175306238234,0.142389674670994,0.141946459654719,0.140934439841658,0.139616768341511
cnf/confidential/automotive03/automotive03a.dimacs,0.100315916002728,0.103062212991063,0.101863144955132,0.100355949951336,0.102731823048089,0.102052171016112,0.100192662037443,0.103029810998123,0.101004650990944,0.10050219198456,0.103787914966233,0.100972249987535,0.100329376000445,0.104661422956269,0.100804165995214,0.099201698030811,0.104402864002623,0.10264700796688,0.103999487997498,0.103174215997569,0.105170405004174,0.103786805993877,0.103638158994727,0.105321884970181,0.104313460993581,0.089881357271224,0.087108782026917,0.086822156794369,0.08663312997669,0.086677577812225,0.086011332925409,0.086773290298879,0.085519012995064,0.086770209949464,0.088372922968119,0.105844739358872,0.089725988917053,0.086054980289191,0.086732395924628,0.085588409099728,0.086307290941477,0.086201237980276,0.086176680866629,0.086810861248523,0.086064878385514,0.087789397221059,0.105869021266699,0.091155993752182,0.105809771921486,0.09129582811147
cnf/confidential/automotive03/automotive03b.dimacs,0.512453728995752,0.479943392972928,0.518182903004345,0.485187773010694,0.481903935025912,0.484769097995013,0.487095916003455,0.480699053965509,0.486269427055959,0.487804987002164,0.484544674982317,0.485574767983053,0.485773240041453,0.518529629043769,0.486318901996128,0.478487232991029,0.480260822048876,0.478445924993139,0.478424971050117,0.480239991971757,0.514231795968954,0.484671205980703,0.484048754966352,0.486943552969024,0.487740991986357,0.532223402988166,0.528811562806368,0.529944620095193,0.527601330075413,0.530190629884601,0.530637418851256,0.529572676867247,0.529516441747546,0.552915752865374,0.532618896104395,0.530227724928409,0.530658424831927,0.529629461001605,0.528589469846338,0.527453368995339,0.552672588266432,0.535417256876826,0.529993618838489,0.526258887723088,0.528348094783723,0.530049453955144,0.558667093981057,0.535565446130931,0.529454626142979,0.529176738113165
cnf/confidential/automotive04/04.dimacs,0.133744649996515,0.133953136974014,0.140581912011839,0.135772813984659,0.133813726017252,0.128269570996054,0.171698655001819,0.13459197798511,0.173705641995184,0.143390901037492,0.131572747020982,0.173027489974629,0.13916014903225,0.134365455014631,0.132160924025811,0.134533838951029,0.175720464962069,0.143358136992902,0.175060363020748,0.139646966010332,0.173717685975134,0.143366090022028,0.17534939799225,0.139927831012756,0.173249905987177,0.17700227489695,0.150080338120461,0.147363915108144,0.175509552005678,0.154229809995741,0.148311664815992,0.148595541715622,0.146969898138195,0.147231609094888,0.146112929098308,0.14514353312552,0.146759203169495,0.146923333406448,0.148887266870588,0.148364388849586,0.145737475249916,0.146732599008828,0.147926047910005,0.174076004885137,0.15340848499909,0.148824247997254,0.150547767989337,0.147657657973468,0.150592082180083,0.147928757127374
cnf/confidential/automotive05/05.dimacs,300,300,300,300,300,300,300,300,300,300,300,300,300,300,300,300,300,300,300,300,300,300,300,300,300,300,300,300,300,300,300,300,300,300,300,300,300,300,300,300,300,300,300,300,300,300,300,300,300,300
cnf/confidential/automotive06/automotive06a.dimacs,0.098125224001706,0.094060732983053,0.095663382031489,0.093611653952394,0.088361600006465,0.095630246971268,0.092816858028527,0.08998693904141,0.090171104006004,0.094171269971412,0.095572792983148,0.092868375999387,0.090858332987409,0.090477536956314,0.093963938008528,0.095484819961712,0.091190299019218,0.094680234033149,0.089595914003439,0.120434810000006,0.093702719954308,0.119893724040594,0.104867290006951,0.119284271029755,0.094149836048018,0.123648467939347,0.117834239266813,0.102140260394663,0.121352335903794,0.120246027596295,0.122800597921014,0.117092435713857,0.126306892372668,0.120694047771394,0.117353431880474,0.116739869117737,0.107011808082461,0.119595548138022,0.11707189399749,0.11910407897085,0.119846439920366,0.119138793088496,0.114580351859331,0.118162376340479,0.117007493972778,0.115938919130713,0.105222604703158,0.120495011098683,0.105988000053912,0.106651837006211
cnf/confidential/automotive06/automotive06b.dimacs,0.60934200801421,0.611595370981377,0.607881237985566,0.646116986987181,0.616617865045555,0.618869601981714,0.616617652005516,0.614407774002757,0.614483395009302,0.613299052987713,0.650296607986093,0.619999987015035,0.621227952011395,0.622061420988757,0.618563804018777,0.618939047970343,0.615217742975801,0.615126666962169,0.614202695025597,0.655425741046201,0.618237814982422,0.615896811999846,0.621299277001526,0.616119608981535,0.619285010965541,0.686117291916162,0.704641229938716,0.681938978843391,0.681184698827565,0.699453129898757,0.681437490973622,0.681119919288904,0.683312803972513,0.68299795826897,0.685292222071439,0.67520111380145,0.682367922738194,0.686850195284933,0.682985652238131,0.686411169357598,0.678338016849011,0.679443432949483,0.681639418937266,0.681141289882362,0.698338250163943,0.682872685138136,0.686113396193832,0.680904558859766,0.677048451732844,0.678116502705961
cnf/confidential/automotive07/automotive07a.dimacs,0.182640459039249,0.182123073958792,0.199153032968752,0.186508380982559,0.196308015962131,0.189263066044077,0.196578226983547,0.189121198025532,0.196454306016676,0.189530219999142,0.196920836984646,0.187382892007008,0.182409793022089,0.182177805982064,0.18541669100523,0.197238499007653,0.187389088969212,0.183122003043536,0.180641867045779,0.196616952016484,0.187328214000445,0.181443521985784,0.20039590698434,0.187002501974348,0.179229113040492,0.210129026323557,0.211927231866866,0.204053324181586,0.209227771963924,0.207187090069056,0.20634137513116,0.203120928723365,0.206936022266746,0.215499942656606,0.210368237923831,0.209426770918071,0.204853980336338,0.204102823045105,0.215537022799253,0.207817358896136,0.204586102627218,0.206352149136364,0.222950152121484,0.210162849165499,0.207560079172254,0.205857601948082,0.206820182036608,0.205956132151186,0.206502035725862,0.204199152998626
cnf/confidential/automotive07/automotive07b.dimacs,9.80969562003156,9.82256295898696,9.84497890301282,9.86911204800708,9.93023162800819,9.8693283519824,9.81585663702572,9.90556270204252,9.79226477700286,9.85937215399463,9.85212373099057,9.88114867697004,9.90611253498355,9.88081899000099,9.87861161195906,9.87999791797483,9.88365358498413,9.88520460302243,9.86903780797729,9.87372253299691,9.85515883198241,9.84895690600388,9.87855775700882,9.87667058198713,9.91283686796669,10.8249974441715,10.8172733117826,10.7876594467089,10.8005781960674,10.8780207689852,10.8739272980019,10.8132712948136,10.8525558733381,10.7798447967507,10.8072962048464,10.8144176090136,10.7988658128306,10.8106256648898,10.8116747881286,10.8114781188779,10.7870667632669,10.8334910850972,10.8403609599918,10.8484163009562,10.8272760161199,10.7956008850597,10.8210900062695,10.8146294811741,10.8149402947165,10.8727859901264
