Model,Ganak-avg,Ganak-med,Ganak-stdev
cnf/CDL/am31_sim.dimacs,1.10200253961491,1.11725419812138,0.056216037256362
cnf/CDL/ea2468.dimacs,3.84907251622411,3.86468743544537,0.203991763236304
cnf/CDL/p2106.dimacs,1.89983869295567,1.90647601764067,0.100014183848312
cnf/KConfig/axTLS.dimacs,0.006706221672939,0.006622881395742,0.000945269430125
cnf/KConfig/busybox-1.18.0.dimacs,0.011510368464515,0.011108367471025,0.001811808280801
cnf/KConfig/embtoolkit.dimacs,0.036619191250065,0.036569560499629,0.005747784471689
cnf/KConfig/linux-2.6.33.3.dimacs,300,300,0
cnf/KConfig/uClibc.dimacs,0.009689046052517,0.009614662907552,0.00191368033477
cnf/KConfig/uClinux-base.dimacs,0.013558379141614,0.012977089965716,0.002554950469717
cnf/KConfig/uClinux-distribution.dimacs,0.012363091083244,0.012039096094668,0.001920647823299
cnf/Smarch/2.6.28.6-icse11.dimacs,300,300,0
cnf/Smarch/2.6.32-2var.dimacs,300,300,0
cnf/Smarch/2.6.33.3-2var.dimacs,300,300,0
cnf/Smarch/7z.dimacs,0.007024195814738,0.006784909637645,0.0010872059341
cnf/Smarch/BerkeleyDBC.dimacs,0.006644652467221,0.006642015068792,0.000850398953251
cnf/Smarch/Dune.dimacs,0.006648168321699,0.006624827627093,0.000730349657193
cnf/Smarch/HiPAcc.dimacs,0.006846569444751,0.006831391510787,0.000907213482774
cnf/Smarch/JHipster.dimacs,0.006895953532075,0.006824094569311,0.000921655772788
cnf/Smarch/JavaGC.dimacs,0.006665102331899,0.006655675533694,0.000895263878986
cnf/Smarch/LLVM.dimacs,0.006576510012383,0.006648103008047,0.000719124001591
cnf/Smarch/Polly.dimacs,0.006527988043381,0.006488403509138,0.000766014237934
cnf/Smarch/VP9.dimacs,0.006728135752492,0.006528087484185,0.000880837656726
cnf/Smarch/X264.dimacs,0.006444211807102,0.006382973399013,0.000774278449263
cnf/Smarch/adderII.dimacs,8.94302318950067,8.93206407770049,0.497284052309026
cnf/Smarch/at91sam7sek.dimacs,4.60633858123678,4.61358378836303,0.245251398576462
cnf/Smarch/axTLS.dimacs,0.011422413607361,0.010651063348632,0.002119437889598
cnf/Smarch/axtls_2_1_4.dimacs,0.006930242992239,0.00679963247967,0.000875184345681
cnf/Smarch/buildroot.dimacs,300,300,0
cnf/Smarch/busybox-1.18.0.dimacs,0.058907741911244,0.060613394511165,0.005894846776768
cnf/Smarch/busybox_1_28_0.dimacs,0.381320204905933,0.392692245543004,0.019178087428323
cnf/Smarch/ecos-icse11.dimacs,16.7681674870558,16.8567893253639,1.20887436305773
cnf/Smarch/embtoolkit.dimacs,12.7441237074265,12.8315608435369,0.371871028778797
cnf/Smarch/fiasco.dimacs,0.024239559002454,0.024386310164119,0.00306168027348
cnf/Smarch/fiasco_17_10.dimacs,0.012240289644106,0.011970107152593,0.002017371141532
cnf/Smarch/freebsd-icse11.dimacs,50.9990768446052,51.1371053615585,1.49139347730405
cnf/Smarch/freetz.dimacs,300,300,0
cnf/Smarch/integrator_arm9.dimacs,9.51735988673987,9.43722082246677,0.431304639924937
cnf/Smarch/lrzip.dimacs,0.006330888755619,0.006359725492075,0.000810810031985
cnf/Smarch/m5272c3.dimacs,5.22922169955796,5.22641261768877,0.262184355949128
cnf/Smarch/olpce2294.dimacs,11.09447729812,11.102938101918,0.560214845752462
cnf/Smarch/pati.dimacs,4.94286149210064,4.93276222998975,0.269886866628063
cnf/Smarch/phycore229x.dimacs,7.10720042527304,7.13321398204426,0.349835456242708
cnf/Smarch/ref4955.dimacs,5.91892477994203,5.93101021702751,0.312191698162757
cnf/Smarch/se77x9.dimacs,12.5630541249563,12.5977563595807,0.627712909491168
cnf/Smarch/toybox.dimacs,0.008241729289293,0.00805949466303,0.001503898034696
cnf/Smarch/toybox_0_7_5.dimacs,0.007040923262248,0.006958585930988,0.000899832750054
cnf/Smarch/uClibc-ng_1_0_29.dimacs,0.011299844550668,0.011095219000709,0.001841038231705
cnf/Smarch/uClinux-config.dimacs,0.192654422452906,0.189217988401652,0.018226383789076
cnf/Smarch/uClinux.dimacs,0.011554170980817,0.011267144931481,0.002320100462252
cnf/automotive01/automotive01.dimacs,0.41671610334306,0.426971546577988,0.021709925793193
cnf/automotive02/automotive2_4.dimacs,0.616370439869352,0.625737216905691,0.038652039413472
cnf/featureide_examples/berkeleydb.dimacs,0.006771316771628,0.006690588401398,0.000868739093418
cnf/financial_services/financialServices_2018-05-09.dimacs,0.067220948854229,0.066758895904059,0.007274590515069
cnf/confidential/automotive03/03.dimacs,0.016930591725977,0.016812724032207,0.002269740591798
cnf/confidential/automotive03/automotive03a.dimacs,0.01038734395639,0.010308012977476,0.001230436196207
cnf/confidential/automotive03/automotive03b.dimacs,0.04437824258348,0.044756831601262,0.002383613796393
cnf/confidential/automotive04/04.dimacs,0.017218612547731,0.017330993054202,0.002007479173406
cnf/confidential/automotive05/05.dimacs,300,300,0
cnf/confidential/automotive06/automotive06a.dimacs,0.012156893125503,0.011348347499734,0.002201298938213
cnf/confidential/automotive06/automotive06b.dimacs,0.048489308217541,0.049085938051576,0.002685522091528
cnf/confidential/automotive07/automotive07a.dimacs,0.053089144997066,0.053139724506764,0.004814264735418
cnf/confidential/automotive07/automotive07b.dimacs,1.57805149720633,1.58967472697259,0.058869695814875
