Model,Countantom-avg,Countantom-med,Countantom-stdev,Ganak-avg,Ganak-med,Ganak-stdev,Sharpsat-avg,Sharpsat-med,Sharpsat-stdev
cnf/CDL/am31_sim.dimacs,0.483375803080853,0.482231167989085,0.023142724059842,1.10200253961491,1.11725419812138,0.056216037256362,0.679291820717626,0.679291820717626,0.017622978246447
cnf/CDL/ea2468.dimacs,1.54380694145453,1.55285448755604,0.057966136339581,3.84907251622411,3.86468743544537,0.203991763236304,2.52953749471111,2.52953749471111,0.0407091332074
cnf/CDL/p2106.dimacs,0.643189156084554,0.638282575062476,0.024611408714523,1.89983869295567,1.90647601764067,0.100014183848312,1.26121633073722,1.26121633073722,0.015940884662047
cnf/KConfig/axTLS.dimacs,0.092025210194988,0.094814997486538,0.006948130557182,0.006706221672939,0.006622881395742,0.000945269430125,0.007087256622035,0.007087256622035,0.000984767259837
cnf/KConfig/busybox-1.18.0.dimacs,0.111149842592422,0.110996774339582,0.003942239015776,0.011510368464515,0.011108367471025,0.001811808280801,0.010755934984773,0.010755934984773,0.001813413413448
cnf/KConfig/embtoolkit.dimacs,0.19642245259136,0.186580749461428,0.022208163512242,0.036619191250065,0.036569560499629,0.005747784471689,0.039792973479489,0.039792973479489,0.002707796212818
cnf/KConfig/linux-2.6.33.3.dimacs,300,300,0,300,300,0,300,300,0
cnf/KConfig/uClibc.dimacs,0.111885483632795,0.113262464001309,0.006203491318386,0.009689046052517,0.009614662907552,0.00191368033477,0.010682203405304,0.010682203405304,0.00162740030033
cnf/KConfig/uClinux-base.dimacs,0.131197428040905,0.130757132545114,0.002195893019274,0.013558379141614,0.012977089965716,0.002554950469717,0.014554136913503,0.014554136913503,0.001382518929578
cnf/KConfig/uClinux-distribution.dimacs,0.372034074887633,0.374145676614717,0.022203135069267,0.012363091083244,0.012039096094668,0.001920647823299,0.013386955313618,0.013386955313618,0.001971456925382
cnf/Smarch/2.6.28.6-icse11.dimacs,300,300,0,300,300,0,300,300,0
cnf/Smarch/2.6.32-2var.dimacs,300,300,0,300,300,0,300,300,0
cnf/Smarch/2.6.33.3-2var.dimacs,300,300,0,300,300,0,300,300,0
cnf/Smarch/7z.dimacs,0.089878160613589,0.091104798862944,0.007549699826446,0.007024195814738,0.006784909637645,0.0010872059341,0.007537725869333,0.007537725869333,0.00117848179023
cnf/Smarch/BerkeleyDBC.dimacs,0.091286229174584,0.096361217496452,0.00799033235543,0.006644652467221,0.006642015068792,0.000850398953251,0.007023054468445,0.007023054468445,0.000881016276073
cnf/Smarch/Dune.dimacs,300,300,0,0.006648168321699,0.006624827627093,0.000730349657193,0.007167595855426,0.007167595855426,0.001063427206271
cnf/Smarch/HiPAcc.dimacs,0.088966501933756,0.09468527790159,0.011632857958752,0.006846569444751,0.006831391510787,0.000907213482774,0.007793494397774,0.007793494397774,0.001163687409611
cnf/Smarch/JHipster.dimacs,300,300,0,0.006895953532075,0.006824094569311,0.000921655772788,0.007672850554809,0.007672850554809,0.001044157006327
cnf/Smarch/JavaGC.dimacs,0.083681016593473,0.078690080496017,0.009983852684329,0.006665102331899,0.006655675533694,0.000895263878986,0.007548288409598,0.007548288409598,0.001022933809459
cnf/Smarch/LLVM.dimacs,0.083963178619743,0.079103496944299,0.009539934598478,0.006576510012383,0.006648103008047,0.000719124001591,0.007306990086799,0.007306990086799,0.00093713650426
cnf/Smarch/Polly.dimacs,0.084281484126114,0.08040240034461,0.010349359594294,0.006527988043381,0.006488403509138,0.000766014237934,0.007456021934049,0.007456021934049,0.001014724979065
cnf/Smarch/VP9.dimacs,0.082839374844916,0.079269130015746,0.010287081496822,0.006728135752492,0.006528087484185,0.000880837656726,0.007549246338895,0.007549246338895,0.001091551109478
cnf/Smarch/X264.dimacs,0.082573841480771,0.078471016982803,0.01058428123957,0.006444211807102,0.006382973399013,0.000774278449263,0.007311854549916,0.007311854549916,0.000983294771169
cnf/Smarch/adderII.dimacs,0.843123081943486,0.850535384583054,0.034108550269013,8.94302318950067,8.93206407770049,0.497284052309026,3.63615152195445,3.63615152195445,0.178663958203268
cnf/Smarch/at91sam7sek.dimacs,0.878450313467765,0.882947526464705,0.034933752685587,4.60633858123678,4.61358378836303,0.245251398576462,2.61601501842844,2.61601501842844,0.144880523559794
cnf/Smarch/axTLS.dimacs,0.100104118657764,0.105321580078453,0.009183590771348,0.011422413607361,0.010651063348632,0.002119437889598,0.012926275894279,0.012926275894279,0.002103654599549
cnf/Smarch/axtls_2_1_4.dimacs,0.091901236462873,0.095125698484481,0.007455115614788,0.006930242992239,0.00679963247967,0.000875184345681,0.008154386237729,0.008154386237729,0.001221652445512
cnf/Smarch/buildroot.dimacs,300,300,0,300,300,0,300,300,0
cnf/Smarch/busybox-1.18.0.dimacs,0.1865400490514,0.194192086491967,0.014705025601774,0.058907741911244,0.060613394511165,0.005894846776768,0.053321041013114,0.053321041013114,0.003237064746088
cnf/Smarch/busybox_1_28_0.dimacs,0.213582722262945,0.214393578382441,0.004905945075524,0.381320204905933,0.392692245543004,0.019178087428323,0.380688256463036,0.380688256463036,0.017902380101615
cnf/Smarch/ecos-icse11.dimacs,300,300,0,16.7681674870558,16.8567893253639,1.20887436305773,11.572255087872,11.572255087872,0.376257514567183
cnf/Smarch/embtoolkit.dimacs,102.842966022244,101.902272025938,5.12963584822932,12.7441237074265,12.8315608435369,0.371871028778797,9.30789150899276,9.30789150899276,0.500661007579747
cnf/Smarch/fiasco.dimacs,0.135965606971877,0.135991035960615,0.012351461286299,0.024239559002454,0.024386310164119,0.00306168027348,0.026145402325783,0.026145402325783,0.003143081767396
cnf/Smarch/fiasco_17_10.dimacs,0.118372181687737,0.119882375001907,0.014035000714296,0.012240289644106,0.011970107152593,0.002017371141532,0.01293584459927,0.01293584459927,0.002397060996857
cnf/Smarch/freebsd-icse11.dimacs,3.83596011220245,3.84749164865934,0.166309851613465,50.9990768446052,51.1371053615585,1.49139347730405,46.4202613315417,46.4202613315417,1.62802950738104
cnf/Smarch/freetz.dimacs,300,300,0,300,300,0,300,300,0
cnf/Smarch/integrator_arm9.dimacs,1.9245231215551,1.93309501948534,0.09070557271034,9.51735988673987,9.43722082246677,0.431304639924937,5.7106746626494,5.7106746626494,0.265679744187153
cnf/Smarch/lrzip.dimacs,0.085192713312572,0.08692986657843,0.010019752530828,0.006330888755619,0.006359725492075,0.000810810031985,0.007214463573182,0.007214463573182,0.000936021979123
cnf/Smarch/m5272c3.dimacs,0.864657254720805,0.86372161694453,0.034011667496427,5.22922169955796,5.22641261768877,0.262184355949128,3.21218123314786,3.21218123314786,0.123282702254929
cnf/Smarch/olpce2294.dimacs,1.55448145531584,1.56380979405367,0.077692522059441,11.09447729812,11.102938101918,0.560214845752462,3.47756204537582,3.47756204537582,0.135614487797467
cnf/Smarch/pati.dimacs,1.00597474127659,1.01062197113061,0.04426971206956,4.94286149210064,4.93276222998975,0.269886866628063,2.29261447699158,2.29261447699158,0.110540906697852
cnf/Smarch/phycore229x.dimacs,1.10252414682647,1.10712658896228,0.047359880008824,7.10720042527304,7.13321398204426,0.349835456242708,3.61768846950261,3.61768846950261,0.17766085145994
cnf/Smarch/ref4955.dimacs,0.82820945781772,0.822217235370772,0.035257941800391,5.91892477994203,5.93101021702751,0.312191698162757,3.12549907222856,3.12549907222856,0.154609775927742
cnf/Smarch/se77x9.dimacs,1.81290257212822,1.8077772159304,0.104355065251364,12.5630541249563,12.5977563595807,0.627712909491168,4.25885412914096,4.25885412914096,0.212587343806967
cnf/Smarch/toybox.dimacs,0.080123367885826,0.080050897900947,0.005439639985963,0.008241729289293,0.00805949466303,0.001503898034696,0.008343357404228,0.008343357404228,0.001202032476737
cnf/Smarch/toybox_0_7_5.dimacs,0.080661170897074,0.08072731923312,0.007467990717884,0.007040923262248,0.006958585930988,0.000899832750054,0.007159917037934,0.007159917037934,0.00124764626875
cnf/Smarch/uClibc-ng_1_0_29.dimacs,0.121564153076615,0.117859476478771,0.012027007484477,0.011299844550668,0.011095219000709,0.001841038231705,0.011309343961766,0.011309343961766,0.001824881441678
cnf/Smarch/uClinux-config.dimacs,44.032550378833,44.3057473296649,2.01002710202488,0.192654422452906,0.189217988401652,0.018226383789076,0.17778637184063,0.17778637184063,0.015563705876468
cnf/Smarch/uClinux.dimacs,0.082839411991881,0.080174336442724,0.009821017893438,0.011554170980817,0.011267144931481,0.002320100462252,0.01080198378535,0.01080198378535,0.001576289788252
cnf/automotive01/automotive01.dimacs,0.353728466904722,0.362003867019666,0.022307356766557,0.41671610334306,0.426971546577988,0.021709925793193,0.271482603803743,0.271482603803743,0.017380850834717
cnf/automotive02/automotive2_4.dimacs,4.43099532514112,4.43603127697133,0.19261942336055,0.616370439869352,0.625737216905691,0.038652039413472,0.493199897436425,0.493199897436425,0.027898557563525
cnf/featureide_examples/berkeleydb.dimacs,0.09092029002728,0.096827673492953,0.0090503961374,0.006771316771628,0.006690588401398,0.000868739093418,0.007365327440202,0.007365327440202,0.001213242537628
cnf/financial_services/financialServices_2018-05-09.dimacs,1.8952836106706,1.9058925465215,0.083144464991131,0.067220948854229,0.066758895904059,0.007274590515069,0.08107634430984,0.08107634430984,0.009402253222495
cnf/confidential/automotive03/03.dimacs,0.145174776635831,0.141657766420394,0.012354773742793,0.016930591725977,0.016812724032207,0.002269740591798,0.024117251829011,0.024117251829011,0.002561691701023
cnf/confidential/automotive03/automotive03a.dimacs,0.095986378042726,0.100322646001587,0.008001424128499,0.01038734395639,0.010308012977476,0.001230436196207,0.010352646333631,0.010352646333631,0.000911392706684
cnf/confidential/automotive03/automotive03b.dimacs,0.510894833214115,0.522394258383429,0.024749116634314,0.04437824258348,0.044756831601262,0.002383613796393,0.043251962764189,0.043251962764189,0.00244659012908
cnf/confidential/automotive04/04.dimacs,0.150093136314536,0.147297762101516,0.014361858267099,0.017218612547731,0.017330993054202,0.002007479173406,0.015373432526831,0.015373432526831,0.002150904952245
cnf/confidential/automotive05/05.dimacs,300,300,0,300,300,0,300,300,0
cnf/confidential/automotive06/automotive06a.dimacs,0.106632953365333,0.106319918530062,0.012663939199986,0.012156893125503,0.011348347499734,0.002201298938213,0.013562469334575,0.013562469334575,0.001929885629607
cnf/confidential/automotive06/automotive06b.dimacs,0.652327978315298,0.665313427423826,0.03363293662091,0.048489308217541,0.049085938051576,0.002685522091528,0.047022430787329,0.047022430787329,0.002165845425237
cnf/confidential/automotive07/automotive07a.dimacs,0.198597420224687,0.201758417853853,0.011283387499218,0.053089144997066,0.053139724506764,0.004814264735418,0.046169600677677,0.046169600677677,0.001968722373874
cnf/confidential/automotive07/automotive07b.dimacs,10.3443944625778,10.3550382123794,0.482877133465748,1.57805149720633,1.58967472697259,0.058869695814875,1.40672621040256,1.40672621040256,0.069500614762594
