Model,Countantom-avg,Countantom-med,Countantom-stdev
cnf/CDL/am31_sim.dimacs,437.183800396877,436.90657151991,1.98131771895558
cnf/CDL/ea2468.dimacs,973.83901002449,974.256119806319,4.47612818422091
cnf/CDL/p2106.dimacs,569.588824637989,569.896881152993,2.51819761772567
cnf/KConfig/axTLS.dimacs,6.45486854046583,6.36425789934583,0.355480117870868
cnf/KConfig/busybox-1.18.0.dimacs,93.0110364057915,93.894338587299,3.38764650679966
cnf/KConfig/embtoolkit.dimacs,157.231247687261,159.124691640493,6.25975512908912
cnf/KConfig/linux-2.6.33.3.dimacs,1800,1800,0
cnf/KConfig/uClibc.dimacs,29.2855381514644,30.7090371914674,2.45371637143183
cnf/KConfig/uClinux-base.dimacs,46.1530681393808,47.0778061843012,2.25535984339108
cnf/KConfig/uClinux-distribution.dimacs,375.816948415586,376.026793265366,2.68617242961006
cnf/Smarch/2.6.28.6-icse11.dimacs,1800,1800,0
cnf/Smarch/2.6.32-2var.dimacs,1800,1800,0
cnf/Smarch/2.6.33.3-2var.dimacs,1800,1800,0
cnf/Smarch/7z.dimacs,3.34943753656,3.2545630892273,0.275464227169874
cnf/Smarch/BerkeleyDBC.dimacs,1.26362628764473,1.25900747638661,0.02525733168827
cnf/Smarch/Dune.dimacs,1.19916424320545,1.18784021690954,0.036039746872171
cnf/Smarch/HiPAcc.dimacs,2.27097690287512,2.27273236284964,0.014825603311479
cnf/Smarch/JHipster.dimacs,3.544133218606,3.32822078722529,0.401586137492331
cnf/Smarch/JavaGC.dimacs,2.8718986068666,2.8718173551606,0.030012274854204
cnf/Smarch/LLVM.dimacs,0.743679059902206,0.737961279461161,0.015956361257315
cnf/Smarch/Polly.dimacs,2.93235491697676,2.91868378035725,0.073887140970196
cnf/Smarch/VP9.dimacs,3.12874307378195,3.09993806364946,0.120338995527363
cnf/Smarch/X264.dimacs,1.16735722219106,1.11871296633035,0.104485329004147
cnf/Smarch/adderII.dimacs,796.016971425661,797.2207743373,4.56311639586381
cnf/Smarch/at91sam7sek.dimacs,704.757217209884,704.54851453728,4.26347844783164
cnf/Smarch/axTLS.dimacs,32.4468944776477,33.2143664711621,1.85940814432992
cnf/Smarch/axtls_2_1_4.dimacs,7.25777420178056,7.10065801895689,0.520987341973928
cnf/Smarch/buildroot.dimacs,1800,1800,0
cnf/Smarch/busybox-1.18.0.dimacs,604.560335353017,610.266749905772,11.2752740048851
cnf/Smarch/busybox_1_28_0.dimacs,184.691209671665,184.717606887222,0.366182795763087
cnf/Smarch/ecos-icse11.dimacs,722.537114860974,723.197229358251,3.72017547452822
cnf/Smarch/embtoolkit.dimacs,1800,1800,0
cnf/Smarch/fiasco.dimacs,76.9998447918566,76.5355447467882,1.89958318123242
cnf/Smarch/fiasco_17_10.dimacs,20.5770392593555,20.3537347238744,1.92011461166918
cnf/Smarch/freebsd-icse11.dimacs,1800,1800,0
cnf/Smarch/freetz.dimacs,1800,1800,0
cnf/Smarch/integrator_arm9.dimacs,1800,1800,0
cnf/Smarch/lrzip.dimacs,1.54833337691147,1.50681742688175,0.140600034040926
cnf/Smarch/m5272c3.dimacs,765.496393501205,765.645566945896,4.0631567070221
cnf/Smarch/olpce2294.dimacs,823.193919952121,823.506326096715,4.52622510651755
cnf/Smarch/pati.dimacs,723.162070953595,723.385736449389,4.37603540153679
cnf/Smarch/phycore229x.dimacs,900.985520555088,901.03544311272,6.75638961723551
cnf/Smarch/ref4955.dimacs,595.902567748809,595.525944425492,3.23237586288611
cnf/Smarch/se77x9.dimacs,1800,1800,0
cnf/Smarch/toybox.dimacs,17.6226339947525,18.1614433280193,0.946571180814341
cnf/Smarch/toybox_0_7_5.dimacs,22.7579418632109,22.6190984905697,0.611773299717174
cnf/Smarch/uClibc-ng_1_0_29.dimacs,30.7874320318457,32.1371242247988,2.40061029827609
cnf/Smarch/uClinux-config.dimacs,1800,1800,0
cnf/Smarch/uClinux.dimacs,63.4502252997365,64.6230779914185,3.48341691080663
cnf/automotive01/automotive01.dimacs,761.351755843563,760.980424511247,6.06715683272019
cnf/automotive02/automotive2_4.dimacs,1800,1800,0
cnf/featureide_examples/berkeleydb.dimacs,5.79224663236179,5.69746223650873,0.353841683224264
cnf/financial_services/financialServices_2018-05-09.dimacs,196.88725947313,197.469057014212,1.98857112869488
cnf/confidential/automotive03/03.dimacs,88.4805116713885,89.2836929173209,3.12526130411297
cnf/confidential/automotive03/automotive03a.dimacs,31.5661512862146,30.1583233110141,2.6446451292143
cnf/confidential/automotive03/automotive03b.dimacs,1185.76300532465,1185.78758661403,1.13196115808804
cnf/confidential/automotive04/04.dimacs,75.0586315879412,77.2458055168391,4.48003942970521
cnf/confidential/automotive05/05.dimacs,1800,1800,0
cnf/confidential/automotive06/automotive06a.dimacs,48.3583539605513,50.6246759565547,3.62684286220151
cnf/confidential/automotive06/automotive06b.dimacs,1707.25370098226,1707.53772282205,3.53355132142271
cnf/confidential/automotive07/automotive07a.dimacs,112.108931617653,113.317278864328,3.52970821158949
cnf/confidential/automotive07/automotive07b.dimacs,1800,1800,0
