cnf/CDL/am31_sim.dimacs,583.742670335778,588.011851650197,582.123297067097,580.677570886852,585.199149511231,589.360367224552,583.839378338365,581.276841937681,580.473054510017,580.188842097996,579.938539065246,585.25871839578,584.371498906869,580.869449620077,583.284690775618,581.293408354803,580.969400070317,582.042671897681,580.919536401169,584.931173712714,583.789531404967,583.312239258084,582.527238083538,581.840156068036,580.859180886066,586.139330484351,580.337667061627,587.949586876406,587.808023666206,582.231114064518,589.849140345061,588.61194445804,587.508916319115,587.965551188507,584.827885980136,588.468509144383,583.288181417389,584.066638242279,589.79458878556,584.057841555623,581.808406638855,584.612825685472,585.654334092629,585.462335272983,587.732800385042,582.756991872215,582.527518311574,585.787038374052,586.607481395709,586.587331197923
cnf/CDL/ea2468.dimacs,1800,1800,1800,1800,1800,1800,1800,1800,1800,1800,1800,1800,1800,1800,1800,1800,1800,1800,1800,1800,1800,1800,1800,1800,1800,1800,1800,1800,1800,1800,1800,1800,1800,1800,1800,1800,1800,1800,1800,1800,1800,1800,1800,1800,1800,1800,1800,1800,1800,1800
cnf/CDL/p2106.dimacs,1209.11471997749,1208.94366330904,1208.92251445336,1207.84460052365,1208.57206091873,1209.63536785071,1209.82701500453,1208.88690275711,1208.93471729709,1209.36095240264,1208.46999458486,1208.42417193233,1213.78484123235,1207.51107428694,1208.0811707949,1208.29755606432,1208.45006533375,1206.47116262681,1205.30549832695,1208.44120690238,1208.58069775993,1209.40596943331,1208.19500872854,1208.69078103692,1207.68779928389,1215.15222195903,1208.88279354339,1209.15884701448,1212.74456662661,1208.92364540789,1208.14775315207,1209.35961899726,1208.26825951244,1208.56329615286,1209.36771408247,1208.87437480211,1208.94253338221,1205.79717664275,1207.5394870218,1208.03651916143,1207.7719049392,1208.78069261124,1205.19837992266,1205.82354478177,1208.24571560527,1207.83227953356,1207.96871785418,1207.68999598129,1208.67408333701,1212.28675387468
cnf/KConfig/axTLS.dimacs,0.603089428972453,0.618570980906952,0.598116515029687,0.621910086134449,0.612916164274793,0.636621777899563,0.630245517124422,0.634260420163628,0.602799496264197,0.63303605793044,0.596536808006931,0.607051519269589,0.605216079973616,0.606269951909781,0.618420924060047,0.621595373784658,0.639005073171575,0.640252510434948,0.605759508442134,0.614886814903002,0.586137506645173,0.5952816340141,0.6121944267652,0.598922484961804,0.605433736345731,0.660085426119622,0.632791913114488,0.66352821723558,0.647216069337446,0.66305801528506,0.673377353115939,0.660570890060626,0.651158604712691,0.635165374202188,0.654968126269523,0.660045921278652,0.64941002993146,0.648356432910077,0.640629533911124,0.667275902931578,0.664854118367657,0.646126776468009,0.641317801550031,0.641293542867061,0.668297154421452,0.65581697417656,0.663173688109964,0.66844103281619,0.647249063942581,0.64328143093735
cnf/KConfig/busybox-1.18.0.dimacs,7.32677617046284,7.20815218403004,7.25231718574651,7.11287167429691,7.19281465985114,7.21757998428075,7.35973923327401,7.55182365310611,7.29605887737125,7.21346449543489,7.48382340656826,7.35317925427808,7.3036148956744,7.41748714382993,7.29401966976002,7.76256279833615,7.51193048449932,7.18682820838876,7.68218104890548,7.41870761761675,7.70575797662605,7.46570708201034,7.33184545591939,7.2663667985471,7.376299454947,7.34738313313574,7.41049524757545,7.47719821566716,7.27682430064306,7.53354118950665,7.38961972214747,7.47409026650712,7.56902726087719,7.32295473548584,7.48116161400685,7.21899583865888,7.5924970463966,7.51961999171181,7.34047654899769,7.36948723526439,7.42546630627476,7.18394872371573,7.35087861982174,7.48554162163055,7.33133596886182,7.25896093802294,7.33580117922975,7.27461961028166,7.28787787590409,7.18941033119336
cnf/KConfig/embtoolkit.dimacs,29.1039990654681,29.0586610171013,29.189917571377,29.3251179062063,29.2116809245781,29.2375177580398,29.3640003409819,29.2887177481898,29.1614613043494,29.0967921317206,29.2782034886768,29.3626973509672,29.1221736331936,29.0730079780333,29.0254939937149,29.0722024277784,29.0762160858139,29.1192181293736,29.1943864721106,29.1756641887478,29.2944282385288,29.266507262073,29.236753663572,29.2331282158848,29.0782271279022,29.2296198034892,29.1703005124,29.2490726972464,29.1718083843589,29.3118641905603,29.0278245131485,28.9568960538018,29.0395668779965,29.1618561808136,29.1488775984617,29.0773651044583,29.1564198890701,29.1460336850141,29.0610386347398,29.273652952048,29.0984993907041,29.1335212835693,29.1441863379441,29.3726646548021,29.2955529210158,29.4525083726621,29.2179385739146,29.0454385727644,28.1968963277177,28.2064936531242
cnf/KConfig/linux-2.6.33.3.dimacs,1800,1800,1800,1800,1800,1800,1800,1800,1800,1800,1800,1800,1800,1800,1800,1800,1800,1800,1800,1800,1800,1800,1800,1800,1800,1800,1800,1800,1800,1800,1800,1800,1800,1800,1800,1800,1800,1800,1800,1800,1800,1800,1800,1800,1800,1800,1800,1800,1800,1800
cnf/KConfig/uClibc.dimacs,2.61448235320859,2.64567761559738,2.6312867650413,2.63643814687384,2.66532317857491,2.66375411965419,2.66368181753205,2.76184997375822,2.78710047504865,3.41004905122099,2.74724457628326,2.62579237227328,2.6968329284573,2.67992199835135,2.63285386894131,2.71503111632774,2.69901675515575,2.65683469269425,2.66719315404771,2.72815102612367,2.67648515629116,2.66809623851441,2.73291555431206,2.66686440608464,2.66866577346809,2.67267031379743,2.67330807086546,2.7125184070901,2.67367907089647,2.67450674489373,2.69173462252365,2.6863141740323,2.6595550077036,2.6620657943422,2.67792204942089,2.68106517987326,2.69386197626591,2.64673803799087,2.69983182341093,2.68268238077871,2.6699562392896,2.67900619254215,2.69290339475265,2.67910111095989,2.69022420054534,2.63173892302439,2.66242928936845,2.63578943518223,2.65373956237454,2.64616114954697
cnf/KConfig/uClinux-base.dimacs,5.26790180522949,5.29539537616074,5.33553105039755,5.29961627034936,5.27949312760029,5.24840410251636,5.35758697171696,5.26421533478424,5.19773306330899,5.3415089295595,5.27056470187381,5.29632325499551,5.21864204591839,5.33826264186064,5.22707776579773,5.31572606350528,5.37730407324852,5.34579271479743,5.35448493697913,5.25908250984503,5.1886736448505,5.32448147551622,5.39678240189096,5.37706784048351,5.27758246788289,5.28055430640234,5.3241037435364,5.26325956336223,5.27773515641457,5.22823529649759,5.29580144525971,5.27876289194683,5.28604570869356,5.16640768328216,5.37694421544438,5.21945794543717,5.37518060061848,5.33746889512986,5.39134139695671,5.3582901560585,5.27006362803513,5.18095074989833,5.33841568423668,5.29728459398029,5.24803213938139,5.33690983289853,5.22430058510508,5.23859218257712,5.28951343952213,5.25245682860259
cnf/KConfig/uClinux-distribution.dimacs,18.0482892192667,17.7012730533024,17.7162826354033,17.8567273915396,17.9220316377468,17.8105269742082,17.7198322548647,17.7461762559833,17.8452027220046,17.7324482049444,17.6291446392424,17.5131978148711,17.6467866112362,17.6056012334302,17.7243835217087,17.8276529909926,17.8332743903156,17.7088244158658,17.8905583853484,17.977290554496,17.8316465582466,17.6439781457302,17.7835852782591,17.822256602929,17.7753496262594,17.844071345462,17.6901834679884,17.7842626821366,17.8508081421605,17.6549710609252,17.8899078079266,17.8183058617869,17.748634059506,17.6590218313504,17.146699866571,17.7204397783498,17.2788675407064,17.3304432270816,17.4886762579554,17.2810581435333,17.6860938140308,17.8222937644459,17.9635518282303,17.6907258774736,17.749604917597,17.6876115357154,17.7449803864001,17.9226805318613,17.6252720147604,16.86130300269
cnf/Smarch/2.6.28.6-icse11.dimacs,1800,1800,1800,1800,1800,1800,1800,1800,1800,1800,1800,1800,1800,1800,1800,1800,1800,1800,1800,1800,1800,1800,1800,1800,1800,1800,1800,1800,1800,1800,1800,1800,1800,1800,1800,1800,1800,1800,1800,1800,1800,1800,1800,1800,1800,1800,1800,1800,1800,1800
cnf/Smarch/2.6.32-2var.dimacs,1800,1800,1800,1800,1800,1800,1800,1800,1800,1800,1800,1800,1800,1800,1800,1800,1800,1800,1800,1800,1800,1800,1800,1800,1800,1800,1800,1800,1800,1800,1800,1800,1800,1800,1800,1800,1800,1800,1800,1800,1800,1800,1800,1800,1800,1800,1800,1800,1800,1800
cnf/Smarch/2.6.33.3-2var.dimacs,1800,1800,1800,1800,1800,1800,1800,1800,1800,1800,1800,1800,1800,1800,1800,1800,1800,1800,1800,1800,1800,1800,1800,1800,1800,1800,1800,1800,1800,1800,1800,1800,1800,1800,1800,1800,1800,1800,1800,1800,1800,1800,1800,1800,1800,1800,1800,1800,1800,1800
cnf/Smarch/7z.dimacs,0.329248368158005,0.318224742077291,0.332134286756627,0.320989278610796,0.31381827860605,0.30586747569032,0.3131029070355,0.32910099287983,0.327120892005041,0.314832161529921,0.31880805932451,0.306535948184319,0.312452406971715,0.328517621033825,0.321308095590211,0.312362084514461,0.319145169109106,0.316090749693103,0.320847473223694,0.313031368888915,0.314566782093607,0.331050243810751,0.320107169100083,0.320650691865012,0.317902798182331,0.336450988659635,0.325380354537629,0.320014274446294,0.318759245914407,0.331427206052467,0.322380184312351,0.328139660763554,0.322950678062625,0.316845332738012,0.33354524592869,0.320311653078534,0.32579641463235,0.323205364868045,0.324959651567042,0.324714503483847,0.318724684300832,0.315108162234537,0.320875088102184,0.316190184559673,0.319393316283822,0.322233818704262,0.320581915206276,0.314458421780728,0.319851455860771,0.331009952002205
cnf/Smarch/BerkeleyDBC.dimacs,0.123020685859956,0.113431001082063,0.117481325753033,0.131507172714919,0.126489009591751,0.113285234896466,0.116654518293217,0.117415869957767,0.120751526788808,0.119283731328323,0.112632324104197,0.109361636103131,0.108876089099795,0.110231529339217,0.10971514612902,0.120061488938518,0.109667675918899,0.119614890078083,0.10930398455821,0.109544219332747,0.110009800293483,0.109409970929846,0.109770714188926,0.109763608779758,0.109119262662716,0.116706986678764,0.124548850930296,0.122190786409192,0.122870405903086,0.120787239167839,0.126523784245364,0.12718033103738,0.12225340353325,0.128256373223849,0.121416405891068,0.127329103066586,0.126903657917865,0.123174791107886,0.117525350884534,0.124366941163316,0.116511235130019,0.124061918351799,0.122848505619913,0.120660790009424,0.121836223057471,0.10903248784598,0.109877821872942,0.109442450804636,0.11729743774049,0.119190691970289
cnf/Smarch/Dune.dimacs,0.10944921115879,0.102868047775701,0.10334767086897,0.103095784201287,0.103304200223647,0.10335944686085,0.10228081792593,0.103624209179543,0.103265178040601,0.102733472362161,0.103158131823875,0.103425796842203,0.102273309137672,0.103500268771313,0.103108877083287,0.102459103101864,0.102870038710535,0.103679102146998,0.102554194978438,0.103572981781326,0.103641825029626,0.102633060072549,0.102547607850283,0.103394121979363,0.10285739984829,0.105893965228461,0.119449626887217,0.111925798933953,0.116510286927223,0.11555473098997,0.118147833854891,0.123173364088871,0.114640656975098,0.118518004077487,0.112998906057328,0.113422616967,0.117486172122881,0.109607441350818,0.110041867243126,0.120925419148989,0.114979785517789,0.118140131933615,0.118691170122474,0.120299684000202,0.117684729979374,0.122276152251288,0.11838725709822,0.111214025761001,0.124077379587106,0.110865952097811
cnf/Smarch/HiPAcc.dimacs,0.220064787310548,0.223652146756649,0.218814488966018,0.226949760806747,0.230893261032179,0.232433857046999,0.230868404032662,0.225726200966164,0.211916382890195,0.233555757207796,0.230599102796987,0.226098705083132,0.222660526982509,0.226608290569857,0.222172049572691,0.231027961126529,0.219709558296017,0.215235568000935,0.219155284110457,0.235148871899582,0.235744385281578,0.236688677221537,0.221101585892029,0.227249965537339,0.222798175993375,0.229785780888051,0.227713125292212,0.230936752981506,0.222390815266408,0.216881599044427,0.219355717999861,0.229701537871733,0.221857514814474,0.219645788660273,0.218445386737585,0.216975797782652,0.223073510103859,0.21684368676506,0.229306025197729,0.230858488823287,0.225654287380166,0.23697526671458,0.239709002315067,0.237067532958463,0.241559205926023,0.234762178966776,0.228268613340333,0.234691757592373,0.227002856787294,0.240794801036827
cnf/Smarch/JHipster.dimacs,0.31290921906475,0.330668005160987,0.32237451558467,0.318414092878811,0.326270848861895,0.330424344865605,0.319436402874999,0.323824025457725,0.318277188111097,0.329524196218699,0.322889210074209,0.322858997969888,0.316905684885569,0.33683706400916,0.33722134528216,0.326461881049909,0.316544380853884,0.341472690342925,0.330204863101244,0.332929641706869,0.335401093470864,0.322640305035748,0.326246044132859,0.323725181049667,0.336920275818557,0.346373054897413,0.339557963772677,0.332790364860557,0.335111361229792,0.336443864740431,0.336052262922749,0.33461530203931,0.343671509996057,0.343011440010741,0.338603971875273,0.342500232160091,0.346936967223883,0.339862561202608,0.326449448941275,0.341809235746041,0.339904907974414,0.343456823960878,0.332593722967431,0.34007928124629,0.348492881050333,0.335198454908095,0.351019985508174,0.335576543700881,0.325868945918046,0.325870726024732
cnf/Smarch/JavaGC.dimacs,0.27755385148339,0.291967978235334,0.276832665898837,0.266458256053738,0.28074282000307,0.271225812844932,0.278989222366363,0.284969171974808,0.273253273451701,0.271943518077023,0.275372507050633,0.285552690154873,0.274987539160065,0.284685140941292,0.271481960546225,0.284664054983295,0.267655594157986,0.270070580532774,0.27099544624798,0.278435840620659,0.284403094672598,0.281838722992688,0.287404474336654,0.274008107138798,0.257290495675988,0.279413238749839,0.276214345474727,0.293058220180683,0.278881709789857,0.29015912336763,0.291863733087666,0.298324608127587,0.269538681255653,0.293697081506252,0.270571581786498,0.284159624483436,0.278049533604644,0.275855425628833,0.282844757777639,0.305800932110287,0.291888577165082,0.292318043415435,0.284291589516215,0.288650857284665,0.276940253097564,0.29687533818651,0.293752230238169,0.289361195871607,0.290078159188852,0.281886345939711
cnf/Smarch/LLVM.dimacs,0.070961205870845,0.063965098001063,0.06650611187797,0.069737994926982,0.070343998027966,0.072737167822197,0.0694528601598,0.071613752166741,0.070155085762963,0.071637389715761,0.07089190883562,0.067315991851501,0.06590886588674,0.071666943957098,0.072252053883858,0.074600395862945,0.06713008962106,0.067305789096281,0.064660117146559,0.064953002845869,0.064772701240145,0.064767338335514,0.06409696477931,0.07033937482629,0.064091646810994,0.075164583977312,0.071679630083963,0.067826512968168,0.079152159160003,0.072168788989075,0.069078784086742,0.071199096739292,0.065326401032508,0.065114191849716,0.070807895157486,0.073899552109651,0.075046190060675,0.073075053165667,0.078443584963679,0.073220237740316,0.071706606890075,0.075730126001872,0.07188847893849,0.0697170390049,0.074098104028963,0.065804211888462,0.0761657000985,0.068001726293005,0.072439778828994,0.077084310818464
cnf/Smarch/Polly.dimacs,0.269659980433062,0.28209829214029,0.283891657716595,0.282732810941525,0.275575197883882,0.282694751163945,0.28003405733034,0.293802485335618,0.280741788330488,0.281835597474128,0.289224330452271,0.280977489659563,0.285939398338087,0.289419828099199,0.276653437525965,0.283207376720384,0.276601759134792,0.280314205097966,0.293125539901666,0.291180118452758,0.290836228290573,0.294582990580238,0.283643942209892,0.290669886511751,0.282094744849019,0.29948994750157,0.293611328816041,0.296290603349917,0.30365539516788,0.317273021908477,0.316961659467779,0.290071592084132,0.298642306355759,0.298137349775061,0.296730976202525,0.309058846556582,0.301410667132586,0.289801448816434,0.29226254648529,0.305315368575975,0.286522877169773,0.297929586376995,0.300766077474691,0.299094372894615,0.291135176084936,0.303101726341993,0.316430121660233,0.292594490107149,0.304024181095883,0.287756935809739
cnf/Smarch/VP9.dimacs,0.300400926615112,0.314997241250239,0.302932711318135,0.309677088749595,0.301659313030541,0.311092602787539,0.294197265175171,0.295788183459081,0.310203805333003,0.297935730079189,0.296758607262745,0.291813975549303,0.296287360717543,0.303489575278945,0.31058220018167,0.289842743193731,0.296140620484948,0.307433215202764,0.295390758081339,0.316852184594609,0.311250321567059,0.311917465180159,0.303790952428244,0.301362806698307,0.301159185240977,0.317557527218014,0.320311398012564,0.32437321532052,0.320846918039024,0.317748176283203,0.321349615696818,0.321789984009229,0.312629184103571,0.320719805895351,0.323255443479866,0.30923984979745,0.313828532700427,0.314053828944452,0.306026462931186,0.332571817096323,0.317093253601342,0.318184636882506,0.309064130182378,0.317089227028191,0.317137242527679,0.318508695927449,0.306954667787068,0.320446729543619,0.304209806374274,0.308933780062944
cnf/Smarch/X264.dimacs,0.103683613007888,0.103252779925242,0.097862765658647,0.096345006721094,0.096566421212629,0.096822738996707,0.09646313090343,0.096499423030764,0.110499964561313,0.106646102969535,0.107086709002033,0.110820809146389,0.108673874055967,0.11349484603852,0.104345525964163,0.103950272779912,0.10780519223772,0.114434514194727,0.103289800113998,0.104008951922879,0.108650337322615,0.106211788952351,0.103111459873617,0.112618867657147,0.108038629870862,0.116804146091454,0.112530239042826,0.110442015109584,0.114612248027697,0.108769796090201,0.107702907174826,0.106921534985304,0.106333785108291,0.112997086136602,0.112806678866036,0.120216433075257,0.111169864772819,0.109143996844068,0.10517376800999,0.114258917979896,0.110029703821056,0.105252466280945,0.113402916816995,0.111366724129766,0.109945418895222,0.106879734084941,0.104219816974364,0.103830881067552,0.117488491232507,0.098415515036322
cnf/Smarch/adderII.dimacs,1800,1800,1800,1800,1800,1800,1800,1800,1800,1800,1800,1800,1800,1800,1800,1800,1800,1800,1800,1800,1800,1800,1800,1800,1800,1800,1800,1800,1800,1800,1800,1800,1800,1800,1800,1800,1800,1800,1800,1800,1800,1800,1800,1800,1800,1800,1800,1800,1800,1800
cnf/Smarch/at91sam7sek.dimacs,1800,1800,1800,1800,1800,1800,1800,1800,1800,1800,1800,1800,1800,1800,1800,1800,1800,1800,1800,1800,1800,1800,1800,1800,1800,1800,1800,1800,1800,1800,1800,1800,1800,1800,1800,1800,1800,1800,1800,1800,1800,1800,1800,1800,1800,1800,1800,1800,1800,1800
cnf/Smarch/axTLS.dimacs,7.34244452661369,7.44686698634177,7.35132774908561,7.37593807186931,7.37757006892934,7.31220902898349,7.36415964807384,7.31178474705666,7.37935082544573,7.30972819519229,7.36246307869442,7.34778703050688,7.42247913766187,7.36366148211528,7.28991864435375,7.25896494393237,7.33464827865828,7.35125735134352,7.32028561120387,7.34723942808341,7.39176173612941,7.38073873519897,7.34258454013616,7.36625153047498,7.30215200420935,7.25789662881289,7.30922454863321,7.33491115644574,7.34196059021633,7.371461259434,7.43735124869272,7.50794861500617,7.64999508799519,7.43684647406917,7.36089870717842,7.40336770692375,7.49972195143346,7.50466199882794,7.4991651045857,7.3922247714363,7.38442126091104,7.40807768807281,7.49862752086483,7.36471611319575,7.43734459835105,7.38952640758362,7.43137826537713,7.38754870754201,7.61038279451896,7.44591768621467
cnf/Smarch/axtls_2_1_4.dimacs,0.714414623216726,0.700245953514241,0.715736420592293,0.71524689567741,0.706521070096642,0.722207310725935,0.726080516120419,0.71123236825224,0.720946303452365,0.732180331950076,0.710048723150976,0.732257598778233,0.723965090233833,0.741733090835623,0.720687646884471,0.716017730999738,0.740616891416721,0.72822661139071,0.724961992818862,0.721572982612997,0.712372126756236,0.710320302750915,0.745144021115266,0.717352661886252,0.720743529731408,0.724569651647471,0.711893238360062,0.727842816500925,0.710132358944975,0.729318177443929,0.719939439441077,0.715692171361297,0.752351279254071,0.720045651309192,0.720721544348635,0.726372200413607,0.714266261667945,0.728312038932927,0.744124780991115,0.741102425963618,0.703455508104526,0.715155184152536,0.715349340578541,0.708235027035698,0.724301426787861,0.71416032477282,0.711978887557052,0.733464127522893,0.728697005310096,0.729016651515849
cnf/Smarch/buildroot.dimacs,1800,1800,1800,1800,1800,1800,1800,1800,1800,1800,1800,1800,1800,1800,1800,1800,1800,1800,1800,1800,1800,1800,1800,1800,1800,1800,1800,1800,1800,1800,1800,1800,1800,1800,1800,1800,1800,1800,1800,1800,1800,1800,1800,1800,1800,1800,1800,1800,1800,1800
cnf/Smarch/busybox-1.18.0.dimacs,370.76133470214,371.300394840189,370.770975268329,369.830148117617,370.542851914186,369.200306490529,380.809792217566,383.479583274806,368.384928575368,370.282743231859,370.449508666061,368.628695168416,370.25371393864,370.111037138966,368.089081301587,369.980234401533,371.705740889185,373.982249699067,375.737670312054,369.454131522449,369.06630683539,367.777325613075,370.018281802768,368.04089271219,369.697700706078,372.479735378409,368.714495973894,372.103381927009,369.994902730803,368.745434249169,382.310875872034,370.28200571402,369.301467004931,370.382272750838,371.011814173311,369.610075182049,370.558499007486,368.910853315494,368.818041013321,371.502898570383,374.070882905507,376.007558609126,369.013853339013,370.325611340348,370.131012956263,369.638356114156,370.666537383804,368.901061852812,365.458200263209,368.194184938911
cnf/Smarch/busybox_1_28_0.dimacs,252.264015370165,251.225154141546,259.162230940768,256.448019113624,252.075352179585,253.379682555795,252.545006196829,251.431387050892,251.404218604905,254.934136790107,255.388533205725,255.642021903535,255.371244330192,288.914372312487,255.705996693694,256.009882180602,258.090577738709,257.432866737479,256.651255713077,256.600546456059,254.385660222615,251.826060792198,251.524368143757,252.771866645548,252.551130061387,255.014294650056,255.369286301197,255.421432043193,255.575058259652,253.169549916871,250.965692625963,252.07271873171,271.207742944709,252.039304809528,254.29435193399,256.669570275815,257.434913751902,256.428128534229,256.413651920273,256.960392230889,255.637373798527,254.658768813359,255.581605802523,256.013790012687,254.448424148723,254.841951661627,254.622082723887,254.694938510074,254.472224640427,253.391173049575
cnf/Smarch/ecos-icse11.dimacs,1800,1800,1800,1800,1800,1800,1800,1800,1800,1800,1800,1800,1800,1800,1800,1800,1800,1800,1800,1800,1800,1800,1800,1800,1800,1800,1800,1800,1800,1800,1800,1800,1800,1800,1800,1800,1800,1800,1800,1800,1800,1800,1800,1800,1800,1800,1800,1800,1800,1800
cnf/Smarch/embtoolkit.dimacs,1800,1800,1800,1800,1800,1800,1800,1800,1800,1800,1800,1800,1800,1800,1800,1800,1800,1800,1800,1800,1800,1800,1800,1800,1800,1800,1800,1800,1800,1800,1800,1800,1800,1800,1800,1800,1800,1800,1800,1800,1800,1800,1800,1800,1800,1800,1800,1800,1800,1800
cnf/Smarch/fiasco.dimacs,38.7242065592436,38.8016217697877,38.6251725819893,38.7638940773904,39.5050987580325,38.9064218359999,39.0392485735938,38.7021066212328,39.0255126347765,38.889262451441,38.5737735595321,38.6629836213542,38.8812536114128,39.6809880859219,39.5901425696211,38.8178647040622,39.0857753532473,38.9773063117173,39.1936534139095,39.0308728556847,39.0618324319366,38.6596563493367,39.0775776690571,38.8089664152358,37.7096143976087,37.7029161732644,37.3102078764932,37.6876504751854,38.4055400884245,37.9372673284961,37.6625750784297,37.9428884453373,49.9869455652079,37.8712543896399,38.4826650063042,37.712688349653,37.5476917896885,37.4309421933722,37.1535932176048,37.3380750414217,37.448699643719,37.1671718005091,37.8958701448282,38.1114384295652,37.5346326205181,37.3523989908863,37.5215544076636,37.5963092080783,37.5530385260936,37.5129933672724
cnf/Smarch/fiasco_17_10.dimacs,2.06073384475894,2.02433652337641,2.024559707148,2.05378637334798,2.04581882350612,2.06169354182202,2.05471766192932,2.04923496989068,2.03353802044876,2.00816170498729,2.01517865888309,2.01780779298861,1.98019280389417,2.0185271553928,1.98485618713312,2.02149716310669,2.01322821562644,2.12446018727496,2.16977520380169,2.11830263771117,2.18397383822594,2.01513339532539,2.0298497506883,2.12208193831611,2.0821165968664,2.00836133852135,1.99773636693135,2.03358627855778,2.03729856049176,2.09075757523533,2.0642615146935,2.06300740898587,2.06307682569604,2.09543988737278,2.05890616413672,2.02039094665088,2.06725928618107,2.01958417252172,2.0188860752387,2.09010556712747,2.05948298494332,2.00915105582681,2.04287315532565,2.04656195349526,1.99655011692084,2.03117258334532,2.03147079190239,2.00499599380419,2.06408635771368,2.04719793237746
cnf/Smarch/freebsd-icse11.dimacs,1800,1800,1800,1800,1800,1800,1800,1800,1800,1800,1800,1800,1800,1800,1800,1800,1800,1800,1800,1800,1800,1800,1800,1800,1800,1800,1800,1800,1800,1800,1800,1800,1800,1800,1800,1800,1800,1800,1800,1800,1800,1800,1800,1800,1800,1800,1800,1800,1800,1800
cnf/Smarch/freetz.dimacs,1800,1800,1800,1800,1800,1800,1800,1800,1800,1800,1800,1800,1800,1800,1800,1800,1800,1800,1800,1800,1800,1800,1800,1800,1800,1800,1800,1800,1800,1800,1800,1800,1800,1800,1800,1800,1800,1800,1800,1800,1800,1800,1800,1800,1800,1800,1800,1800,1800,1800
cnf/Smarch/integrator_arm9.dimacs,1800,1800,1800,1800,1800,1800,1800,1800,1800,1800,1800,1800,1800,1800,1800,1800,1800,1800,1800,1800,1800,1800,1800,1800,1800,1800,1800,1800,1800,1800,1800,1800,1800,1800,1800,1800,1800,1800,1800,1800,1800,1800,1800,1800,1800,1800,1800,1800,1800,1800
cnf/Smarch/lrzip.dimacs,0.136661809869111,0.126017292961478,0.13330032187514,0.130344138480723,0.137431331328116,0.142570760799572,0.144237076048739,0.140281774220057,0.12833085807506,0.127617073012516,0.124906916636974,0.124896715045907,0.134677687077783,0.125557806226425,0.129198828828521,0.141287644975819,0.131100417813286,0.126442446024157,0.137354096048512,0.135406382963993,0.131731556146406,0.127817396190949,0.125571456970647,0.126941637834534,0.128186363726854,0.136432726867497,0.131639028084464,0.131817057845183,0.131956383003853,0.130050873267464,0.134593570954166,0.135559601243585,0.13296680804342,0.12250092998147,0.130704762414098,0.136971637490205,0.132721461588517,0.12565625726711,0.126315403962508,0.135204653954133,0.136262000072748,0.143354226835072,0.132501424872316,0.144025122746825,0.143697223276831,0.136786288931035,0.122108281007968,0.134636599104851,0.130673529114574,0.129714701790363
cnf/Smarch/m5272c3.dimacs,1800,1800,1800,1800,1800,1800,1800,1800,1800,1800,1800,1800,1800,1800,1800,1800,1800,1800,1800,1800,1800,1800,1800,1800,1800,1800,1800,1800,1800,1800,1800,1800,1800,1800,1800,1800,1800,1800,1800,1800,1800,1800,1800,1800,1800,1800,1800,1800,1800,1800
cnf/Smarch/olpce2294.dimacs,1800,1800,1800,1800,1800,1800,1800,1800,1800,1800,1800,1800,1800,1800,1800,1800,1800,1800,1800,1800,1800,1800,1800,1800,1800,1800,1800,1800,1800,1800,1800,1800,1800,1800,1800,1800,1800,1800,1800,1800,1800,1800,1800,1800,1800,1800,1800,1800,1800,1800
cnf/Smarch/pati.dimacs,1800,1800,1800,1800,1800,1800,1800,1800,1800,1800,1800,1800,1800,1800,1800,1800,1800,1800,1800,1800,1800,1800,1800,1800,1800,1800,1800,1800,1800,1800,1800,1800,1800,1800,1800,1800,1800,1800,1800,1800,1800,1800,1800,1800,1800,1800,1800,1800,1800,1800
cnf/Smarch/phycore229x.dimacs,1800,1800,1800,1800,1800,1800,1800,1800,1800,1800,1800,1800,1800,1800,1800,1800,1800,1800,1800,1800,1800,1800,1800,1800,1800,1800,1800,1800,1800,1800,1800,1800,1800,1800,1800,1800,1800,1800,1800,1800,1800,1800,1800,1800,1800,1800,1800,1800,1800,1800
cnf/Smarch/ref4955.dimacs,1800,1800,1800,1800,1800,1800,1800,1800,1800,1800,1800,1800,1800,1800,1800,1800,1800,1800,1800,1800,1800,1800,1800,1800,1800,1800,1800,1800,1800,1800,1800,1800,1800,1800,1800,1800,1800,1800,1800,1800,1800,1800,1800,1800,1800,1800,1800,1800,1800,1800
cnf/Smarch/se77x9.dimacs,1800,1800,1800,1800,1800,1800,1800,1800,1800,1800,1800,1800,1800,1800,1800,1800,1800,1800,1800,1800,1800,1800,1800,1800,1800,1800,1800,1800,1800,1800,1800,1800,1800,1800,1800,1800,1800,1800,1800,1800,1800,1800,1800,1800,1800,1800,1800,1800,1800,1800
cnf/Smarch/toybox.dimacs,4.70082873548381,4.62143928208388,4.69069227296859,4.86915333056822,4.8464713296853,4.79634579690173,4.88632141659036,4.88616628060117,4.88477251701988,4.85735774459317,4.85456440458074,4.93832293222658,4.92049699951895,4.85735706309788,4.81288797245361,4.84865152090788,4.87074185465463,4.85122806206346,4.82546602678485,4.84024381195195,4.8513453847263,4.84864551876672,4.83145338553004,4.89489840576425,4.89247208507732,4.39975639176555,4.42427162267268,4.33107014279813,4.26564557221718,4.3435185959097,4.57172116683796,4.36321117938496,4.38704745215364,4.35339989163913,4.33882955601439,4.28497426770628,4.3472296029795,4.44663019198924,4.50940977665596,4.42522133979946,4.34096741722897,4.37223695917055,4.34930042317137,4.32090385467745,4.27837843773887,4.28746391343884,4.26959428098053,4.24867013539188,4.27847820869647,4.33235579472967
cnf/Smarch/toybox_0_7_5.dimacs,2.75288359355181,2.7695233868435,2.78806903050281,2.71604560408741,2.75709479907528,2.75380226271227,2.703444841085,2.7290591315832,2.73314297222532,2.74717231490649,2.7843840343412,2.70633228635415,2.69532016897574,2.70432549272664,2.7588540785946,2.73932922305539,2.70306354109198,2.7631657931488,2.71718447702005,2.75142517313361,2.73626716202125,2.71235507773235,2.74840409774333,2.742839085171,2.73360793082975,2.34931128844619,2.34991813823581,2.3714479226619,2.35565576679073,2.31954646133818,2.33440038561821,2.3943395440001,2.38112172461115,2.38708157115616,2.37745683942921,2.37298103095964,2.38056605821475,2.37647352460772,2.36573666101322,2.33039322728291,2.40017653303221,2.36096622864716,2.39064485556446,2.37843702081591,2.34224107256159,2.33177564106882,2.36086086998694,2.3776945809368,2.34070402081124,2.3448828603141
cnf/Smarch/uClibc-ng_1_0_29.dimacs,2.97820145217702,2.9635884098243,2.96647866466083,3.01185148349032,2.95967602543533,2.97051574802026,2.99337324453518,2.98542498075403,2.96939757280052,3.00331028597429,2.96435550344177,2.96671797661111,3.00192287913524,2.92219877662137,2.95228820899501,2.97192213614471,2.67258956842124,2.5340344493743,2.6568607436493,2.57108150376007,2.55454048514366,2.60463662561961,2.62434650748037,2.62217982043512,2.53203408862464,2.46903815376572,2.53352063545026,2.42507701576687,2.46158360457048,2.48336576041765,2.47995384363458,2.54718860192224,2.47711554681882,2.45158730889671,2.46771895210259,2.44192835432477,2.44352621515281,2.48693722579628,2.46934197633527,2.50404661241919,2.46049127704464,2.45199190708809,2.47290793410502,2.47480798955075,2.47215531696565,2.47711657150649,2.53084520390257,2.52330918214284,2.50695671490394,2.4858091827482
cnf/Smarch/uClinux-config.dimacs,1800,1800,1800,1800,1800,1800,1800,1800,1800,1800,1800,1800,1800,1800,1800,1797.33895522496,1800,1800,1794.73702469957,1795.77978853299,1798.73404561519,1800,1798.25702733849,1797.68783570873,1800,1789.12941758265,1800,1800,1800,1798.35840897844,1796.32527396875,1798.09406335372,1797.37816832913,1793.53400927829,1800,1795.1320477624,1800,1800,1795.98995655729,1800,1800,1797.40468460647,1799.50389175955,1779.19240803784,1782.37626765203,1778.52086215699,1781.07892428013,1780.40080319578,1779.44011985231,1780.6144330583
cnf/Smarch/uClinux.dimacs,21.1056056418456,21.231088423403,21.4343047372531,21.4866877985187,21.5166025315411,21.3492857478559,21.5800109291449,21.3805518690497,21.2929344139993,21.1963225803338,21.0687324709725,20.8728063695598,21.0167695691343,21.0832005322445,20.7627722581383,20.7728325948119,21.4669563849457,21.4746842742898,21.2671225031372,21.1170291574672,21.5507557718083,21.2679445801768,21.2595106102526,21.2463746028952,21.3303473507985,21.377170418622,20.8614441370592,21.1402672773693,20.9512956130784,21.1362285763025,21.0163609848823,20.8961228048429,20.6741567584686,20.4321765841451,20.7858257705811,20.9697649530135,20.6068461204413,20.7274803598411,21.0766817834228,21.2194426986389,20.9489093094598,20.9956896961667,20.9087857697159,21.0729198190384,21.264034707332,21.3153915170114,20.908594263019,21.0127170803025,21.1735276321415,19.0742405687924
cnf/automotive01/automotive01.dimacs,452.02220175392,453.482765494846,455.68895410304,454.312483433401,453.177364095347,455.115879491903,455.195865439251,450.495518018259,452.747298568022,455.311453199713,457.295677883551,451.676272545243,452.160907415207,455.809444995597,452.14871599758,448.784128909931,449.255333099281,451.567696853541,449.178720861906,452.096169516444,453.999773382908,453.924707270227,450.667377595324,452.327249655267,454.224948121933,444.925727846799,446.383938021027,447.796699452447,447.046456793323,446.98937289184,447.737440500408,450.302800564794,446.094755503815,447.990054254187,449.297298229765,449.125655727461,444.096912597073,446.220678872429,447.59584231046,446.538734862814,445.630620511482,447.232434920501,449.114256862085,445.619640885619,446.658935385989,447.847470141714,449.402478289325,445.505192320095,446.98004001379,448.860132830916
cnf/automotive02/automotive2_4.dimacs,1800,1800,1800,1800,1800,1800,1800,1800,1800,1800,1800,1800,1800,1800,1800,1800,1800,1800,1800,1800,1800,1800,1800,1800,1800,1800,1800,1800,1800,1800,1800,1800,1800,1800,1800,1800,1800,1800,1800,1800,1800,1800,1800,1800,1800,1800,1800,1800,1800,1800
cnf/featureide_examples/berkeleydb.dimacs,0.560798331396654,0.540293821599335,0.56894128350541,0.559885048307478,0.587685080710799,0.569259393028915,0.545215326827019,0.555508729536086,0.568155860994011,0.533939151559025,0.570112554822117,0.564427817938849,0.557361414656043,0.555146561004221,0.542948805727065,0.560138948261738,0.537145313806832,0.573110450292006,0.566778226057068,0.555504509946331,0.570901816245168,0.543718871660531,0.539930080063641,0.551554707111791,0.549244577530772,0.568776364205405,0.582164549035952,0.549218886531889,0.58902380312793,0.575735713122413,0.57294039754197,0.557355344993994,0.567098556086421,0.553371453192085,0.54949118476361,0.566061168909073,0.540176870999858,0.56658450840041,0.548005446093157,0.56062407582067,0.568331587594003,0.544501787284389,0.5672700132709,0.563205995829776,0.556162973633036,0.552819534670562,0.568519613007084,0.554279971402139,0.561634763609618,0.557142803678289
cnf/financial_services/financialServices_2018-05-09.dimacs,18.1385139743797,17.9969744686969,17.643146895105,18.2226703206543,18.4022737776395,18.4694176870398,18.3726989710704,18.4503118642606,18.3556771171279,18.4015146582387,19.4523899224587,19.3888904771302,19.1908642326016,18.809393811971,19.2412704874296,19.2969525610097,19.4374141355511,19.2834251271561,19.2788590251002,19.33819798287,19.3036215114407,19.2714610204566,19.3112097335979,19.3859773019794,19.3246383853257,18.4422457546461,18.4215719855856,18.4004111932591,18.2929532690905,18.3018948803656,18.4460519726854,18.4534463032614,18.2109782374464,18.1952953489963,18.2666617434006,18.2347552548163,18.2547485004179,18.1601878050715,18.2430575601757,18.3760804310441,18.3920181405265,18.2497400988359,18.200177866267,18.2469971596729,18.3628497857135,18.3366013956256,18.1449427970219,18.1593161409255,18.1542738454882,18.1910118709784
cnf/confidential/automotive03/03.dimacs,12.6965025865939,12.5993681119289,12.55302683427,12.5838307619561,12.6010493589565,12.5872895659413,12.6526252578478,12.6123401848599,12.693700508913,12.6252034001518,12.6271523961332,12.6488470574841,12.6255190654192,12.653380645439,12.5975587482099,12.5926638219971,12.5365756251849,12.6445032584015,12.5903934240341,12.6674586737063,12.6136420189869,12.5671014364343,12.5864580813795,12.5952027007006,12.6141027905978,11.7826217592228,11.7788066095673,11.7932682062965,11.9004506096244,11.7985176204238,11.6700737450738,11.7518837957177,11.7299989990424,11.7491866431665,11.746688517509,11.7439872177783,11.8268663317431,12.2835016129538,11.6651798745152,11.667124166619,11.704085155623,11.8468134540599,11.8203421125654,11.7241742562037,11.7210461467039,11.8442169290502,11.7528955857269,11.7250130886678,11.7156591669191,11.7126733879559
cnf/confidential/automotive03/automotive03a.dimacs,3.82552207144909,3.86757372855209,3.85908596497029,3.71077638235874,3.70550426910631,3.84296154323965,3.84531782171689,3.92831848189235,3.86800673371181,3.83013184834272,3.85185283143073,3.83919964241795,3.72175881545991,3.746318009682,3.70590328145772,3.7295496868901,3.90839980798773,3.89785080193542,3.88368442328647,3.77176378993317,3.84793678321876,3.90619352716021,3.76419162750244,3.76385615370236,3.85616111033596,3.47766280220821,3.43191959196702,3.50729203829542,3.53095933771692,3.46218936238438,3.43232170096599,3.45400255499408,3.52240805141628,3.44083209009841,3.4504989979323,3.43533952813596,3.4618419141043,3.46268801926635,3.44196464307606,3.44813651707955,3.42166759679094,3.44971986068413,3.44316427735612,3.4901063144207,3.41996406530961,3.48267862666398,3.42742596263997,3.48631881712936,3.4270310762804,3.44458985794336
cnf/confidential/automotive03/automotive03b.dimacs,142.951593173435,142.018285043305,141.379159103148,142.367408475606,142.034653679468,142.171839965507,141.904577204259,141.964266172377,142.237791333115,142.381623519119,141.616169091547,142.074642909691,142.133496164344,142.176125818398,142.078995011048,142.269248857163,142.259584577056,142.530122280121,142.269237654284,141.613772073295,142.052089272067,142.390624076594,142.583136452595,142.82705103443,142.85138128954,134.782144495286,135.578828452854,136.096068751765,134.733677637996,134.361590727,136.69848881755,134.144252997125,137.155376956332,136.19617802673,136.602751313942,134.354106726591,134.658445554087,136.397758716485,134.985355415614,135.36835115822,135.363298598211,137.661161451833,137.491081859218,138.234713333193,138.058671446983,137.237824494019,137.445321000414,139.648134110728,140.7008203601,141.227199889021
cnf/confidential/automotive04/04.dimacs,8.16314237215556,8.11833361000754,7.97576861665584,8.22761663026176,8.15133726480417,8.15996754914522,8.00395618774928,8.06835309835151,8.15153577481397,8.10032431432046,8.15880398987792,8.17793424497359,8.14249303261749,8.13303905981593,8.10118679492734,8.06222170055844,8.16298363613896,8.06782263936475,8.10290066688322,8.09011660539545,8.14443464693613,8.12768473988399,8.08351936074905,8.05398545507342,8.05570137989707,7.99449555203319,8.02360017062165,7.96541742235422,7.89775753812864,7.9463993543759,7.86381298257038,7.9244965671096,7.94218038348481,7.92496777814813,7.83670502039604,13.8212272250094,8.00026392797008,7.9192301069852,8.02438255911693,7.83959955372848,8.00353694427758,7.98960265005007,7.95068858074956,8.06958919507451,7.97365005104803,8.00216607376933,8.03593346965499,7.91808937024325,7.95805776375346,7.96547043207102
cnf/confidential/automotive05/05.dimacs,1800,1800,1800,1800,1800,1800,1800,1800,1800,1800,1800,1800,1800,1800,1800,1800,1800,1800,1800,1800,1800,1800,1800,1800,1800,1800,1800,1800,1800,1800,1800,1800,1800,1800,1800,1800,1800,1800,1800,1800,1800,1800,1800,1800,1800,1800,1800,1800,1800,1800
cnf/confidential/automotive06/automotive06a.dimacs,5.05042587313801,4.90370616223663,4.98393364949152,4.97079797321931,4.97493009548634,4.90686296089552,4.88403860572726,4.98152381554246,4.93347870837897,4.92449306044728,4.9137582401745,4.90215776883997,4.8423915579915,4.92643418419175,5.06561795575544,5.06202050973661,5.11429230240174,5.03914684592746,5.15222457540222,5.04897628747858,5.17331482493319,5.01656396803446,5.07180905179121,5.40177961066365,4.86224545841105,4.87280658376403,4.83499326696619,4.83215041807853,4.87827700725757,4.82911548088305,4.83309653471224,4.8010872292798,4.80299513903447,4.9915219435934,4.8579283466097,4.80712182936259,4.84229496284388,4.84768860018812,4.85230344999582,4.83844034234062,4.8295660901349,4.78935579583049,4.83912981464528,4.85190936247818,4.94140819483437,4.87070206203498,4.77075033960864,4.82307367911562,4.86801613797434,4.93038978776895
cnf/confidential/automotive06/automotive06b.dimacs,172.103187395725,171.722859808709,170.69722110196,168.207133591175,179.810746181058,168.508441413986,169.40672432282,169.143653816078,170.896930347895,169.530103194993,170.630966660101,170.138606955996,168.256527583813,168.42300445959,167.829802476568,169.142204336822,169.760117507773,171.075932766311,170.558358713053,169.977295599412,168.526532477234,167.928417290095,167.639270342654,167.925500672311,169.081041956553,168.91024784185,169.225788467098,170.414045852842,169.565449374495,169.816153587541,167.963209627662,167.664941683644,167.123632001923,167.529649012024,168.629156460753,170.396565014729,169.455913541839,169.367123657372,169.523765288293,168.182314572856,167.958047290565,167.329437681008,168.469762149034,168.164081326686,171.295302639715,169.977247076808,169.305746215396,168.381859673886,167.904704568209,168.100321479375
cnf/confidential/automotive07/automotive07a.dimacs,20.0324705201201,20.0197563245892,19.9924095585011,19.93327222066,19.9796067283023,20.221386107849,20.7775392243639,20.7231205697171,20.2324412532616,20.606917767087,20.6275671289768,20.8215657351539,20.3869657097384,20.6888557737693,20.1906893788837,20.0752012506127,20.1223452619743,20.0428083701991,20.0746117637027,20.518531606067,20.227576703066,20.0383363589644,20.0310248457827,19.9167057627346,20.0939133632928,19.9255903856829,19.8919596273918,19.9556389537174,19.8665095991455,19.8279364993796,19.8841601803433,19.9038614050951,19.8712653066032,19.8203807331156,19.83129416476,19.846672964748,20.1894925162196,20.2506635165773,20.0966155249625,20.094625567086,20.1549298260361,20.0051150568761,20.113437112188,20.1107133983169,20.0374653737526,20.1044917888939,20.0319173042662,19.9851532706525,20.0493556368165,19.9846204998903
cnf/confidential/automotive07/automotive07b.dimacs,1800,1800,1800,1800,1800,1800,1800,1800,1800,1800,1800,1800,1800,1800,1800,1800,1800,1800,1800,1800,1800,1800,1800,1800,1800,1800,1800,1800,1800,1800,1800,1800,1800,1800,1800,1800,1800,1800,1800,1800,1800,1800,1800,1800,1800,1800,1800,1800,1800,1800
