cnf/CDL/am31_sim.dimacs,52.5436054607853,52.840287303552,52.6050350011792,52.7439425946213,52.6564938358497,52.7381458170712,52.7788852262311,52.7330258560833,52.7091236743145,52.7167352116667,52.813141051447,52.7188200056553,52.7298687901348,52.9404986279551,52.9510530875996,52.7116027246229,52.7185961529613,52.6620533105452,52.6490955224726,52.9216439372394,53.1639117845334,52.7259516802151,52.6105324770324,52.8376976200379,52.7051760144532,53.000136312563,52.747192898998,53.0415687679779,53.1474236499053,53.0777638549916,53.2171202956233,53.4904661800247,53.3173929303885,53.0888173319399,53.0513697529677,53.3718024080154,53.2119450811297,53.4388555355836,53.2835419366602,53.2568567218259,53.4462086909916,53.4632266394328,53.0363687151112,53.0904359000269,53.2509597677272,53.4089736640453,53.1800026060082,52.8508930907119,52.7681917366572,53.0832525100559
cnf/CDL/ea2468.dimacs,180.58917740453,180.735812064027,180.862869123463,180.876866556704,180.388253441313,180.576847985154,182.167664285284,181.673157993704,182.639617760899,181.863683765288,182.466056716628,183.141483863117,181.823993248865,181.208044611849,180.925737230107,180.964328622678,180.753855186515,180.841669219546,181.325559940655,181.211532355053,182.143341583433,182.448716426035,180.515863944544,180.67689100001,180.68000904005,180.993374155136,182.716705367202,182.485323553672,182.376069951803,182.821946525481,182.860521558905,182.327246080153,182.503354080487,182.364653008757,182.633181207348,182.40828013001,182.893831969937,182.413632009877,181.726635753643,182.784890664276,182.516934797168,182.764937825734,183.27588551119,182.283244792838,181.665459275013,181.756925128168,182.36918722745,182.750569961965,182.442396434024,182.637674128404
cnf/CDL/p2106.dimacs,90.2346048690379,90.3619331035297,90.2398709794506,90.2164985381532,90.6283753304742,90.2378893494606,90.351520631928,90.1862686928362,90.0763757433742,90.3282495744061,90.2276660846546,90.0282937705051,90.2425219852012,90.1128175978083,90.334607383702,90.2616658166517,90.1585233891383,90.3021216371562,90.2119024160784,90.382679682225,90.374060242204,90.4059972385876,90.0152109775227,90.1212341494393,90.5379425114952,91.3904981415253,90.7576999447774,90.1747698704712,90.2443506768905,90.9210959319025,89.6910764435306,89.4340801592916,91.1025673940312,91.4778305746149,91.0623739908915,91.1870923929382,91.27329277643,90.9229766265489,91.3388967157807,91.5051359809004,90.602992977947,91.0145507620182,91.4013084056787,91.7735588443466,91.3973265788518,91.2218981403857,91.3049516186584,90.8723990612198,90.6852724491619,91.4640812834259
cnf/KConfig/axTLS.dimacs,2.36986762960441,2.29387326491997,2.34745435067452,2.39271785039455,2.32711557042785,2.3395885922946,2.37783224531449,2.30902642337605,2.35334890871309,2.28610071213916,2.28145853150636,2.32043522107415,2.31129594054073,2.3444444835186,2.30663725547492,2.26930625527166,2.29558193543926,2.28491409099661,2.27720071189105,2.37465279200114,2.32165686017834,2.29403535858728,2.3371777930297,2.34513503662311,2.32245783717372,2.38247994543053,2.37097927555442,2.35417283815332,2.34491716348566,2.2989654475823,2.33109239814803,2.27153446152806,2.29170472966507,2.28991495375521,2.28339266963303,2.27257971814834,2.31784182065167,2.32854882860556,2.35331624536775,2.30850051227026,2.25898475130089,2.32048795791343,2.31647586170584,2.31342323194258,2.35491839749739,2.31955504394136,2.27461486239918,2.29372366890311,2.29727489082143,2.29097089683637
cnf/KConfig/busybox-1.18.0.dimacs,3.24299985799007,3.23879972053692,3.19246444758028,3.21577731450088,3.22250020620413,3.33418976119719,3.21562204579823,3.19749077223241,3.22168811247684,3.19033646211028,3.22839600499719,3.22586251120083,3.24546600109898,3.20482815057039,3.13407335244119,3.30938795721158,3.20227883732878,3.08639710117131,2.98842839361168,2.94963021436706,2.96217466238886,3.00328194024041,2.91300748335198,3.00459626200609,2.93933702190407,3.16166822658852,3.13372508785687,3.12881639273837,3.12572332541458,3.08041283651255,3.1032846539747,3.08669349388219,3.10915261926129,3.12094952259213,3.11430571973324,3.1244523730129,3.0995168837253,3.0172842326574,3.20033985911869,3.20439163013361,3.25756423920393,3.19747499097139,3.16951808007434,3.17185368109494,3.21591807366349,3.2249456953723,3.21786425705068,3.20752486935817,3.13895624340512,3.08699091337621
cnf/KConfig/embtoolkit.dimacs,5.18744643032551,5.40716763888486,5.5029502636753,5.53566052159295,5.44365318561904,5.37466483330354,5.4270145886112,5.34279991756193,5.3448356767185,5.38455698871985,5.29002598649822,5.4602134055458,5.47966940072365,5.44125273218378,5.48661177023314,5.40421278541908,5.4114896627143,5.48348121554591,5.49389833351597,5.46061266283505,5.48465264611878,5.473507308634,5.47910052957013,5.46219757921062,5.51331879431382,5.46158161084168,5.41361444373615,5.44951217272319,5.45944189885631,5.46380952489562,5.45712694432586,5.38359688012861,5.44821264478378,5.40887406351976,5.45421071397141,5.4738389630802,5.44643269991502,5.47783718025312,5.449245671276,5.44489611010067,5.4760225424543,5.31749627552927,5.41745323920623,5.43200250156224,5.37480550189503,5.23864198825322,5.31546682259068,5.27872495632619,5.36160116526298,5.43964941008017
cnf/KConfig/linux-2.6.33.3.dimacs,1800,1800,1800,1800,1800,1800,1800,1800,1800,1800,1800,1800,1800,1800,1800,1800,1800,1800,1800,1800,1800,1800,1800,1800,1800,1800,1800,1800,1800,1800,1800,1800,1800,1800,1800,1800,1800,1800,1800,1800,1800,1800,1800,1800,1800,1800,1800,1800,1800,1800
cnf/KConfig/uClibc.dimacs,3.71753243822604,3.71050236281008,3.75291864946485,3.73964092461392,3.70113944076002,3.75033708568662,3.71482202480547,3.67254484142177,3.66967844474129,2.97896896232851,2.93850657204166,3.04846183909103,3.19849790912122,3.30844208179042,3.43501939298585,3.51372889592312,3.53942589694634,3.61606718413532,3.57225113362074,3.55448317714035,3.589484247379,3.59168759430759,3.64797638705932,3.61960466648452,3.64813128812239,3.57098610606045,3.61127770482562,3.53865991625935,3.55830770754255,3.60887162503786,3.52964021149091,3.55118428380229,3.59020215296186,3.5967866173014,3.53903958410956,3.54864416201599,3.51065347203985,3.53646181896329,3.56913940864615,3.53352843341418,3.56323347031139,3.61695947404951,3.62892900337465,3.62777554942295,3.59935299679637,3.59053474385291,3.55914769554511,3.58604308962822,3.60638535209,3.58701243018731
cnf/KConfig/uClinux-base.dimacs,4.66344018513337,4.52530919131823,4.66488931630738,4.70293552451767,4.59833820327185,4.63367673614994,4.43548002582975,4.61060439026915,4.62932850630023,4.68932348722592,4.67451720125973,4.69714786321856,4.67982159531675,4.48205520189367,4.69513827073388,4.52242413302884,4.6182830221951,4.58194177062251,4.4884580837097,4.58058643946424,4.54215784720145,4.67840004246682,4.60734162689187,4.6760659259744,4.50067428429611,4.36872008815408,4.38933019409888,4.38766734069213,4.4949456427712,4.57594776386395,4.37498136167415,4.43442128645256,4.52941649779677,4.47226043487899,4.54421974578872,4.54403666593134,4.47493222169578,4.45351668237709,4.46612883335911,4.52531505306251,4.55874415743165,4.20554091827944,3.77750085783191,4.25871444121003,4.48569006309845,4.65266617201269,3.65003733010963,3.76544563216157,3.71534468093887,3.8156165741384
cnf/KConfig/uClinux-distribution.dimacs,4.41106455749832,4.28818786959164,4.51650068652816,4.36270799883641,4.46066051581875,4.3901617731899,4.49215327668935,4.38880033418536,4.35374608659186,4.33254148671404,4.41973288380541,4.46002183575183,4.28065262339078,4.3354480327107,4.42243778635748,4.41588546847925,4.40657517290674,4.52156010596082,4.48950128490105,4.42414307640865,4.31050635897554,4.35239972849377,4.37667323369533,4.2976439029444,4.42196652083658,3.8221916933544,3.95311723905616,3.76978819072247,4.03403520281427,4.14447576832026,4.25569950067438,4.31675436184742,4.129407140892,3.82558244979009,4.02241619839333,4.04310894408263,4.18781870603561,4.26935436483473,4.33331698272377,4.33852890902199,4.36589687271044,4.48563758120872,4.39685823069885,4.4314808677882,4.44764635642059,4.47125786286779,4.58451147959568,4.49733723304234,4.4824406048283,4.34934362606145
cnf/Smarch/2.6.28.6-icse11.dimacs,1800,1800,1800,1800,1800,1800,1800,1800,1800,1800,1800,1800,1800,1800,1800,1800,1800,1800,1800,1800,1800,1800,1800,1800,1800,1800,1800,1800,1800,1800,1800,1800,1800,1800,1800,1800,1800,1800,1800,1800,1800,1800,1800,1800,1800,1800,1800,1800,1800,1800
cnf/Smarch/2.6.32-2var.dimacs,1800,1800,1800,1800,1800,1800,1800,1800,1800,1800,1800,1800,1800,1800,1800,1800,1800,1800,1800,1800,1800,1800,1800,1800,1800,1800,1800,1800,1800,1800,1800,1800,1800,1800,1800,1800,1800,1800,1800,1800,1800,1800,1800,1800,1800,1800,1800,1800,1800,1800
cnf/Smarch/2.6.33.3-2var.dimacs,1800,1800,1800,1800,1800,1800,1800,1800,1800,1800,1800,1800,1800,1800,1800,1800,1800,1800,1800,1800,1800,1800,1800,1800,1800,1800,1800,1800,1800,1800,1800,1800,1800,1800,1800,1800,1800,1800,1800,1800,1800,1800,1800,1800,1800,1800,1800,1800,1800,1800
cnf/Smarch/7z.dimacs,1.88278634217568,1.78645501146093,1.77310639014468,1.83144489745609,1.76295047043823,1.84307215735316,1.78824204625562,1.84184625791386,1.75201552291401,1.77960117300972,1.73730299202725,1.75614677625708,1.75678326259367,1.75697881542146,1.84874819824472,1.78152821422555,1.73804134246893,1.75508360215463,1.7395095473621,1.74446527170949,1.73674331232905,1.78183457930572,1.74043910228647,1.75462384289131,1.7583297889214,1.79098556214012,1.84001974482089,1.80150751490146,1.7832849372644,1.77943074796349,1.79575165943243,1.82038735807873,1.77436843328178,1.79984129522927,1.79386198078282,1.80431859800592,1.7788369844202,1.79318233183585,1.83555954974145,1.86219203402288,1.91653186641634,1.89564782241359,1.83729609893635,1.85490516130812,2.02132574934512,1.8370403777808,1.81452644965611,1.82863564882427,1.81090749474242,1.80174556002021
cnf/Smarch/BerkeleyDBC.dimacs,1.30536759831011,1.30775178247131,1.30897963955067,1.30364815960638,1.37040180969052,1.32560038985685,1.31337886536494,1.32679525925778,1.34661027253605,1.34519890579395,1.31277116737328,1.33993058186024,1.33736042887904,1.34034219849855,1.3081209808588,1.31268928945065,1.35580004332587,1.34053181065246,1.33736586337909,1.37598512950353,1.43978697969578,1.42393400520086,1.34771407186054,1.31662113568746,1.28976493794471,1.3341611714568,1.35781912738457,1.35699268104509,1.33288461016491,1.3191784969531,1.31744147650898,1.34135018335655,1.33817753847688,1.32682671840303,1.34044751524925,1.32053518434986,1.33158731111325,1.34170988737606,1.31345994304866,1.31971251359209,1.37671301933005,1.35396447684616,1.35623232275248,1.36513303685933,1.3394386570435,1.31169765163213,1.30671514361165,1.32067347294651,1.32492094859481,1.30196615261957
cnf/Smarch/Dune.dimacs,1.29745539603755,1.32276134728454,1.31522215390578,1.32889394345693,1.34008493716829,1.32942478125915,1.32899819803424,1.3463399130851,1.32860019407235,1.3356475753244,1.34125643898733,1.31219615763985,1.38123393547721,1.35865741223097,1.31957815377973,1.3084045718424,1.34355213330127,1.34630078147165,1.33398471167311,1.3145677621942,1.31794629432261,1.32404945231974,1.32361969142221,1.30508497613482,1.31978794327006,1.32470886874944,1.32194872642867,1.32576896809042,1.3428518162109,1.33517375634983,1.3424787314143,1.39000325254165,1.35647852160037,1.32156700920314,1.34206389356405,1.4377909982577,1.36580129386857,1.35049955477007,1.4308596351184,1.33567136176862,1.32602981501259,1.3347763591446,1.30951201589778,1.30510929576121,1.33717632200569,1.32568239304237,1.34830185747705,1.33916914882138,1.3096957707312,1.31902583548799
cnf/Smarch/HiPAcc.dimacs,1.82635251339525,1.74559195130132,1.74355155788362,1.7456273958087,1.75326699647121,1.77415823400952,1.74228871241212,1.74266111035831,1.7743387138471,1.85867750435136,1.79358667251654,1.78877432481386,1.76953527005389,1.78009625454433,1.75286640669219,1.75692547624931,1.78259254572913,1.72182070254348,1.77767570782453,1.87823827308603,1.80218069604598,1.7500185824465,1.76880025095306,1.76296771038324,1.74660829431377,1.77382865245454,1.81136814574711,1.78174980729818,1.7785367493052,1.78011273848824,1.78648470714688,1.7969743993599,1.7744078496471,1.80578610370867,1.79265287076123,1.79964357847348,1.8070128262043,1.80133477551863,1.80997274024412,1.83348328177817,1.8808503432665,1.84463613387197,1.83727021934465,1.84480240405537,1.84298524074256,1.91707808594219,1.91991439694539,1.84716309187934,1.90534168411978,1.86016407376155
cnf/Smarch/JHipster.dimacs,1.76066895690747,1.76094765402377,1.78846617112868,1.77052633790299,1.78274413663894,1.73624792415649,1.8044565867167,1.80142351705581,1.7259148193989,1.7447044053115,1.73066220665351,1.73093347623944,1.76951494533569,1.73739312030375,1.80301134940237,1.7983843034599,1.80006774910726,1.7617924050428,1.73518480942585,1.74708413006738,1.79920768085867,1.8665401886683,1.7887147681322,1.80509660020471,1.75776527659036,1.85980822844431,1.85220958385617,1.91389873321168,1.84923794050701,1.89000237709843,1.95245284074917,1.82749535492621,1.84332401189022,1.84313211776316,1.87272709910758,1.91423264122568,1.93752380367368,1.94848439423367,1.85267832316458,1.84071539365686,1.8631595922634,1.83266471908428,1.82455904316157,1.83901682379656,1.86812737979926,1.86691719619557,1.86089913430624,1.85188673739322,1.87518306076527,1.93409551004879
cnf/Smarch/JavaGC.dimacs,1.74711611075327,1.82007428980432,1.74079910712317,1.76684143068269,1.74281677813269,1.75419205939397,1.7417646588292,1.75409098248929,1.7439221162349,1.76610167697072,1.77386710513383,1.74765278096311,1.7316769042518,1.76710735145025,1.75084658665583,1.74137148377486,1.74226999864914,1.76180354785174,1.73678726819344,1.76460972474888,1.74624202260748,1.84561352012679,1.73270693700761,1.78076974884607,1.8049637794029,1.75363762211055,1.81128070852719,1.79456584760919,1.81680167256854,1.80738299712539,1.90771044185385,1.82291181525216,1.80734028853476,1.76339134364389,1.77443278720602,1.91541848378256,1.84837165637873,1.8210170394741,1.75145943160169,1.7749386173673,1.7840687725693,1.77338509634137,1.80933557241224,1.83696435205638,1.79054557252675,1.78651883546263,1.82375332689844,1.86087806383148,1.85870303935371,1.83902187016793
cnf/Smarch/LLVM.dimacs,1.30795564875007,1.36046600318514,1.32536869682372,1.36773057328537,1.33054820983671,1.31940027931705,1.29741269606166,1.30897640599869,1.32345278351568,1.32324788719416,1.33554301364347,1.43593627563678,1.31982896639965,1.31252891127951,1.29061732487753,1.31449018395506,1.34808598575182,1.3288859105669,1.32674785587005,1.34222922520712,1.32274047192186,1.35374021390453,1.30715142679401,1.32700315304101,1.32036265614443,1.34368166769855,1.37389758578502,1.34599542920478,1.3387119199615,1.31630340404809,1.32728123199195,1.37443735753186,1.34248949377798,1.36252614879049,1.34017271967605,1.32365581276827,1.35040477383882,1.36497965990566,1.31214056164026,1.36283110268414,1.3232646570541,1.34041343908757,1.32022062060423,1.36452756403014,1.30736167216674,1.34134119655937,1.32165006571449,1.33688341639936,1.28310690703802,1.33457663748413
cnf/Smarch/Polly.dimacs,1.81674470053986,1.7992678375449,1.82445735554211,1.85441875760444,1.80694538308308,1.83197691477835,1.73790344083682,1.7454786777962,1.74531472870149,1.73602660140023,1.74667069781572,1.72596418182366,1.80591442529112,1.83403658820316,1.810445377836,1.72696403460577,1.75901756435633,1.7544549703598,1.82443710719235,1.77198925847188,1.72627247683704,1.77305574784987,1.75884818262421,1.7230437733233,1.75369715504348,1.8465257906355,1.78437716816552,1.82069538952783,1.83967267582193,1.91665660170838,1.79257555119693,1.87565954122692,1.85239763162099,1.75180728267878,1.79403911484405,1.7830674261786,1.81695054587908,1.85231418791227,1.87100102822296,1.81628010468557,1.78313539130613,1.84214407065883,1.90571144456044,1.85788933211006,1.73922299570404,1.7639491984155,1.76691903197207,1.75694842124358,1.76479072542861,1.75434285588563
cnf/Smarch/VP9.dimacs,1.7486374261789,1.80458273366094,1.79490900575183,1.73929974297062,1.79632894997485,1.74236312438734,1.80991308577359,1.82673152606003,1.80385769251734,1.74353683646768,1.74335222155787,1.74621835886501,1.83633754076436,1.79873762698844,1.80449269618839,1.82325203390792,1.87403375399299,1.78640985651873,1.82001637667418,1.82873253733851,1.78173104929738,1.74663150426932,1.72913542878814,1.76323628262617,1.7479227646254,1.77012245566584,1.84663500916213,1.78068802412599,1.77003807504661,1.76987571804784,1.78618085919879,1.75858350330964,1.76437163632363,1.77972580119967,1.83428211230785,1.78524447372183,1.86533130821772,1.76965106208809,1.76561801997013,1.83994700782932,1.8610781438183,1.90324914338999,1.77981911413372,1.79713643342257,1.78242842969485,1.79161067958921,1.86399468407035,1.78855890943669,1.76852573477663,1.75659048929811
cnf/Smarch/X264.dimacs,1.32839536480606,1.33570832712576,1.32315982272848,1.30533234239556,1.31395849282853,1.3175065247342,1.29460359364748,1.31650927243754,1.29474258306436,1.34153647581115,1.32114262017421,1.35585324768908,1.40048503526486,1.34217610978521,1.31427626591176,1.30438442225568,1.33317346777767,1.299310909817,1.32040896313265,1.32059405487962,1.30672957468778,1.31290770578198,1.30906457384117,1.29867498599924,1.28682586108334,1.3402621014975,1.32054478488863,1.30639420589432,1.35186151461676,1.40418370114639,1.37314956146292,1.33735685050488,1.34632351435721,1.38843518006615,1.35022766608745,1.50573148555122,1.32983824983239,1.35142761864699,1.32175258244388,1.29624021891505,1.34140672744252,1.34285833360627,1.33922567032278,1.3507370816078,1.35211923043244,1.31636933167465,1.32943842629902,1.32327277516015,1.37130857096054,1.44581556273624
cnf/Smarch/adderII.dimacs,285.928681706777,285.375177924288,285.516535922885,285.550244939979,285.571759582264,285.507638000883,285.177440979984,285.508266650606,284.935141511494,286.125531780301,285.199045520043,288.220707241911,287.622496029595,285.019297513878,285.578255029395,285.446147305425,284.671361454762,284.787462664535,284.860569966724,285.073686014162,285.012142332271,284.853329361649,285.04484350956,284.631032052217,284.823238757439,285.473941777833,285.463160364889,284.948149366304,285.342603008263,285.931657425826,285.551324143307,285.464574935613,285.45898248069,285.532275821781,285.474804204656,285.38934747153,285.312656654511,285.625885394402,284.898259895388,285.177657582099,285.230534205446,285.106519472785,285.19649509131,285.097365719499,285.057204619748,285.517696707509,284.834084755508,286.315585675649,285.437347267522,285.422731623054
cnf/Smarch/at91sam7sek.dimacs,220.038922137814,220.388736144174,220.21425199369,220.668570370879,220.643292744178,220.753755813697,220.545043312479,220.306045248173,220.385738421231,220.209051770624,220.292863710551,220.247279517353,220.241558978101,220.525825260906,221.081536669983,220.435679050861,220.485638171434,220.365698419744,220.361809209222,220.050251334207,220.254709491506,220.272505478701,220.646393773146,220.144774978515,220.119160637958,220.3428018454,220.451552723767,220.518786556786,220.571599894203,220.344724190887,220.234657992376,220.241957300808,223.461135728983,227.649961989373,225.988499959465,220.366728749126,220.349874481792,220.80555265164,220.477536040591,220.808116512839,220.594542640261,220.462376938201,221.075470088981,220.469800880179,220.601413575932,220.360297511565,221.292694347911,220.396461913129,220.351699148538,220.395303618861
cnf/Smarch/axTLS.dimacs,3.32606440898962,3.34815515740775,3.3548555651214,3.37878875667229,3.34154497436248,3.30650600790977,3.34115003654733,3.34628657065332,3.36220114841126,3.38972007436678,3.3094501378946,3.42207136540674,3.33629796514288,3.30922750546597,3.34592020278797,3.38455551094376,3.33273363020271,3.29928971105255,3.32893025246449,3.30364754912443,3.26920328312553,3.30646624532528,3.30505756521597,3.38099962845445,3.41506436350755,3.27538444567472,3.16640197811648,3.15982045722194,3.20328807178885,3.10021607903764,3.17736813588999,3.07106400839984,3.15640509710647,3.04740907950327,3.04191489657387,3.2873810636811,3.16562343528494,3.18799511366524,3.25552982534282,3.18619545269757,3.21081398031674,3.25041772890836,3.24597610090859,3.21580351749435,3.17966527654789,3.1858625607565,3.05454832175747,3.23280124668963,3.3675656048581,3.18241400271654
cnf/Smarch/axtls_2_1_4.dimacs,2.38346597366035,2.37460516951978,2.36039938824251,2.31034461851232,2.32000567996874,2.3846071229782,2.37688637129031,2.41251645190641,2.31182366865687,2.35105638136156,2.346208747942,2.31434490997344,2.34164855023846,2.30817649746314,2.30658243829384,2.31577697233297,2.3604901987128,2.39516330440529,2.37035130080767,2.30359690706246,2.32075347471982,2.37797884247266,2.29760297574103,2.30868727248162,2.32402971107513,2.23315921146423,2.29086162243038,2.28939568321221,2.37557616573758,2.2366914190352,2.20527586061507,2.27729677059688,2.36492806905881,2.21786281862296,2.25163315585814,2.35341179626994,2.26264301780611,2.24689281336032,2.26529481983744,2.18358375132084,2.22828747704625,2.35373148065992,2.29738594056107,2.26906057749875,2.23285806598142,2.21696740319021,2.21299690334126,2.20827607926913,2.21326861507259,2.22380410227925
cnf/Smarch/buildroot.dimacs,1800,1800,1800,1800,1800,1800,1800,1800,1800,1800,1800,1800,1800,1800,1800,1800,1800,1800,1800,1800,1800,1800,1800,1800,1800,1800,1800,1800,1800,1800,1800,1800,1800,1800,1800,1800,1800,1800,1800,1800,1800,1800,1800,1800,1800,1800,1800,1800,1800,1800
cnf/Smarch/busybox-1.18.0.dimacs,14.1671437390614,14.5519626771566,14.605702384375,14.5614995893557,14.5261344157625,14.6370657698717,14.552211725153,14.5865031639114,14.5805208594538,14.5452567967586,14.530020932667,14.5603761880193,14.6160225342028,14.6167014620733,14.0283793886192,14.2910944349132,14.5100767370313,14.3445557083469,13.1370747492183,12.336255930597,14.5379532624502,14.5784470539074,14.5672607189044,14.5420648141298,14.6495153398719,12.1285592212807,12.9015630856156,14.5125982579775,14.5150568981189,14.5272652702406,14.495152763091,14.5480771397706,14.5276080837939,14.5811768050771,14.5921088326722,14.6824803287163,14.6743688622955,14.6513164897915,14.6374922809191,14.5541452209,14.4865154447034,14.5311724357307,14.5482206719462,14.5119631942362,14.4826536802575,14.5183327551931,14.6405919268727,14.6294499922078,14.6391032750253,14.6505896092858
cnf/Smarch/busybox_1_28_0.dimacs,26.7567663711961,26.7844940999057,26.8933912457433,27.4076473161112,26.8573567869607,26.9741748615634,26.7844490283169,26.9491568629164,26.8459620808717,27.0668632865418,26.6764007883612,26.7291259458289,26.7667631485965,26.7145793426316,26.8251814236864,26.8399009227287,26.9308125346433,26.9542286284268,27.0142667302862,26.8459374997765,26.8762149792165,26.9087505070493,26.8509420414921,26.8426515583415,26.8296714914031,26.8222705414519,26.9936250511091,26.9389810715802,26.8487721772399,26.9589712677989,26.9626410359051,26.7722632240038,26.7521626222879,26.980540253222,26.7901883374434,26.7921951173339,26.6380131789483,26.8666235825513,26.7124619539827,26.726522520883,26.8320655422285,26.7690296983346,26.8526615086012,26.8103715088218,26.761372966459,27.0494752826635,26.9683762956411,26.931940556271,26.7345038719941,26.8135950115975
cnf/Smarch/ecos-icse11.dimacs,606.12366702687,606.199260659516,606.34036209248,605.474201711593,606.063343371265,605.959406018956,605.931519144215,605.184741212754,605.55162503873,606.072222866584,606.877049870789,606.350707520265,606.292203042191,606.474490811816,607.148719392484,606.261017434998,606.432627300266,606.795537865022,606.063895252068,606.954884046223,606.523669426795,606.541011061985,605.937781581888,606.514231817797,606.166512335418,605.843213837128,605.768908658763,605.920002022758,605.652081856504,606.402873701416,605.845078692073,605.992325239582,605.956591611262,605.486136614811,605.541952684522,605.344836428296,606.267826143885,606.087792091537,609.912055806955,610.150515471585,608.719646210782,605.897138612578,606.362443858991,605.839474835899,605.846100783907,606.13621870894,605.960923017934,605.761560023529,605.817116195103,605.104559014551
cnf/Smarch/embtoolkit.dimacs,1188.07854916505,1190.12500929413,1190.44491273281,1189.07712613093,1201.92450324819,1202.09031676315,1201.94967235252,1202.17468650034,1202.22261041473,1203.5540514926,1201.70240484597,1203.83185510221,1201.61494766641,1200.84843701916,1201.48125491827,1203.11304583075,1202.88216005894,1203.60993469018,1200.59326286428,1200.74594793678,1201.28607536247,1202.28145572706,1202.74212450767,1202.3134206899,1202.34005220816,1185.24025748577,1185.866003284,1183.7173237158,1184.36637085327,1184.94711979548,1184.86550587881,1184.99658864061,1186.37696211785,1188.35184480483,1191.86885314039,1188.21050757682,1190.42170399521,1189.04423560225,1190.49829282449,1188.65332665294,1188.70328268362,1189.05008341046,1190.35108231823,1188.88350599492,1187.9504809631,1188.37096056459,1188.59665217111,1189.0011034843,1188.92104125186,1188.95251997141
cnf/Smarch/fiasco.dimacs,4.80658971867524,4.69661081233062,4.7670907205902,4.71972857997753,4.66678968537599,4.68583326041698,4.68803103105165,4.65305460430682,4.70367344934493,4.68788543017581,4.71637884387746,4.77500822232105,4.69301938731223,4.82383020990528,4.59717938816175,4.63825071812607,4.66646792599931,4.686793201603,4.75804653810337,4.75910146441311,4.76357690989971,4.78097765776329,4.61141009628773,4.70984447654337,4.6704430046957,4.69259958458133,4.6082610830199,4.79775064811111,4.69118317007087,4.74367424705997,4.68937627226114,4.83850718731992,4.73013106314465,4.58108714479022,4.66351945558563,4.61533798812889,4.72867206833325,4.6638219722081,4.77060640859418,4.72096321475692,4.58396424376406,4.62812467850745,4.58234966383316,4.64882506569847,4.60756312031299,4.60180064127781,4.5977955465205,4.70478815631941,4.62544920039363,4.61532384459861
cnf/Smarch/fiasco_17_10.dimacs,2.56209269352257,2.54185497690924,2.54975974420086,2.55692524113692,2.61828310461715,2.54432518524118,2.52392201405019,2.53072257549502,2.58508009137586,2.50948789413087,2.61679006926715,2.57575052999891,2.59338350757025,2.60084946430288,2.56093037570827,2.57447652216069,2.5802029541228,2.52994177560322,2.60076712700538,2.6196056669578,2.65473501710221,2.57006291905418,2.57347858697176,2.56092203035951,2.53206842392683,2.62728720786981,2.59760881797411,2.65452958736569,2.62175633828156,2.65229525137693,2.64294459507801,2.59719169256277,2.59271292435005,2.53896300098859,2.52828253037296,2.62587789678946,2.54025362269022,2.59315312211402,2.6344661784824,2.60155231552199,2.5529293755535,2.58032236085273,2.57868031971157,2.55412699235603,2.60433130641468,2.60581588046625,2.58365928451531,2.59395881532691,2.59398745442741,2.64963297825307
cnf/Smarch/freebsd-icse11.dimacs,1800,1800,1800,1800,1800,1800,1800,1800,1800,1800,1800,1800,1800,1800,1800,1800,1800,1800,1800,1800,1800,1800,1800,1800,1800,1800,1800,1800,1800,1800,1800,1800,1800,1800,1800,1800,1800,1800,1800,1800,1800,1800,1800,1800,1800,1800,1800,1800,1800,1800
cnf/Smarch/freetz.dimacs,1800,1800,1800,1800,1800,1800,1800,1800,1800,1800,1800,1800,1800,1800,1800,1800,1800,1800,1800,1800,1800,1800,1800,1800,1800,1800,1800,1800,1800,1800,1800,1800,1800,1800,1800,1800,1800,1800,1800,1800,1800,1800,1800,1800,1800,1800,1800,1800,1800,1800
cnf/Smarch/integrator_arm9.dimacs,407.19237600686,408.609249303117,407.737364924978,406.831176870968,406.944828004576,407.794083493762,409.406911288388,408.590564471669,404.675258870237,408.425942879636,409.216745626181,408.175911395811,408.708872265648,408.987673318014,408.78106899187,408.134965997655,407.715997335967,408.679255434778,408.430442440324,407.915399148595,408.302258768119,407.79862416489,409.325005275197,408.6955692349,408.165043204557,407.682376798242,407.779885151424,407.949008478317,407.457373913843,408.023849789053,406.349273012951,408.103634266183,406.77187187504,407.792514986359,407.860888856463,407.473770405632,407.093435569201,407.361403648276,406.55562241422,407.220507481601,408.018033920787,406.974553376902,407.53141438216,407.427170937415,407.026614525821,407.977760440204,407.249500310514,407.458101044409,407.481552632526,407.984966481105
cnf/Smarch/lrzip.dimacs,1.38178720604628,1.33493381273001,1.34307209635153,1.36532621923834,1.35145658114925,1.41603767359629,1.34182425774634,1.37467811536044,1.35588372033089,1.34842382045463,1.35438397200778,1.32953367382288,1.33363714674488,1.32781027257442,1.32253891509026,1.31087631033733,1.3439819267951,1.38250303082168,1.36770542850718,1.3320720186457,1.33968795230612,1.35387124726549,1.38055754452944,1.40930006885901,1.34566839598119,1.37324892962351,1.30992766423151,1.32308874232695,1.33164408989251,1.30345788272098,1.33609572425485,1.31634083064273,1.31164593854919,1.34655098849908,1.34468255750835,1.29848777223378,1.30395019100979,1.30691352719441,1.38093225238845,1.38256753655151,1.35921623697504,1.37422634009272,1.33803901169449,1.32038261322305,1.30828268779442,1.31085867807269,1.28094806428999,1.36111532058567,1.39089914038777,1.30939401080832
cnf/Smarch/m5272c3.dimacs,185.154611581005,185.156640080735,184.518548540305,184.762731371447,184.838848401327,184.82381466357,185.111402459908,185.25478630513,184.977561519947,185.425562556367,184.850285161752,185.152737122029,185.296097018756,185.293072944507,184.986663320102,185.926998249255,185.651566256769,184.785252010915,184.856659080833,184.901475359686,184.684163125698,184.833389819134,184.737141082529,185.429517870303,185.180991705973,184.814205846284,184.83291302016,184.741356287152,184.71693038987,185.379954535514,185.138966779225,184.429553871043,185.40045825718,184.937005038839,184.213341745082,183.814626810141,183.372749101371,183.792447286192,183.982110142708,185.282568516675,184.950598505791,185.389600938186,183.729196220171,184.124046628363,183.350280270912,183.388419867959,183.487398628611,183.87477748422,183.105570943095,183.38527624961
cnf/Smarch/olpce2294.dimacs,299.596315462142,299.608365061693,299.528739765286,299.377625801135,299.984909709543,299.863844736479,299.709508746397,299.894297454506,299.454685745761,299.559230178595,299.67184504075,300.022296864074,299.521760673728,299.717537931167,300.354774401523,301.083017210476,299.531464457512,300.135518342257,300.012311475351,300.967863379046,299.806255915202,299.261462443508,299.718431206886,300.732916660141,299.550334432162,297.087435986847,297.074634104501,297.060448171105,297.050808143802,297.125224126969,297.389560599346,296.970337792765,297.059536537155,297.004564320669,297.153857288416,297.173451161943,296.812600730453,296.648166169878,296.7472209353,296.59403640544,296.525646625552,297.261556145269,297.18077468453,297.779788631014,296.54476806568,296.804320918396,297.694970318116,297.065602249466,296.729436052497,296.58912184881
cnf/Smarch/pati.dimacs,184.229992205277,184.223139850888,185.894698743243,186.568368186243,186.64095140202,186.899923588615,186.839014205616,185.910764449276,185.986222491134,186.135393086821,186.800339823123,186.721584324725,185.402532600332,183.262895786669,183.466435577255,183.48964952305,183.140245095361,183.275296812411,183.745684636291,183.424673119094,183.566346345469,182.619854029734,182.952027068473,183.042924938258,183.274034675676,182.811222427525,183.107106518466,182.955461197998,182.93606945686,183.307796142995,182.915416247211,183.205812812783,182.972193808295,182.98872425314,182.620296292007,182.657269192394,182.653229009826,182.73697797535,183.433196361642,183.082186736632,183.033434296958,183.828780393116,183.097158451099,183.006137557793,183.186058333144,182.820421818178,183.34466793295,182.66359861847,183.026777180843,182.800542212091
cnf/Smarch/phycore229x.dimacs,344.158571790904,344.203787727747,343.77363804169,343.816588624846,344.669288638514,344.137591370381,344.029676021542,344.53754508635,342.359805403743,342.852352106012,343.937821497675,343.916168243624,343.754340955988,344.350973146502,343.493782779668,343.933363704476,344.54789726343,344.116678250954,344.356942805927,344.387373800389,344.349487068132,344.46006876044,344.643764087465,343.765336819924,344.017546999734,342.263336157892,342.571869768202,343.287266567349,342.434629721101,342.827474420425,342.883893011138,342.215322392993,342.922796474304,342.62657400826,342.076593651436,342.05700279586,342.870437970851,342.1594503331,345.189878332894,346.297488598619,347.088882483076,345.911479267292,345.905004511587,344.804491998628,340.938267539255,340.941118154675,340.72976578027,341.047710972838,341.620848999359,341.68693583319
cnf/Smarch/ref4955.dimacs,224.443032087292,224.926000557374,224.447242933325,224.425894387066,224.898039398715,224.379064225592,224.696802984923,224.629881198984,225.449332045857,225.88500002306,225.9503211556,225.246410544962,225.108140365686,224.720760914031,223.974104342517,222.672923593316,223.661984799895,223.564214479644,223.527949024923,224.558881238103,224.231334475335,224.470293530729,224.727925188374,224.754604639951,224.697009849828,222.946751256939,222.989615073428,222.857434998732,223.230653434992,222.884907312691,222.901507009286,222.330201561097,222.672023059335,222.77274227608,222.736995726824,222.233870406635,223.02944808593,222.892491193954,222.866376314778,222.740551115479,222.266335549299,222.865132011007,222.761328902561,222.56359670544,224.916943976656,224.376542497892,222.576697601471,222.606905736495,222.679470034316,222.544417430181
cnf/Smarch/se77x9.dimacs,419.619952291716,420.692777700722,418.536958506797,418.941476794425,419.145620091818,418.710836331826,418.754945503082,418.874803452753,419.22273542732,418.904312239029,418.888787395321,418.512887088582,418.257698809262,419.371900028083,418.891175035387,418.251462732442,419.005124256946,418.231372346636,418.855869787745,417.805812987499,418.227927525528,419.048334389925,433.478948018979,418.270282325801,419.798969119322,415.713130459655,415.386325647123,416.001851298846,415.40515948087,415.257097100839,415.646194426343,414.817751138005,414.664418330882,415.601449267473,414.832888233941,415.093352601398,415.093075014651,416.146339002997,416.286218648311,415.467339418828,415.089198115282,415.410691875033,415.447024168912,416.699341088533,415.875580001157,415.388317220844,416.066242232453,415.247480421793,415.04595260974,415.080817765091
cnf/Smarch/toybox.dimacs,2.46059710066766,2.5524062118493,2.45854389853775,2.41229600412771,2.42805258836597,2.38448533928022,2.46344088157639,2.41292625805363,2.39492923533544,2.4108712207526,2.47204448841512,2.46604162827134,2.44552015140653,2.44015901396051,2.46814194787294,2.46193480445072,2.42310588946566,2.48135242285207,2.45472010783851,2.4643400865607,2.59953471738845,2.34359603049234,2.56706174323335,2.45493085402995,2.33542361017317,2.33919980376959,2.29750825883821,2.30570585466921,2.33893942227587,2.3988951346837,2.40785320475698,2.37433967273682,2.27730744192377,2.36546037485823,2.38305586623028,2.374783848878,2.40860034851357,2.48957663215697,2.50409396225587,2.38037664210424,2.34778644936159,2.31316285347566,2.31175092654303,2.35654786881059,2.31786672165617,2.36969584040344,2.30190095119178,2.48479038849473,2.43090009875596,2.35477584879845
cnf/Smarch/toybox_0_7_5.dimacs,2.34480575798079,2.29979971284047,2.37590428208932,2.28937665559351,2.25072176288813,2.30205876426771,2.26248236605898,2.3038409166038,2.33649548748508,2.3242394560948,2.25837916880846,2.26197288557887,2.27915646880865,2.27038174727932,2.23418390611187,2.2760027050972,2.19461903721094,2.26238312665373,2.2726572859101,2.2546757850796,2.31398813752457,2.21717707905918,2.24630708433688,2.26475257519633,2.25472077587619,2.31493839761242,2.33607842680067,2.28479873947799,2.32897659577429,2.31744585745037,2.33387564728037,2.3574808742851,2.27188253309578,2.24881136557087,2.31536124600098,2.28319483902305,2.31353265512735,2.31749788718298,2.36419600201771,2.34475377527997,2.29244938399643,2.29935217835009,2.30009149061516,2.29047907004133,2.30534689873457,2.27891661366448,2.28737458819523,2.2133925864473,2.27363713365048,2.26053161360323
cnf/Smarch/uClibc-ng_1_0_29.dimacs,2.60642167832702,2.63061835430562,2.64218181371689,2.61668070824817,2.58664951426908,2.68506544781849,2.65157508850098,2.64976749755442,2.69017404969782,2.64487310685217,2.66193908778951,2.63813728932291,2.63043978670612,2.58237901888788,2.66028133407235,2.62581719271839,2.65581126371399,2.60118484357372,2.70294515835121,2.67296113632619,2.66269439505413,2.64572314778343,2.6247867946513,2.61501125758514,2.60804111463949,2.69322326174006,2.67575468402356,2.74076088098809,2.77135966625065,2.67455952474847,2.69852849747986,2.73710009967908,2.67545034456998,2.73146014101803,2.77936269016936,2.71116172755137,2.79231566376984,2.72108241915703,2.68343408359215,2.69877623999491,2.62628268590197,2.81575759593397,2.78481973987073,2.71159616392106,2.71642728056759,2.71562638040632,2.72562244115397,2.67179959686473,2.73639925988391,2.76236601313576
cnf/Smarch/uClinux-config.dimacs,28.7167041879147,27.6687339660712,28.0581264458597,28.346532380674,26.9406186044216,27.9254346685484,27.5309616979212,27.1643823436461,30.0515960119665,27.1577860643156,27.1316647878848,27.2589764003642,27.1270103710704,27.3726094826125,27.0374551350251,27.1139588081278,27.0509701315314,27.0287450090982,27.2112472322769,26.9939640024677,27.6951348511502,28.9047781121917,27.7661788919941,27.6996088530868,28.0860261274502,27.0762890521437,27.5276116328314,27.0181136899628,26.8485817573965,27.4426236231811,27.384664112702,27.0154344099574,27.753154695034,27.1849901750684,27.7979934210889,27.0527177052572,26.9629446747713,27.0434548924677,26.9877079930156,27.8720449390821,27.8995726285502,27.1129668592475,28.2885408829898,27.0878160162829,27.6103152795695,27.061723920051,27.2356775007211,27.7153771179728,26.9226046008989,27.7503019212745
cnf/Smarch/uClinux.dimacs,3.59615252213553,3.56269149715081,3.57465181453153,3.48879054980353,3.51826709369197,3.55202007573098,3.67122531682253,3.54357333946973,3.59857412055135,3.64139353763312,3.48956157499924,3.58977126237005,3.65220924094319,3.66859687538818,3.61882843542844,3.52223947644234,3.57379441289231,3.52037075860426,3.64824408013374,3.59325256431475,3.58819726202637,3.67649262212217,3.68076449632645,3.67356735607609,3.51459853397682,3.63559964951128,3.61697981134057,3.58435014216229,3.62198493489996,3.61459574522451,3.73807953577489,3.64045027596876,3.65639242343605,3.63425864931196,3.57253987202421,3.5273665189743,3.68549614166841,3.77017082553357,3.62155795935541,3.70065373601392,3.63298415485769,3.51360385213047,3.64012796152383,3.63154713669792,3.66245826194063,3.62928350595757,3.68087576236576,3.7509910906665,3.46096771676093,3.67564586084336
cnf/automotive01/automotive01.dimacs,26.1989206690341,26.2146674590185,25.869128103368,25.6748747872189,26.2538191252388,25.6343496516347,25.847414704971,25.7719726148061,25.6627047434449,25.7244215318933,25.742944738362,25.8173160851002,26.0525523782708,25.7231783708557,25.7863343139179,25.7587403920479,25.7032591085881,25.7761567616835,25.9335399107076,25.984310425818,25.9263920104131,25.8135679168627,25.9324664864689,25.9064219510183,25.735073024407,25.9778038249351,26.0580477118492,25.8082050639205,25.9875738392584,25.6902568968944,25.9385420368053,26.328562523704,25.9284206219017,25.7156417705119,25.8898213780485,25.8456528396346,25.8749932725914,25.8687675870024,25.9633946539834,25.8097293437459,25.8364775241353,25.8164421361871,26.0509183187969,26.0222751637921,25.9250733600929,25.8128587850369,25.6441038870253,25.8633551397361,25.7153522013687,25.6731634736061
cnf/automotive02/automotive2_4.dimacs,128.068795633037,129.585953072179,129.745392802637,129.647028722335,129.523648079485,129.787266116589,129.318877737504,129.517229470424,129.442751913331,129.729496849235,129.66260350775,129.926601788495,129.705855829176,129.752509864047,129.462101142388,129.44426970277,129.567017383408,129.481761211995,130.349676564336,129.786784844939,129.985902708955,130.085048868787,129.700021748897,130.008528650273,129.975040482357,128.102450406179,128.293965925463,128.108142833691,127.992680397816,128.066500513349,128.02279545553,127.767750101164,127.773654760327,127.807688602712,127.888694273308,127.904004413169,128.139165529981,127.645686506294,127.889745918568,127.768784221262,127.907008873764,128.110563858412,128.005870941095,128.017764289398,128.147534669377,128.47507308377,128.276822487824,128.065944381524,128.178656799253,128.117183324881
cnf/featureide_examples/berkeleydb.dimacs,2.24372121691704,2.18301057675853,2.18613286269829,2.1912591131404,2.17753371456638,2.18146949494258,2.24306058092043,2.22440854972228,2.17095454130322,2.17755110189319,2.18454703316092,2.15087225474417,2.17641801899299,2.21684556268156,2.20446806121618,2.29942833632231,2.25667737796903,2.25979581056163,2.29278115509078,2.23799432534724,2.2586229396984,2.26461719442159,2.23907976131886,2.30056285951287,2.27690959069878,2.29666469665244,2.2633749791421,2.25037362705916,2.25493194581941,2.23706889431924,2.23985930299386,2.23252402059734,2.26169153582305,2.26279159355909,2.25944800674915,2.30401677358896,2.27572533395141,2.33408679673448,2.36099602701142,2.37791278446093,2.26972185680643,2.27768803294748,2.24666769150645,2.26823113067076,2.23385690106079,2.31509976740926,2.23780861543491,2.30615411372855,2.34386365069076,2.24867406999692
cnf/financial_services/financialServices_2018-05-09.dimacs,5.08585922513157,4.91753498883918,5.04770336346701,5.08198214834556,5.04830698855221,5.04248984856531,5.05205841176212,5.05621455051005,5.06656213710085,5.1182960649021,4.88009225670248,5.08092805743218,5.11165696708486,5.10668616974726,5.09284977521747,5.12406374840066,4.99401247082278,5.02983106905595,5.05976658174768,5.05907458625734,5.09705738164485,5.10894804354757,5.04716614168137,4.94882305245847,5.11964819161221,5.14581915922463,5.17861133813858,5.05557987140492,5.1205101874657,5.17770145647228,5.10068165091798,5.14492011535913,4.9827900105156,5.11361122969538,5.0587313757278,5.08806050568819,5.13161018770188,5.11878025857732,5.10892286384478,4.97446010634303,5.09732086397707,5.03909287322313,5.07826313609257,5.08443756308407,5.11378020839766,4.96922757057473,4.98356468603015,4.95654076710343,5.14272306626663,4.90647703921422
cnf/confidential/automotive03/03.dimacs,4.08269983436912,4.02715075528249,4.107629428152,4.0219296743162,4.06670749466866,4.01764161000028,3.94402002729475,3.97025846969336,4.22872165543959,4.04414464393631,4.01509486325085,3.92222151393071,4.06180587830022,4.1369017153047,3.94755373615772,4.13499957323074,3.9910060944967,4.01424753107131,4.15432546380907,4.06122549669817,4.0002767117694,4.25682774279267,4.17837174981833,4.09874269459397,4.08614880545065,3.9999992470257,4.07958245649934,4.12389658438042,4.15447930898517,4.17654694197699,4.03442487400025,4.02026032702997,4.14233941584826,4.13713343860582,4.05391119839624,4.04794173268601,4.09973846795037,4.17872057529166,4.14372636983171,4.14533896511421,4.15985870780423,4.01040838425979,4.07237609894946,4.10505072865635,4.03268257249147,4.01891490770504,4.10492646321654,4.08082826342434,3.97899054875597,4.11788368597627
cnf/confidential/automotive03/automotive03a.dimacs,2.63689329568297,2.52696879580617,2.5351217421703,2.51854200987145,2.51726721832529,2.59432106791064,2.57896693330258,2.52207736345008,2.50968460040167,2.54540135664865,2.58304833667353,2.54705546470359,2.57419683877379,2.51580435177311,2.61946348752826,2.62877653446048,2.63794421171769,2.52096140524372,2.54085648152977,2.50764504028484,2.53443529410288,2.54250893043354,2.61213480355218,2.61734069697559,2.58277192665264,2.65657149255276,2.57982848305255,2.69011251023039,2.61824121978134,2.55726672988385,2.53406292432919,2.58148378226906,2.65030386205763,2.68266560370103,2.63559072511271,2.65902121178806,2.67446162458509,2.64155138609931,2.66582624288276,2.58821899304166,2.61816301988438,2.64023046568036,2.5986059284769,2.55153448553756,2.6945757525973,2.65391341084614,2.67872866196558,2.66431029094383,2.62140156514943,2.61979763954878
cnf/confidential/automotive03/automotive03b.dimacs,6.72485190397128,6.81329332944006,6.67367088748142,6.78292817249894,6.86342616006732,6.85813802247867,6.58696616487578,6.78199493978173,6.79559509269893,6.83060447638854,6.6703792847693,6.83372996514663,6.85075118020177,6.84592905919999,6.79609775543213,6.67050168383867,6.80901507521048,6.80770549830049,6.84015372954309,6.89317210717127,6.7452722331509,6.85328721534461,6.76699569448829,6.83757387474179,6.71417042054236,6.84246071893722,6.63806824525818,6.89704620651901,6.82759640971199,6.8716035191901,6.83621812844649,6.84084403887391,6.80637359246612,6.80922954995185,6.78254211554304,6.81707288417965,6.8486424474977,6.7494382779114,6.82394778449088,6.84019164647907,6.84690710296854,6.8747671903111,6.7910795705393,6.87663967860863,6.90950535656884,6.77322173165157,6.88399699842557,6.79896173998714,6.79656604584307,6.82581986952573
cnf/confidential/automotive04/04.dimacs,3.82479676464573,3.79376203287393,3.67616114486009,3.82597074098885,3.65636414475739,3.72080001793802,3.78386425971985,3.71725121047348,3.72650428581983,3.70849817479029,3.74789682170376,3.74897525366396,3.76780677912757,3.65056853508577,3.83256967645138,3.73493189597502,3.69705207133666,3.68659328389913,3.78161138435826,3.65321434941143,3.63752839388326,3.74236446432769,3.70986474491656,3.73189605306834,3.71948123816401,3.84868581453338,3.80228370102122,3.72094584349543,3.70330559974536,3.77647813409567,3.63582211127505,3.6194503037259,3.80945454537868,3.84769473597407,3.68594893999398,3.75259214593098,3.83878272585571,3.82463101251051,3.77697204891592,3.7807874889113,3.73570180265233,3.78753299033269,3.65862565627322,3.62529058987275,3.73416462587193,3.70534856943414,3.76528884842992,3.7743026977405,3.74072822090238,3.76796461828053
cnf/confidential/automotive05/05.dimacs,1800,1800,1800,1800,1800,1800,1800,1800,1800,1800,1800,1800,1800,1800,1800,1800,1800,1800,1800,1800,1800,1800,1800,1800,1800,1800,1800,1800,1800,1800,1800,1800,1800,1800,1800,1800,1800,1800,1800,1800,1800,1800,1800,1800,1800,1800,1800,1800,1800,1800
cnf/confidential/automotive06/automotive06a.dimacs,2.84518407378346,2.78435911750421,2.88602088671178,2.79499110113829,2.81051224004477,2.87561904545873,2.78939158283174,2.82564732292667,2.87023710645735,2.83779637562111,2.81836814805865,2.79329007863998,2.83963186619803,2.88632496166974,2.93220430286601,2.90616901265457,2.92578281508759,2.91085499944165,2.94796479260549,2.9006088427268,2.86858240980655,2.87607800960541,2.90731435129419,2.96128966379911,2.86851739324629,3.25391469663009,3.10129261575639,3.13965972699225,3.13591904658824,3.10004494991153,3.13743375660852,3.2137915645726,3.18820223258808,3.09893530141562,3.14872874738649,3.13111056154594,3.06028223969042,3.20839682547376,3.0795607115142,3.09772034455091,3.04583977442235,3.08183499891311,3.15275408187881,3.09147255355492,3.14267545659095,3.17175930785015,3.09998319018632,3.1457616854459,3.12646612245589,3.03556690830737
cnf/confidential/automotive06/automotive06b.dimacs,7.75352080911398,7.74300670763478,7.82601707847789,7.75998568627983,7.74640252441168,7.73837932012975,7.74335009371862,7.74714357219636,7.70054844766855,7.66980646038428,7.73785522067919,7.74392286641523,7.80655713239685,7.75472497101873,7.68804347654805,7.73230374138802,7.72399916127324,7.78133880719543,7.80798881687224,7.80035904981196,7.76493068272248,7.77472109626979,7.69100343296304,7.73732576984912,7.73705308279023,8.09653912298381,8.15632437448949,8.10500957258046,8.1088095237501,7.84283872134984,7.63370139570907,7.99099469091743,8.04593454999849,7.87790879048407,7.71639726590365,7.95795581117272,8.00373704126105,8.15483951428905,8.16477339155972,8.06861404376105,8.11333219287917,8.11450603138655,8.12818455370143,8.12702623894438,8.12665295694023,8.15041278908029,8.12958990875632,8.11288439948112,8.13482352811843,8.19359915936366
cnf/confidential/automotive07/automotive07a.dimacs,4.92316157463938,5.0182508402504,5.02871943218634,5.041835044045,5.04019888164476,5.04938747733831,5.03104130970314,5.09031308721751,5.06977245537564,5.06099554896355,5.10508787352592,5.1572307148017,5.0718468958512,4.9752673394978,5.06496284343302,5.08683378063142,5.03479256527498,5.01347477873787,5.0646287011914,5.07561031682417,5.12341870041564,5.0867734500207,5.10406023776159,5.12343135010451,5.03634567651898,5.44160114880651,5.39163040509447,5.42610580474138,5.436677175574,5.47236549574882,5.34410327766091,5.41702613467351,5.33595800120384,5.42889459850267,5.43926927866414,5.36109228618443,5.39413075754419,5.38137367833406,5.12162625836208,5.38342778664082,5.27894284483045,5.35497036715969,5.34443389624357,5.34661605441943,5.33768962742761,5.35771972779185,5.3735490697436,5.387055399362,5.36642066854984,5.34534858725965
cnf/confidential/automotive07/automotive07b.dimacs,85.1405822262168,85.4118456291035,85.1087762149982,85.1454638792202,84.9846720285714,85.6187978764065,85.2839957172982,83.5273645771667,83.568274805788,84.3935933061875,84.5200654678047,84.9899423816241,85.1286286506802,84.770233082585,83.6436173976399,83.3687120848335,83.4596365895122,83.4734624507837,84.8089411663823,84.9446340263821,85.1351834237576,85.0969460075721,84.8475391962566,84.4299798915163,84.2119391025044,84.5522742792964,84.8401232515462,84.6346059092321,84.1647324957885,84.074876814615,84.2306435285136,84.9808415975422,84.2631804021075,84.396831963677,85.0496571697295,84.4589970805682,84.6027998495847,84.42808149755,84.3219275088049,84.617341990117,84.2313346178271,84.3246955676004,84.3749196571298,84.2562198452652,84.3352265879512,84.1718587712385,84.2366257542744,84.601398053579,84.3632665448822,84.2400099369697
