Model,Sharpsat-avg,Sharpsat-med,Sharpsat-stdev
cnf/CDL/am31_sim.dimacs,40.7681450086855,40.6484736000421,0.287304959308914
cnf/CDL/ea2468.dimacs,135.284429456117,135.186483638478,0.985849856468015
cnf/CDL/p2106.dimacs,64.1000282276887,64.2221693163737,0.554444414382638
cnf/KConfig/axTLS.dimacs,2.40377071093069,2.35671708954032,0.152870128577199
cnf/KConfig/busybox-1.18.0.dimacs,3.05452912815614,3.05550851905719,0.057223412133481
cnf/KConfig/embtoolkit.dimacs,5.31073603710858,5.32219378912123,0.059949031875297
cnf/KConfig/linux-2.6.33.3.dimacs,1800,1800,0
cnf/KConfig/uClibc.dimacs,2.9625966076483,2.95406360120978,0.098345066279395
cnf/KConfig/uClinux-base.dimacs,3.98976151428884,4.01542369218078,0.13338980285021
cnf/KConfig/uClinux-distribution.dimacs,3.75874967905926,3.75807658740086,0.051559946733996
cnf/Smarch/2.6.28.6-icse11.dimacs,1800,1800,0
cnf/Smarch/2.6.32-2var.dimacs,1800,1800,0
cnf/Smarch/2.6.33.3-2var.dimacs,1800,1800,0
cnf/Smarch/7z.dimacs,1.9139338289923,1.91877745330567,0.02555943581606
cnf/Smarch/BerkeleyDBC.dimacs,1.44716345354682,1.44343187962658,0.028162418074006
cnf/Smarch/Dune.dimacs,1.44095196484122,1.43577134481166,0.03100911168148
cnf/Smarch/HiPAcc.dimacs,1.93523001373746,1.9312297271099,0.048732611778462
cnf/Smarch/JHipster.dimacs,1.92827235232573,1.93228870851454,0.060652619012718
cnf/Smarch/JavaGC.dimacs,1.93728720656131,1.92961220303551,0.084621251484865
cnf/Smarch/LLVM.dimacs,1.45407376184128,1.44407823338406,0.038094055008638
cnf/Smarch/Polly.dimacs,1.97420012006536,1.91350663779303,0.153262626311285
cnf/Smarch/VP9.dimacs,1.92052386643598,1.91439505532616,0.056216367096829
cnf/Smarch/X264.dimacs,1.45320059319492,1.44702847918962,0.041868377303482
cnf/Smarch/adderII.dimacs,175.554666996808,174.379751047178,3.38967146321012
cnf/Smarch/at91sam7sek.dimacs,151.348710522109,151.195881009102,0.675297834200886
cnf/Smarch/axTLS.dimacs,3.35271911456017,3.34127272019396,0.054158923205912
cnf/Smarch/axtls_2_1_4.dimacs,2.42832091239281,2.38995408470509,0.149907209986451
cnf/Smarch/buildroot.dimacs,1800,1800,0
cnf/Smarch/busybox-1.18.0.dimacs,12.4102989209513,12.4617694023182,0.238064292408102
cnf/Smarch/busybox_1_28_0.dimacs,26.2123731405986,26.2140986547457,0.150271517485578
cnf/Smarch/ecos-icse11.dimacs,475.725661406973,475.420042235055,1.34487532934464
cnf/Smarch/embtoolkit.dimacs,792.453585563768,792.394512871746,3.48073023135368
cnf/Smarch/fiasco.dimacs,4.51117987343809,4.48931480682223,0.08364951821355
cnf/Smarch/fiasco_17_10.dimacs,2.78016608031001,2.78150622866815,0.073838206967641
cnf/Smarch/freebsd-icse11.dimacs,1800,1800,0
cnf/Smarch/freetz.dimacs,1800,1800,0
cnf/Smarch/integrator_arm9.dimacs,279.691392931384,279.422126015648,1.96358550424776
cnf/Smarch/lrzip.dimacs,1.43794811257161,1.43020268413238,0.03151379403528
cnf/Smarch/m5272c3.dimacs,145.644861696572,145.938862737618,0.838864405928296
cnf/Smarch/olpce2294.dimacs,182.82856043397,182.664048606181,1.3371267633993
cnf/Smarch/pati.dimacs,124.589935868676,124.386541134445,0.566615441841109
cnf/Smarch/phycore229x.dimacs,217.242875299719,217.232304251869,0.404249013262086
cnf/Smarch/ref4955.dimacs,135.722365108989,135.707672653371,0.281445418091511
cnf/Smarch/se77x9.dimacs,210.120566579946,209.893857368035,1.20109398831568
cnf/Smarch/toybox.dimacs,2.60844088766724,2.61960760992952,0.072179866915614
cnf/Smarch/toybox_0_7_5.dimacs,2.42038136087824,2.4137709211791,0.038433039767627
cnf/Smarch/uClibc-ng_1_0_29.dimacs,2.84335077232216,2.83573851198889,0.049474524172794
cnf/Smarch/uClinux-config.dimacs,23.4300755773671,23.2597562622977,0.511181261306118
cnf/Smarch/uClinux.dimacs,3.32137584178243,3.33084002742544,0.080840004990165
cnf/automotive01/automotive01.dimacs,22.1352460228279,22.1469447296112,0.190679323836778
cnf/automotive02/automotive2_4.dimacs,113.924425283591,113.706617701915,1.08855219679863
cnf/featureide_examples/berkeleydb.dimacs,2.52573572720401,2.49285834049806,0.09310669070217
cnf/financial_services/financialServices_2018-05-09.dimacs,5.30763510152698,5.28294320148416,0.105402905343998
cnf/confidential/automotive03/03.dimacs,4.32713566773105,4.31796524662059,0.083720134420037
cnf/confidential/automotive03/automotive03a.dimacs,2.84605069537647,2.77496176515706,0.154490906176016
cnf/confidential/automotive03/automotive03b.dimacs,6.80767381895334,6.79844019096345,0.084270147410519
cnf/confidential/automotive04/04.dimacs,3.82468000198714,3.80877133738249,0.088040287132957
cnf/confidential/automotive05/05.dimacs,1800,1800,0
cnf/confidential/automotive06/automotive06a.dimacs,2.98186009867582,2.97684457281139,0.052317398022875
cnf/confidential/automotive06/automotive06b.dimacs,7.67065634907689,7.66854549152777,0.058651187281357
cnf/confidential/automotive07/automotive07a.dimacs,4.98388190857135,4.979514838662,0.091479208616078
cnf/confidential/automotive07/automotive07b.dimacs,72.5620009867661,72.3676337960642,1.7460861748047
