,,,,,,,,,,,,,,,,,,,,,,,,,,,,,,,,,,,,,,,,,,,,,,,,,,,,Ddknnifedsharp-avg,Ddknnifedsharp-med,Ddknnifedsharp-stdev
/CDL/am31_sim,21.4743601642549,21.4454749231227,21.3489712276496,21.3715829751454,21.3229801449925,21.3081162236631,21.3646015883423,21.3072059275582,21.4335388676263,21.4528902540915,22.0453479113057,22.1455500521697,22.0574581827969,22.1013130964712,21.9698581499979,22.0394956609234,22.1206691106782,22.0533178448677,22.0074400105514,22.0791844059713,22.0892075393349,22.1678373636678,22.0107511128299,22.3307622903958,22.1417212835513,22.0249831536785,22.0029029166326,22.0250970036723,21.9487877320498,21.9180505122058,22.0774306152016,22.2474764799699,22.4593534655869,22.1637202929706,22.1384930685162,22.0848963111639,22.1472039651126,22.1235449910164,22.1962694870308,22.1928958659992,22.0109940837137,22.146469285246,22.6154232420959,22.0368355796673,22.1131846192293,22.0698843081482,22.0210649068467,22.0970901874825,22.1097960951738,22.0355578609742,,21.9639408468269,22.0553880138323,0.316372575105335
/CDL/ea2468,72.3400164907798,72.6811312101781,72.8522195052356,72.619726988487,72.5734456363135,72.3700311691501,72.5511665446684,72.5051220874302,72.3784600882791,72.4128555422649,71.6796437907033,72.499028427992,71.6367432670668,72.2072313288227,71.94775188528,73.2669002478943,71.7917187833227,71.7003941596486,72.6423827931285,71.4971807538532,71.6058693812229,72.3627827679739,71.6705556954257,72.9949356289581,71.7992942119017,71.7583709168248,71.6583587285132,72.8262423984706,71.1102512143552,71.2569698011502,71.6617558975704,72.3460125471465,71.6825439450331,72.3094153725542,71.8960955110379,71.7710396405309,72.3969777897001,71.829043939244,72.0454076523893,71.9718043017201,71.9277834198438,71.8055949541741,72.1074282852933,72.0232873614877,71.9889837699011,71.7560994238593,72.0201350548305,71.7360272207298,71.8908237474971,71.8874074188061,,72.0850089739729,71.9803940358106,0.454456634180545
/CDL/p2106,35.0349858901463,35.1179453008808,35.1114002470858,34.9739504568279,35.8237318117171,35.0413688593544,35.1305947620421,35.3433127454482,34.8813585299067,34.974969144445,34.7616352285258,35.1401416505686,34.9068729076534,35.2358067375608,35.2272774274461,35.056338943541,35.0071471775882,34.8913782630116,35.0963651658967,35.1886952510103,34.8531354814768,35.2917700181715,35.007517689839,34.7877821605653,34.7945293514058,34.5550147369504,34.4598107575439,34.4195943940431,34.4525334672071,34.8706699819304,35.1244993605651,35.1800715588033,35.1255444856361,35.0653405766934,35.0090251602233,35.0258977417834,34.903715713881,35.1220169872977,34.9496921915561,34.6866334485821,35.1610957514494,35.267457717564,34.8719334248454,34.8839596160688,34.7202825862914,34.7607152205892,34.8456059331074,34.7911826199852,34.6551531278528,34.858335394878,,34.9689158631489,34.9910581610166,0.249983928180032
/KConfig/axTLS,0.044587167911232,0.03527229744941,0.035767001565546,0.037345924880356,0.034867122303694,0.036831824108958,0.030802650842816,0.032809276599437,0.033685774542391,0.039560010191054,0.031738827005029,0.029502646066249,0.034624116495252,0.035575287882239,0.032591792754829,0.031581105664373,0.032531329896301,0.031062912195921,0.029304390773177,0.030204861424864,0.027533749584108,0.031698789913207,0.028982194606215,0.032653123140336,0.032825404312462,0.032726699486375,0.033969950396568,0.034286535810679,0.029090267140418,0.024934414774179,0.035017458721995,0.030931698158384,0.033593003638089,0.035550957079977,0.028598891105503,0.032733041327447,0.033288325183094,0.035425784531981,0.03548902925104,0.033756393007934,0.033899845555425,0.029646046925336,0.034952701535076,0.034434579778463,0.031085337977857,0.034377090632915,0.033191081136465,0.029539353679866,0.029061201959849,0.026210464537144,,0.03279459470883,0.03281734045595,0.003369999781517
/KConfig/busybox-1.18.0,0.10392857156694,0.09600125765428,0.095001694746316,0.105820830445737,0.102651795838029,0.107530537527054,0.099143418949098,0.107162692118436,0.108320344705135,0.10111401276663,0.106422711629421,0.108656908385456,0.103781643789262,0.111379530280828,0.10373933520168,0.112426053732634,0.10422865813598,0.107153934426605,0.100886453874409,0.10465801646933,0.102447248529643,0.102865939028561,0.105666370131075,0.110197724308818,0.107221572194248,0.102164841257036,0.109480700455606,0.101279001682996,0.098457306623459,0.104514772072434,0.097373193129897,0.105746128130705,0.102659984026105,0.104964709840715,0.100168402306736,0.096925951074809,0.098599857650697,0.09348685760051,0.103012073319405,0.099774761125446,0.10251994850114,0.10590713005513,0.102811648044736,0.104449639562518,0.099635164253414,0.101079863030463,0.099582795985043,0.099132831208408,0.104258723556995,0.097392929252237,,0.103075729403645,0.102939006173983,0.004227240535765
/KConfig/embtoolkit,0.253282190766186,0.238779434002936,0.228027863893658,0.256533823907375,0.232371808029711,0.254292493220419,0.23819248797372,0.23881805408746,0.233400161378086,0.22684007557109,0.241794222034514,0.265932873357087,0.23704580264166,0.231932919006794,0.230250211898237,0.233946910593659,0.240225305315107,0.259203361812979,0.238278567790985,0.24075274169445,0.229097917210311,0.260619455948473,0.230035777203739,0.25950237410143,0.233880013227462,0.226707358844578,0.228375236969441,0.232569171581417,0.229212482925504,0.230463671963662,0.244769613258541,0.236167659983038,0.242404090706259,0.232526192907244,0.229739534202963,0.24939839541912,0.229085640981793,0.226088027004152,0.230951569508762,0.228874435648322,0.229903685860336,0.227950771804899,0.239839327987283,0.231475879438221,0.237722105812282,0.227967645972967,0.260672892909497,0.241373823024333,0.254747450351715,0.240946767386049,,0.238459405582398,0.235057285288349,0.010858327180806
KConfig/linux-2.6.33.3.dimacs	,1800,1800,1800,1800,1800,1800,1800,1800,1800,1800,1800,1800,1800,1800,1800,1800,1800,1800,1800,1800,1800,1800,1800,1800,1800,1800,1800,1800,1800,1800,1800,1800,1800,1800,1800,1800,1800,1800,1800,1800,1800,1800,1800,1800,1800,1800,1800,1800,1800,1800,,1800,1800,0
/KConfig/uClibc,0.115080315154046,0.125434702727944,0.131754310801625,0.140917273238302,0.109933718573303,0.106003244407475,0.090579413808882,0.111076269298792,0.108632860705257,0.095344880595803,0.09152051480487,0.090151600074023,0.091175983659923,0.090759010054172,0.087041432503611,0.088695458136499,0.085130596533418,0.088797162752599,0.087888493668288,0.090458784718067,0.093317601829768,0.093167933635414,0.094908097758889,0.091539896093309,0.09002124518156,0.092624099459499,0.086839884053916,0.089905435685068,0.081947172060609,0.085362035781145,0.094194033183158,0.086982113774866,0.08901554485783,0.09203516645357,0.086442851927132,0.090394991915674,0.082309525460005,0.0853730593808,0.088831677567214,0.086550599895418,0.137953794095665,0.126932351849973,0.138682447839529,0.135384267661721,0.138173184823245,0.099857788067311,0.108754831366241,0.136230328585953,0.10832835175097,0.098760349210352,,0.100743933748454,0.09178753127344,0.017882439077937
/KConfig/uClinux-base,0.10726791806519,0.105521156452597,0.123380808625371,0.109036564826966,0.110255983192473,0.12739262310788,0.110267804935574,0.117999964859336,0.102684102021158,0.132788095623255,0.086774568073451,0.091678351629526,0.094879217911511,0.089644965715707,0.08880087826401,0.090967839583755,0.093414982780815,0.090015411376953,0.088824763894081,0.088648349046708,0.09471855033189,0.088513837195933,0.087544240988791,0.092460134997964,0.091580309905112,0.0954972920008,0.088042919989675,0.087301339022815,0.08427042933181,0.081941722892225,0.082598789129407,0.089568993076682,0.094764865934849,0.090453295502812,0.092329188715667,0.092168606352061,0.090707073453814,0.09664268605411,0.089864495676011,0.087852613534779,0.108493288978935,0.109616997186094,0.113168541807682,0.113032824359834,0.152557488996535,0.109393156133592,0.10947019373998,0.133516562171281,0.10171325551346,0.107576151378452,,0.100152083886787,0.094066766556352,0.015003318882618
/KConfig/uClinux-distribution,0.165583799127489,0.15104608098045,0.161022523418069,0.163836258929223,0.150212121196091,0.155960337724537,0.163295904640109,0.158710893709213,0.161957571748644,0.149666926357895,0.134131459984929,0.138152475468814,0.138450988568366,0.136761229019612,0.13835777156055,0.13645488396287,0.139329473953694,0.133875678759068,0.140239785891026,0.133620731066912,0.142975044436753,0.140663837082684,0.136502122972161,0.140376902651042,0.137547008227557,0.137018120847642,0.137034145183861,0.137483187951147,0.139370303135365,0.136444722302258,0.136637099087239,0.141472994815558,0.140980061609298,0.137501149903983,0.137469165492803,0.135642789769918,0.140077216085047,0.139798278920353,0.134687464684248,0.141290502157062,0.158321093767881,0.156064473092556,0.160965074319393,0.160578020382673,0.144983218051494,0.159399556461722,0.147599201649428,0.155194379854948,0.155308877117932,0.148416956886649,,0.145369397299364,0.140520369866863,0.010009922016389
Smarch/2.6.28.6-icse11.dimacs	,1800,1800,1800,1800,1800,1800,1800,1800,1800,1800,1800,1800,1800,1800,1800,1800,1800,1800,1800,1800,1800,1800,1800,1800,1800,1800,1800,1800,1800,1800,1800,1800,1800,1800,1800,1800,1800,1800,1800,1800,1800,1800,1800,1800,1800,1800,1800,1800,1800,1800,,1800,1800,0
Smarch/2.6.32-2var.dimacs	,1800,1800,1800,1800,1800,1800,1800,1800,1800,1800,1800,1800,1800,1800,1800,1800,1800,1800,1800,1800,1800,1800,1800,1800,1800,1800,1800,1800,1800,1800,1800,1800,1800,1800,1800,1800,1800,1800,1800,1800,1800,1800,1800,1800,1800,1800,1800,1800,1800,1800,,1800,1800,0
Smarch/2.6.33.3-2var.dimacs	,1800,1800,1800,1800,1800,1800,1800,1800,1800,1800,1800,1800,1800,1800,1800,1800,1800,1800,1800,1800,1800,1800,1800,1800,1800,1800,1800,1800,1800,1800,1800,1800,1800,1800,1800,1800,1800,1800,1800,1800,1800,1800,1800,1800,1800,1800,1800,1800,1800,1800,,1800,1800,0
/Smarch/7z,0.03559706080705,0.030808192677796,0.029839703813195,0.031181946396828,0.031671752221883,0.031253507360816,0.025380299426616,0.030726651661098,0.032080449629575,0.029706420376897,0.032230950426311,0.032064815051854,0.033200317528099,0.028981240466238,0.031907983124256,0.033073634374887,0.032123573124409,0.030212228186429,0.029676507692784,0.031873929779977,12.4959185859189,0.048775364644826,0.073657900094986,0.063352885190398,0.117100158706307,0.091746945865452,0.068466308526695,0.036423463840038,0.070218835026026,0.061597175430506,0.081174165010453,0.105809157714248,0.033899283502251,0.058661231771112,0.03130834037438,0.046009457204491,0.088961049448699,0.033636822365225,0.034517300315202,0.034096276853233,0.037715268321335,0.035736946854741,0.032755443360657,0.036776013206691,0.03953772969544,0.048236031550914,0.041662252508104,0.033558846917004,0.036273028235883,0.028981646988541,,0.293403101591394,0.033997780177742,1.76104575319933
/Smarch/BerkeleyDBC,0.027385633904487,0.027958557475359,0.026484816335142,0.025249718688429,0.026296921074391,0.025538078509271,0.022137980908156,0.0255860905163,0.024541093967855,0.02304129768163,0.02632406167686,0.022997877094894,0.023974393960089,0.02364056557417,0.021968995686621,0.020498301833868,0.023231603205204,0.021839909721166,0.025512824300676,0.02248729299754,0.033183175604791,0.034378151409328,0.062874590046704,0.035908915568144,0.029000096954406,0.032815469894558,0.030619860161096,0.036240572109819,0.034219987224788,0.034385818988085,0.0360277723521,0.035084950271994,0.030315616633743,0.030523128341884,0.029254653956741,0.03667810279876,0.030278718098998,0.033856573980302,0.052239254582673,0.032707646954805,0.026041013654322,0.02950763469562,0.030294872820377,0.030616372358055,0.030116344802081,0.027493514120579,0.036169378552586,0.030662317294627,0.056826173793525,0.040587516967208,,0.030712084202096,0.029811989748851,0.008384278893117
/Smarch/Dune,0.024033606052399,0.021711372770369,0.023189704399556,0.023492063861341,0.028622593265027,0.026073524262757,0.023026614449918,0.023252377286554,0.022813139483333,0.024803694337606,0.026517717633397,0.030928936321289,0.027789324056358,0.02166722016409,0.02661678660661,0.023896847385914,0.025322303641588,0.027256364002824,0.022442983929068,0.022145487368107,0.038208826910705,0.032592667266727,0.066013193223626,0.066005719825626,0.070080860052258,0.035891945008189,0.059755071997643,0.059393940027803,0.033919933717698,0.037392490077764,0.028046293184162,0.032703291624784,0.031697700265795,0.03171240305528,0.033925322350114,0.03632003068924,0.051970816683024,0.032704798970372,0.034602349624038,0.030382115393877,0.035896511282772,0.034002072643488,0.059171805623919,0.054217596072704,0.05521714873612,0.039829625748098,0.058631897903979,0.031943985261023,0.030020371079445,0.031881890725345,,0.035394706726074,0.031797146890312,0.013531390732876
/Smarch/HiPAcc,0.027846652083099,0.030776589177549,0.028196613769979,0.030519627034664,0.028316590469331,0.027552014216781,0.026812922209501,0.027724103070796,0.02780253533274,0.029149801004678,0.029096230398864,0.027048122137786,0.03253508079797,0.035458207130432,0.027677665930242,0.03333305567503,0.032271168660373,0.027934277430177,0.02929513156414,0.028784028254449,0.035915684420615,0.053803695831448,0.046790026128292,0.050540334545077,0.063184506259859,0.035403169225902,0.044665156863631,0.043595657683909,0.045171855483204,0.04165521170944,0.034775388427079,0.066994601860643,0.039176166057587,0.035200019832701,0.038299271836877,0.040663256309926,0.038170590996742,0.043733180034905,0.036069815978408,0.034350225701929,0.036967028863729,0.034142912831157,0.033492394722998,0.0382234682329,0.0396364252083,0.060344075318426,0.066584601532668,0.055917168967426,0.065522378310561,0.039256948977709,,0.038527512690053,0.035430688178167,0.011240542269234
/Smarch/JHipster,0.033915158826858,0.029588660690934,0.032805749215186,0.030698957387358,0.026377362664789,0.028834894765169,0.028392257168889,0.029300313908607,0.029413739684969,0.030475297477097,0.028046749997884,0.028615843970329,0.029126048088074,0.030985965393483,0.026993196923286,0.029078682884574,0.027437122073025,0.026534497737884,0.026193632744253,0.0261458940804,0.041401655413211,0.042468297295273,0.045128907542676,0.044509280472994,0.04490227624774,0.03968279575929,0.038452580105514,0.040583741851152,0.041372541338206,0.046406445559114,0.035144970752299,0.065107911359519,0.034074454102665,0.046904056333005,0.034184839110822,0.036415970884263,0.035045637283474,0.059829074889422,0.060164481401443,0.034191105049103,0.035891282372177,0.055170895997435,0.036322182044387,0.04003967018798,0.032430958934128,0.038734832778573,0.044896352104843,0.036675504408777,0.037549457978457,0.037713965866715,,0.036807123022154,0.035095304017886,0.009202980629848
/Smarch/JavaGC,0.030439757741988,0.024146935436875,0.030549889896065,0.026581283193082,0.030140230432152,0.026635102462023,0.026643830351532,0.026149830315262,0.031932471785694,0.029219928197563,0.022939561866224,0.024948655627668,0.024747084826231,0.025674270000309,0.030502163805067,0.030640401411802,0.028609323780984,0.029098378960043,0.030761354137212,0.030328599270434,0.038356564939023,0.072142434306442,0.038899587001651,0.048692725133151,0.039861247409135,0.040605437010527,0.072608763352037,0.038184131029993,0.041610293090344,0.03645542729646,0.034349290188402,0.028898525517434,0.056696847546846,0.065517897251994,0.036726485472173,0.031696073245257,0.05662659322843,0.034703658428043,0.041637075599284,0.040114085189998,0.042222729884089,0.036640755832196,0.03202171297744,0.031947531271726,0.035083227325231,0.055000808089972,0.053441993426531,0.06267419597134,0.059004431124777,0.039634956046939,,0.038054890753701,0.034526474308222,0.012719757313262
/Smarch/LLVM,0.020399271976203,0.019917356316,0.021458110772073,0.026577312964946,0.024669285863638,0.023737199604511,0.023065090179444,0.025961795821786,0.022339914925397,0.022500752937049,0.024570082779974,0.023799245711416,0.020469263195991,0.024433224461973,0.021947207394987,0.021685654763132,0.02128021325916,0.021541472990066,0.022390793543309,0.022355418652296,0.036541538778692,0.039781750179828,0.042983589693904,0.039914045482874,0.062543481588364,0.037814979907125,0.065896573010832,0.035404459107668,0.072850841097534,0.066923188976944,0.029081862885505,0.034166486468167,0.031499121803791,0.038368091918528,0.059860783163458,0.030950692947954,0.032129893079401,0.05015141190961,0.03051654342562,0.048330176156014,0.030827928334475,0.0268290261738,0.027182952035219,0.03431678423658,0.032206999603659,0.02829819964245,0.034141969867051,0.031696333084256,0.02971690101549,0.03956249402836,,0.03311175535433,0.030116722220555,0.013215871039149
/Smarch/Polly,0.0283980127424,0.02993543073535,0.027117876335978,0.024989189114422,0.025710287503898,0.028479791246354,0.02528879372403,0.024224998895079,0.026135186199099,0.026811573654414,0.029336605686694,0.024903515819461,0.024497618433088,0.029459586832673,0.029851584229618,0.02936180261895,0.028269662987441,0.023984518833458,0.024276939220726,0.024012189358473,0.037207604385912,0.038899496663362,0.040723769925535,0.06268906313926,0.041015337221324,0.037754315882921,0.065397155936808,0.067496911622584,0.060860869009047,0.041633868124336,0.035214316099883,0.037944504059852,0.059082215186208,0.032166931778193,0.034207042772323,0.059973100665957,0.03438384551555,0.039783152285964,0.038333198055625,0.032155482564121,0.035562123171985,0.039471643976868,0.033925239928067,0.032804699148983,0.035470944363624,0.034790486562997,0.031520052347333,0.04082489060238,0.03997069876641,0.038610216695816,,0.035898366812617,0.034066141350195,0.011376343745515
/Smarch/VP9,0.024270234629512,0.030923225916922,0.030699672177434,0.029294265899808,0.029396317433566,0.029156343545765,0.027579644229264,0.029706508852542,0.030228110961616,0.029087440110743,0.024765045382083,0.025133825838566,0.024415509775282,0.025064902380109,0.025243536103517,0.024992564227432,0.0321444561705,0.027312965132297,0.028857840690762,0.028829846065492,0.039184916298837,0.039427912794053,0.037228699773551,0.038892001844943,0.035886989906431,0.040550339967012,0.040150612592697,0.027854576706886,0.027438709512353,0.025335647631436,0.037342770956457,0.036184288095683,0.036981805227697,0.035540170036256,0.034374911803752,0.070123431272805,0.114688555244356,0.062196778133512,0.036438015755266,0.036008768714965,0.033994177356362,0.058486928232015,0.031551630236209,0.032976686023176,0.040472300723195,0.03552135406062,0.034627656918019,0.032252333592624,0.043235087301583,0.03354262886569,,0.035711858822033,0.0326145098079,0.014601279842198
/Smarch/X264,0.024286423344165,0.022754715289921,0.022863066755236,0.023612851742655,0.024701170157641,0.023383208084852,0.028184525668622,0.022324587218464,0.028220122214407,0.024120322428644,0.025061113294214,0.021829979028553,0.02382438722998,0.021437392104417,0.029140155762434,0.025287130847574,0.022720679175108,0.023363446816802,0.026082692667842,0.024300497025252,0.021348710171878,0.027453202754259,0.022845013067127,0.021981051657349,0.020357972942293,0.026832978241146,0.024454787839204,0.023207687772811,0.025186868850142,0.023760864511132,0.060173240490258,0.028628935106099,0.032842874061317,0.033562008291484,0.035425448324532,0.039725016802549,0.040035530924798,0.057010242249817,0.060446329880506,0.059554482810199,0.035648774821311,0.02894618595019,0.029515780042857,0.032281237654388,0.03489173296839,0.034819423221052,0.033261397853494,0.036211294587702,0.038788514677435,0.062577917706221,,0.030785479461774,0.026457835454494,0.011146729824208
Smarch/adderII,204.194018618669,221.574251686223,213.693451630417,206.063629850745,210.13937441865,212.123498655856,216.292673576158,213.914608582854,211.928408350796,208.322671988979,204.871269822586,204.706228143536,204.969156497624,225.470988464076,218.797508617397,222.672973035369,209.498932471033,201.994931375142,201.53068151651,203.93131525768,218.447600547225,209.68508474296,209.674019732047,202.132741245441,200.325042930897,206.587848674972,211.404248906299,208.622865267564,211.325907805003,220.959984942339,203.183797792066,204.675265183672,212.313988378737,216.33178985212,216.061420013197,206.566564096604,204.870879611,204.653045333456,206.999563464895,214.616610202473,210.925175139215,204.924659095239,202.937064765021,214.47762073949,215.062814584933,205.24077996565,200.185764370486,199.404060133733,203.447173792869,205.752913524862,,209.369737347895,208.472768628271,6.39781661942408
Smarch/at91sam7sek,218.513283797074,216.893208434805,215.170681950636,215.557619350497,206.889312523417,220.291576474439,220.469147842843,220.034107822459,217.266915768851,215.480596332811,216.303966072854,221.742800257634,220.811100658029,213.362130885012,216.900337429717,222.399354347028,217.202823050786,216.406719840597,222.682534167543,215.703446224332,218.566464937292,222.860219559167,219.442970981821,218.433933268301,213.23658989789,213.799436375499,214.623680206947,215.452223658562,215.149140854366,215.057343531866,219.25904330099,216.717301427387,225.0186523702,220.434335272294,217.174677423667,215.466170062311,215.777128066402,215.948285340797,214.423424570821,209.070980593096,224.180948996916,214.610718502663,213.516704536043,221.9451385336,221.747850015759,214.324757580645,213.717266216874,214.917108119931,214.195958748925,215.008164721075,,217.083165618069,216.355342956725,3.63956150958665
/Smarch/axTLS,0.150038099847734,0.084831289947034,0.127712497953326,0.142028039321304,0.089927842840553,0.112334328237921,0.118319666944444,0.086200522724539,0.092412060592324,0.094621498137713,1.38253475259989,0.138134889304638,0.12515239045024,0.12426003953442,0.147839095443487,0.097807415295392,0.087479308247566,0.093658768106253,0.143651599995792,0.091931059025229,0.078617751132697,0.078835058491677,0.077273096889258,0.079558253753931,0.07935578469187,0.073968331329525,0.070708378683776,0.073165366891772,0.081265073735267,0.077989449724555,0.079486070200801,0.078115661628544,0.077566029038281,0.078517283778638,0.082440881524236,0.074427166022361,0.072346462402493,0.079852710943669,0.077605524566025,0.074601519852877,0.079580624122173,0.078041697386652,0.07516981754452,0.080978995189071,0.078944408334792,0.083724116906524,0.078440906945616,0.078977356199176,0.079767092131078,0.079799356870354,,0.11739990782924,0.079826033907011,0.183938719319921
/Smarch/axtls_2_1_4,0.067200021352619,0.066200049594045,0.064870026428253,0.07288142060861,0.049513211008161,0.064926394727082,0.051271833013743,0.067593453917652,0.045442008879036,0.046538026072085,0.050070514902472,0.082468161359429,0.050404061097652,0.076942030806095,0.073043882846833,0.07268400117755,0.04484029719606,0.05131328990683,0.047049805521965,0.079371366649866,0.036337601020932,0.033065461087972,0.04058847296983,0.034471988212318,0.035818353295326,0.043424740899355,0.037762527819723,0.038948072120547,0.038022634573281,0.039633980952203,0.038305489812047,0.039767288137228,0.035350823774934,0.03448665002361,0.036473556421698,0.034389739856124,0.036452951841056,0.037391809746623,0.033192438073457,0.035375824198127,0.032113238237799,0.037132817320526,0.040350744966418,0.040818599052727,0.034308929927647,0.037685330957174,0.038960218429566,0.038667381741106,0.033859341870993,0.033899135421962,,0.046633599996567,0.039700634544715,0.014563137558256
Smarch/buildroot.dimacs	,1800,1800,1800,1800,1800,1800,1800,1800,1800,1800,1800,1800,1800,1800,1800,1800,1800,1800,1800,1800,1800,1800,1800,1800,1800,1800,1800,1800,1800,1800,1800,1800,1800,1800,1800,1800,1800,1800,1800,1800,1800,1800,1800,1800,1800,1800,1800,1800,1800,1800,,1800,1800,0
/Smarch/busybox-1.18.0,0.781189900357276,0.775311456061899,0.775592976249755,0.787848045118154,0.775814385153354,0.772118542343378,0.769025928340852,0.775296688079834,0.751768765505403,0.759097099304199,0.767407057341189,0.752389496657998,0.769730601459742,0.741426944267005,0.74709793087095,0.748508683871477,0.76231387257576,0.799033554270864,0.753237144090236,0.74961415026337,0.772321309894323,0.749956956598907,0.745080589782447,0.747845991980284,0.750780552625656,0.792189714033157,0.80254084104672,0.794322886969894,0.795273310039192,0.803268285468221,0.774028416257352,0.764916466083378,0.766818402800709,0.769046385772526,0.767799147870392,0.772186100948602,0.770431817974896,0.774392640218138,0.795033323112875,0.795342706609518,0.790502685587854,0.774209409952163,0.749092082958669,0.760925075039268,0.763178925029934,0.769048869609833,0.776006972417235,0.776940507814288,0.786835602484644,0.756984652020038,,0.770422477023676,0.770081209717319,0.016537603635222
/Smarch/busybox_1_28_0,19.3323480938561,19.3673033756204,19.4938936573453,19.4429587968625,19.1058707796037,19.2123072431423,19.1038415944204,19.0830178037286,19.1231501186267,19.0727841295302,18.9868828039616,19.2125340146013,19.0681296670809,19.0994618735276,19.0639281622134,19.0315263476223,18.9909967212006,19.1728771338239,19.2310999268666,19.1464918535203,19.0913232271559,19.1333990897983,19.3832714888267,18.9896992938593,18.8861967390403,18.9357542144135,19.0857674176805,19.09840292437,19.0973583366722,19.2045524111018,19.337910362985,19.4593237936497,19.4487260063179,19.5185754741542,19.0679646073841,19.0862516565248,19.0723262419924,19.143351376988,19.096088710241,19.0563195347786,19.0333298356272,19.3703932748176,19.5071504865773,19.1336225438863,19.1100652478635,19.0706469458528,19.0214666272514,19.1212071012706,19.2966418387368,18.8880658601411,,19.1617311353423,19.104856187012,0.162397601875016
Smarch/ecos-icse11,437.615573978052,445.515944903251,439.170287676155,438.003032806795,442.824914232362,440.004791130312,437.52886983566,438.810330112465,435.954703711439,449.26866887929,434.933376358356,441.541698905639,441.253073140979,437.921565750614,440.083484391216,440.265791499056,435.792147584259,450.451913333032,433.096868844703,439.742950629443,438.855789344758,438.257786917966,437.687852024566,441.619201361202,437.503333148547,435.673904013354,437.618615425192,436.978245930747,438.962894629221,440.862668137066,442.887667026837,439.31301254034,438.109149068128,439.979743734468,435.862543294672,445.130803096574,445.151626972016,439.74620409077,436.159311330412,434.030350072309,437.824098609388,435.318899090402,438.112402064261,435.18227693718,437.704841985367,435.262856051792,438.214587004855,445.690086440649,439.019763180521,437.373700947035,,439.197484043473,438.23618696141,3.63177428732717
/Smarch/embtoolkit,93.7322003119626,92.008100148756,92.6627186886035,91.3315802812577,91.6676846370101,91.1150809987448,88.4560290989466,88.6326532894746,90.1850679521449,91.9427269436419,91.2998199467548,94.3784020314924,88.9537566853687,91.3122675819322,92.7334836921654,93.7269325344824,95.8294297521934,97.6229649446905,95.2858063965105,92.9844063380734,94.3417521747761,91.6113915960304,91.6622825367376,90.3716127751395,97.0093414941803,96.0506940279156,90.2808322338388,91.4047583541833,88.6300845341757,90.4121136027388,94.7178031033837,91.8425591043197,94.4787530638277,95.9164668023587,98.0837330692448,94.2578388052062,91.8433606452309,92.6008368288166,91.419175599236,86.2458455446176,93.4021655786782,93.7668234421872,91.7142336610705,93.2831794903614,95.8963026255369,97.2783783269115,94.9900846006349,92.482205634471,92.091205702629,92.9378782710992,,92.7376961096749,92.5415212316438,2.53175847962484
/Smarch/fiasco,0.191029869019986,0.194418516475708,0.180305150803179,0.185355563648045,0.181036010850221,0.18690586835146,0.178454329725355,0.183193755801767,0.177195060066878,0.171619192697108,0.184883766807616,0.170625713653862,0.184543989598751,0.175845862831921,0.179483477026224,0.18025166541338,0.181895004119724,0.178840535227209,0.177607350517065,0.167689867783338,0.187400484923273,0.184077383484692,0.168571723625064,0.177004212047904,0.15895556518808,0.158393317833543,0.166855076793581,0.159270765259862,0.179671627469361,0.163383264094591,0.176752660889179,0.184205205179751,0.185196259990334,0.177265272475779,0.181226946879179,0.166744112037122,0.177918647881598,0.188107604626566,0.177549973130227,0.180723023600876,0.193399311974645,0.196348619647324,0.173495819792151,0.174458106514067,0.17171478830278,0.191552411299199,0.182842067908496,0.189899238757789,0.180260370485484,0.170749459415675,,0.178703477438539,0.179577552247792,0.00898465626112
/Smarch/fiasco_17_10,0.061053046025336,0.067508492153138,0.063860032707453,0.06377810286358,0.06710941111669,0.068529306445271,0.068154952023178,0.069833742454648,0.072732567321509,0.068088210187852,0.069897990208119,0.066371397580952,0.071506546344608,0.068233257625252,0.069959077052773,0.062615726143122,0.070889933034778,0.066436603665352,0.067628941964359,0.065385677851737,0.061467478051782,0.067656723316759,0.068294493947178,0.08919688174501,0.065282587893308,0.069616029970348,0.059466901235283,0.059724471531809,0.06090581137687,0.061497871298343,0.067493048030883,0.06879381975159,0.0672672749497,0.064934020861983,0.066393701825292,0.071428338065744,0.063415045849979,0.06755335489288,0.065407531801611,0.070985867641866,0.063245770521462,0.069413378369063,0.067135050427168,0.064755995292217,0.065779465716333,0.073420936241746,0.067629270255565,0.069993892684579,0.068536300677806,0.06685411091894,,0.067262368798256,0.067500770092011,0.00457662905818
Smarch/freebsd-icse11,746.450513943564,748.769977916964,751.015226488467,736.735507990234,743.438564515673,730.686265137978,733.507919127121,722.302631571889,729.535678488203,722.98850631807,743.802060148679,742.998985937797,740.609978141263,733.973620924167,731.771964489948,733.890178892296,720.05971337622,723.934358044993,727.028115653433,732.993648260831,736.315449199639,740.953269166407,751.054300819989,752.865733892191,742.933844233398,720.965486053844,724.340818596072,726.490516681224,719.136482839472,735.316827216186,747.744169493206,740.43084746832,736.231226900127,730.203837036621,727.712871252093,722.233521186747,724.672032689211,723.963426092174,728.447148839012,726.177791087888,743.449788766448,741.620152210351,736.150643968955,744.905570305884,727.603983101436,732.308438562323,723.96317261178,724.888138213195,724.212981996126,715.434872665443,,733.384415170271,732.651043411577,9.65673572353967
Smarch/freetz.dimacs	,1800,1800,1800,1800,1800,1800,1800,1800,1800,1800,1800,1800,1800,1800,1800,1800,1800,1800,1800,1800,1800,1800,1800,1800,1800,1800,1800,1800,1800,1800,1800,1800,1800,1800,1800,1800,1800,1800,1800,1800,1800,1800,1800,1800,1800,1800,1800,1800,1800,1800,,1800,1800,0
Smarch/integrator_arm9,241.173141922802,243.162402525544,259.50762764411,251.658378141467,242.258986914065,239.342508348636,240.931435790379,242.437550660223,241.055791445076,245.47663079435,234.960450124927,238.779981550295,255.128826694563,241.661072724033,239.216551346704,243.127086436376,258.673789232504,247.675049001817,242.5793953049,242.023532863706,248.836537638213,268.010838611983,262.707239484415,245.312818995211,242.91450358741,241.940146584064,251.241130021866,266.01114631677,262.611339533236,257.899284583982,259.200787583366,244.175489150919,241.067221629433,241.95766582666,242.448616120033,242.77669210732,239.87113114493,248.419745867141,255.711388722062,272.686155959498,239.738297060132,244.698588571511,256.486033548601,248.804001702927,239.272435740568,238.881336923223,242.226748217363,241.03529777471,241.430701481178,241.241996639408,,247.208910131892,242.845597847365,8.90691368429287
/Smarch/lrzip,0.098776345141232,0.066494862549007,0.092499074526131,0.09095819760114,0.075600289739669,0.066944857127964,0.073724466841668,0.063834518194199,0.04270917037502,0.037819125223906,3.07119062170387,0.02938189636916,0.029116113204509,0.027533584740013,0.022993585560471,0.029449086636305,0.028710070531815,0.024508320260794,0.027625227347016,0.028047892265022,0.070006497669965,0.117453825194388,0.061008187942207,0.069988563191145,0.062927311751992,0.069205938372761,0.05935607617721,0.043923043180257,0.059574150945992,0.040558598004282,0.069500218145549,0.056479830760509,0.076232837047428,0.098162986338139,0.027846111450345,0.032116907183081,0.032207661308348,0.060908302664757,0.034099506679923,0.03168684663251,0.027436824981124,0.028061651624739,0.02730708476156,0.027129526715726,0.023912022355944,0.026020854711533,0.023683136794716,0.022256818134338,0.024759248830378,0.023953654337674,,0.109113630596548,0.039188861614094,0.428169971037181
Smarch/m5272c3,215.230930955615,215.996866818518,212.853347980418,199.945815498009,197.705451535061,197.994999048766,195.610790400766,198.273380221333,192.768161198124,206.903603122104,203.99227005383,204.289545202162,192.041041675955,200.281868796796,217.332480461337,208.677556657232,196.244675920811,200.808247375768,196.548918392044,196.847985030618,203.596355596092,199.430592685472,201.097717630677,198.247551684268,197.919448154047,194.52032034006,209.208473043516,204.256654323079,203.502062513959,215.336374329403,198.353739283513,194.18743243767,197.383948757779,197.200593714137,197.2607864975,195.30251777079,201.347375884187,208.24664863525,204.549677513074,213.218697737902,226.045019531157,216.495470618363,217.172705807723,203.148529589642,197.025216470007,201.780110638123,195.112008418888,214.849791216198,197.242065635975,201.553046504501,,203.098777386164,200.952982503222,7.93406530649283
Smarch/olpce2294,251.833357979078,250.338589606341,273.567395492922,259.105484155007,248.084440544713,260.971456559841,261.793414893095,251.439457537606,248.914538758807,247.629426787142,252.167874154635,249.234821241815,260.179785306099,264.824740672018,258.899581528735,256.091506142635,280.646537246182,251.869024840649,251.157180120237,248.617007656023,274.949534583837,261.799920045305,267.269673154224,252.914883462246,255.552196544129,266.187361341436,273.700056465343,276.774648540188,276.661179262679,256.064664712176,263.229236126412,260.507549316622,247.471414812375,267.204529340845,257.366633756086,252.116503648925,247.412338717375,247.276287578046,261.096492255106,265.503390291706,262.081690270454,259.370882208459,262.426283201203,259.070434192195,248.226584216114,246.14392884355,245.333086648956,262.609867117833,273.166778470855,258.167665133718,,258.70042630964,258.985007860465,9.26283918361079
Smarch/pati,175.857076253742,159.565372373909,147.569132860284,153.400625873357,151.151901777834,174.073528625537,150.438343776856,154.664670204744,171.177669043653,165.961831668392,168.305851018522,171.845719640609,146.889443440363,160.697406484745,153.459226171952,160.884603313636,192.273582574911,192.529934436083,165.023697082885,148.467004250269,162.807123255916,183.541087181773,171.789689595811,150.911683453713,148.167983225081,171.195098410826,153.734352352098,158.861028803047,157.349907165859,173.929633385967,148.782571266871,172.138582422398,170.967024352867,146.973890121095,156.885633577127,167.524224984925,175.755822263192,146.82594163809,163.702591842506,155.875434368383,147.060897249263,188.434308405966,161.264918760397,146.196662349626,179.085721089039,184.189137163572,168.830445386004,147.866622439586,161.728890555911,150.354343380779,,162.739357426399,161.074761037016,12.8775559651265
Smarch/phycore229x,275.227734947111,248.163577444851,245.014648993965,246.3414759445,250.333345755003,246.720173496753,265.838390097488,263.501788952853,261.946077083703,257.284023120534,252.006204035133,258.965377165936,271.355572155677,252.175897412933,251.112181554083,257.722006489057,278.304077914916,266.184313219972,266.506755366921,265.368307603989,276.840358731337,259.322375260759,242.859644868411,243.332452914678,257.685401006602,265.906234622001,283.912273087538,252.651380001102,247.910480700433,260.837072587572,262.55425592605,254.128419882153,247.754819517955,245.097368834075,253.980991116725,264.515543885994,259.643920304719,245.775641064625,243.146642868873,267.086092785466,249.860044089146,252.884491450153,245.682313451078,245.509492150508,258.214368544985,268.075380926952,275.964201759081,276.781461325008,290.576727325096,260.917203397025,,258.78957966283,257.968187517021,11.6100762894112
Smarch/ref4955,145.065421508159,170.844567266293,139.117532265838,164.656233671121,157.381014917512,157.396563413087,139.206604010891,148.274971113075,151.57073588483,148.848737985361,144.13426071126,177.694162284024,139.24548828695,155.03839778062,160.064854220953,165.504308059346,149.925871656742,146.871060271282,167.612462021876,144.223119183909,149.832433723845,156.40798655618,148.226848010905,147.815324362367,144.596036863048,164.462560251355,154.743332198355,138.19245991623,166.364535043482,136.387762216851,140.62399759097,151.949171666987,149.408032301813,151.977452926338,141.188947350718,147.81873287214,159.310543793719,182.993911231402,184.010359024163,137.290098597761,140.915692946874,147.484703480266,160.243414839264,150.71678535454,147.262703730725,147.197721023113,138.085309249349,141.674666333012,155.348377981689,182.829609119333,,152.760717541398,149.620233012829,12.27449650048
Smarch/se77x9,228.662606338505,220.983432279434,236.564581453334,240.122802143917,219.081086465158,220.705317783635,227.166021671146,242.580017537344,239.928350916598,221.755865555257,230.175783413928,230.684514546767,221.891775839962,225.489043100737,223.014555530623,220.671367834788,220.441922301427,228.043674361426,223.088417847641,219.990201934241,224.550849730149,230.609770257026,229.453136319295,226.024122264702,228.380282175262,232.553854938131,228.100136633962,220.458217774052,220.08084564656,207.072155250702,218.688095504418,229.98156225821,223.538078777492,218.972688007168,221.077848741785,228.9085818436,225.024442580529,223.187205367722,218.25059673097,220.44389511738,205.300382267218,226.09460159298,232.046613801271,230.783136281185,226.691395894624,229.735647633672,232.526856679935,236.658780817873,231.110766609665,226.424505855888,,225.875407844186,226.059361928841,7.19215021721578
/Smarch/toybox,0.117326999083162,0.17301691416651,0.104352286085487,0.076625778805465,0.094063602853567,0.080435844138265,0.058605346828699,0.104242009576411,0.077538301702589,0.073721611872315,0.095414591021835,0.127933932002634,0.093782529234887,0.073562117759138,0.100635250564665,0.07284091738984,0.105049815960229,0.076373056042939,0.075789645779878,0.073155981954188,0.108036677818745,0.11410232866183,0.097215002402664,0.075692159123719,0.060028199106455,0.082898606546224,0.072301500011235,0.073115094099194,0.075094409286976,0.078549881000072,0.060583032201976,0.057692924514414,0.058499881066382,0.060620923060924,0.051985950209201,0.05401591770351,0.053247845266015,0.05132785346359,0.053362627513707,0.054968769196421,0.059096053708344,0.058848799206316,0.059462771285326,0.05841451510787,0.061987374909222,0.06065334007144,0.057267157826573,0.052238458301872,0.055896681267768,0.052630975376815,,0.07648604484275,0.073135538026691,0.024415174950207
/Smarch/toybox_0_7_5,0.048853440675884,0.068688829429448,0.076448459643871,0.046918077860028,0.072187878191472,0.043596734292806,0.069278858602047,0.095926807262004,0.06106718396768,0.0455068112351,0.070387826766819,0.046260585542768,0.061185319442302,0.073776615317911,0.064587662927806,0.066554356832057,0.041449822019786,0.043923413846642,0.046233384404332,0.049662144389003,0.056325867772102,0.051064838189632,0.071208884939552,0.064476815983653,0.0451385602355,0.06128558702767,0.045355293434113,0.041545924264938,0.064475105609745,0.06921653309837,0.044134558178484,0.044664566405117,0.041344958357513,0.04277982050553,0.045521062798798,0.042011800222099,0.044345669448376,0.041011623106897,0.04003636026755,0.040351381059736,0.043447201140225,0.039935491979122,0.041741775814444,0.046311486046761,0.043488046620041,0.044905187562108,0.042617813218385,0.039460014551878,0.040255486033857,0.044480696786196,,0.052308652466163,0.045513937016949,0.013068899837332
/Smarch/uClibc-ng_1_0_29,0.14061516104266,0.089780319482089,0.088376661762596,0.088162115775048,0.081182206049562,0.094473351258785,0.089789810124785,0.111591049470008,0.090230426751077,0.094676740933209,0.086164142936468,0.113875700160861,0.085265085101128,0.123872813303024,0.089846643619239,0.111447114963085,0.081312977708877,0.081932662986219,0.082960220985115,0.080677356105298,0.094081830698997,0.080713034141809,0.082786926534027,0.085592925082893,0.130573113448918,0.083830046001822,0.089448136743158,0.083870937116444,0.082180743571371,0.085637705400586,0.079909552820027,0.074335814919322,0.077030081767589,0.074031052179635,0.076363720465452,0.06990561913699,0.072754056192935,0.075441855937242,0.082270445302129,0.075704709161073,0.077956211287529,0.074081962928176,0.074438166338951,0.074103967286647,0.074089183006435,0.073966178577393,0.071124442853034,0.076730217318982,0.070888106711209,0.075511579401792,,0.086111697657034,0.08222559443675,0.015326926805587
/Smarch/uClinux-config,2.00420144246891,2.01336029358208,1.95639852155,1.94514241022989,1.93613100796938,1.97973377350718,1.95117015903816,1.93936917977407,1.92910554679111,1.90849863132461,1.99591656681151,2.02171843405813,1.97835262818262,1.96753537934274,1.95873883599416,1.91059935418889,1.93492317991331,1.88910057488829,1.89047485915944,1.91584363486618,1.94981289701536,1.92911189235747,1.94542871229351,1.94365224195644,1.95051166601479,1.9364187377505,1.95758680719882,1.9471053397283,1.89981093024835,1.97732032136992,1.97890996420756,1.91050295252353,1.9395346166566,1.92545175040141,1.9358236589469,1.90872175898403,1.93701813323423,1.9743765569292,1.92882205266505,1.9364127847366,1.99057594826445,1.90524635277688,1.92113410495222,1.93012972222641,1.91076889261603,1.93217546772212,1.88690359611064,1.95263715507462,1.92732444312423,1.94202003907412,,1.94275127821602,1.93819365650415,0.031330925823831
/Smarch/uClinux,0.136756918858737,0.135940165724606,0.149733730126173,0.143722586799413,0.149591385386884,0.140969633124769,0.134612141177058,0.136142360046506,0.149647171143443,0.145261506550014,0.177506882697344,0.166120689362287,0.176249397918582,0.16252669878304,0.169062128290534,0.159808265045285,0.16991966823116,0.16639775922522,0.154616675339639,0.176878112833947,0.136373536661267,0.154454950708896,0.142595503013581,0.136060654651374,0.159590126015246,0.150588721502572,0.145155126228929,0.1437606071122,0.142151031177491,0.141232020687312,0.1313726590015,0.134823780041189,0.14548006746918,0.140539193060249,0.132985960692167,0.133951063267887,0.135208647232503,0.131000843830407,0.135770863853395,0.133252028841525,0.15688196150586,0.15096843149513,0.157062816433609,0.166007783729583,0.153205459937454,0.147104872856289,0.146185729186982,0.154350341763347,0.146804363932461,0.1449891962111,,0.148627444375307,0.145832898328081,0.012833023545465
/automotive01/automotive01,2.894819451496,2.81866119382903,2.87219720380381,2.83776846295222,2.8474103230983,2.90345260128379,2.90644670790062,2.91006886633113,2.8902883650735,2.86127737397328,2.81345810601488,2.79155660001561,2.7943560257554,2.81778524257243,2.82953288173303,2.85228202631697,2.82445350382477,2.81086862972006,2.76090694684535,2.7537409812212,2.89458518335596,2.84676944324746,2.90536466287449,2.89579192595556,2.83292128937319,2.94249482592567,2.8475704039447,2.82033132296055,2.85791631788015,2.82652284437791,2.85666941385716,2.82228793203831,2.82724765641615,2.83774648606777,2.84494953043759,2.83382142102346,2.84061197703704,2.86185431107879,2.81472785118967,2.8660027650185,2.83913800260052,2.84162896033377,2.89973229076713,2.85352536477149,2.87469142163173,2.85735779022798,2.897688487079,2.89589110855013,2.92483301693573,2.88814016478137,,2.85280291331001,2.8474903635215,0.040183678108442
/automotive02/automotive2_4,8.75407371670008,8.84875246090815,8.35597629658878,8.4613435822539,8.52972467523068,8.79372944496572,8.76310997828842,8.61896751122549,8.53944744588807,8.50592633895576,8.3656239178963,8.44742104690522,8.59730305243284,8.37175480136648,8.4845098638907,8.67483626818285,8.6635574772954,8.48143331287428,8.39373581949622,8.47457800386473,8.82038381090387,8.64463950460777,8.82318465551361,8.64020017394796,8.57902534678579,8.59834746783599,8.54544818680734,8.58357725944371,8.61030668718741,8.60269809328019,9.18773363158107,8.89107204787434,8.84466744866222,8.95296619879082,8.97167567443102,8.88898849999532,8.89746025204659,8.77762733399868,8.67808195250109,8.68796211201698,8.68321958277375,8.65493417484686,8.81260021822527,8.97530654165894,8.94785260688513,8.843225102406,9.07588097685948,8.95035423152149,8.87706473190337,8.86277407733724,,8.70070127195679,8.67645911034197,0.197537424318657
/featureide_examples/berkeleydb,0.048042180482298,0.038874822668731,0.034872987307608,0.03986335825175,0.039041170850396,0.036844229325652,0.039394402410835,0.035737541038544,0.03772445069626,0.03996401745826,0.036105500534177,0.045799597166479,0.043071897234768,0.040936648845673,0.039084868505597,0.041675325948745,0.040569417644292,0.037235611584037,0.039681518916041,0.039947368204594,0.035753570497036,0.038856170605868,0.036531704943627,0.041352162603289,0.037703186273575,0.037044111639262,0.031832831911743,0.03011071588844,0.033556774724275,0.033522768877446,0.042625018395483,0.036371343303472,0.037147731520236,0.040923436637968,0.037983515299857,0.040857020765543,0.037824708037079,0.036792266648263,0.043714951258153,0.04516296228394,0.038689721375704,0.040573741309345,0.043017356656492,0.038013467099517,0.038745210506022,0.035810932051391,0.037143400870264,0.027924803551287,0.03408680530265,0.034429947379977,,0.038371385065839,0.038351594237611,0.00378972699156
/financial_services/financialServices_2018-05-09,1.18921359907836,1.18074447941035,1.17337510501966,1.1454799529165,1.14190909871832,1.16653804574162,1.13028875272721,1.13024979876354,1.17377617117018,1.13476702524349,1.18787910602987,1.13911262992769,1.14411023119465,1.13771840836853,1.16332443011925,1.14829368377104,1.11992613086477,1.17894174112007,1.15859981207177,1.15572161413729,1.20038439845666,1.13781896932051,1.15925080794841,1.17071266332641,1.13200801890343,1.16171806398779,1.18032450415194,1.15112771838903,1.16698701260611,1.17941587418318,1.18176811048761,1.16110275592655,1.16859558410943,1.198914187029,1.14737535687163,1.1512077152729,1.17457186756656,1.15889749722555,1.15869294619188,1.18164159683511,1.16061064554378,1.17003854596987,1.15627860557288,1.18998496187851,1.15288499603048,1.18945830175653,1.17515443684533,1.17312667937949,1.17308721411973,1.16044823126867,,1.16247116167098,1.16141040995717,0.019091556520755
/confidential/automotive03/03,0.145154706668108,0.147170305252075,0.140348913613707,0.158133686985821,0.143420775420964,0.139006425160915,0.145316393580287,0.143047255463899,0.140874011442065,0.142235354054719,0.158631599973887,0.161645906977355,0.158681195229292,0.149139668326825,0.165143306367099,0.19785847608,0.199620685074478,0.194223066326231,0.193273541983217,0.170524086337537,0.143021571915596,0.147512007504701,0.144977344200015,0.147288516163826,0.148698543664068,0.150728248991072,0.154335310682654,0.145564126316458,0.153711951337754,0.149777769576759,0.168412782251835,0.154916236642748,0.144906135741622,0.150680992752314,0.14451758703217,0.152507742866874,0.145889106672258,0.147424610797316,0.151541366707534,0.15225432254374,0.162340612150729,0.162999138236046,0.158891186583787,0.162014432717115,0.161772381048649,0.156800214666873,0.166410841513425,0.156179422978312,0.161483472213149,0.159310736693442,,0.156006361469626,0.152381032705307,0.014383364729026
/confidential/automotive03/automotive03a,0.055014274548739,0.061852381564677,0.062748259399086,0.059546436183155,0.063184475991875,0.062868152745069,0.054159173276276,0.062219304032624,0.065174663905055,0.060634064953775,0.106727076694369,0.09461863944307,0.092281902208924,0.072121268138289,0.064607663080096,0.095619268249721,0.068546293303371,0.090335003565997,0.088014042004944,0.144869432784617,0.054337488487364,0.054223947692662,0.058030754793435,0.055492531508207,0.05918129812926,0.058250824920833,0.053691773675382,0.056098856031894,0.05346590699628,0.060951083898544,0.057042527012527,0.065181727986783,0.063531062100083,0.062969319522381,0.059003364294768,0.058345584198833,0.060225883498788,0.050590685103089,0.052898778580129,0.052208886481821,0.057926466688513,0.062305317260325,0.060423804447055,0.061358927749098,0.057548067066818,0.061582104768604,0.063442052807659,0.060744918882847,0.055380043108017,0.062700874637812,,0.065485532768071,0.060848001390696,0.016885754466438
/confidential/automotive03/automotive03b,0.504051119554787,0.484379061963409,0.476783356629312,0.469461093191057,0.476089844480156,0.476895716972649,0.479449287988245,0.478228949476034,0.466789348982274,0.490668042562902,0.534382571466267,0.516895549371839,0.500599722377956,0.515255898702889,0.483535315841437,0.5132573437877,0.544807293917984,0.485611410811544,0.504255626816302,0.516315822023898,0.476250541862101,0.471393684856593,0.473966158926487,0.483382771257311,0.472321953158825,0.470046713016927,0.478405070956796,0.469714426901191,0.470654281321913,0.469159387983382,0.47659044386819,0.475539552979172,0.470844137016684,0.479667066130787,0.480071938131005,0.47491222107783,0.496851546689868,0.481593873351812,0.495476268697531,0.485203329939395,0.509425666183233,0.506803986150771,0.474220425821841,0.496237482409924,0.480469791218639,0.480375766288489,0.490989916026592,0.495975001715124,0.479291269090026,0.482676740270108,,0.487324475804344,0.480422778753564,0.017591543573787
/confidential/automotive04/04,0.095787884201854,0.088766245637089,0.090752773918211,0.086570937652141,0.097888513468206,0.094044805038721,0.08676357427612,0.087852634955198,0.087114583700895,0.087758290581406,0.108839394059032,0.133293903432787,0.132120003458113,0.110847574658692,0.102108606137335,0.103394251316786,0.109706114977598,0.103588239289821,0.105409231036901,0.105214126408101,0.089206870179624,0.093158929608763,0.084531859494746,0.092796407174319,0.097563682124019,0.0971943102777,0.089734033215791,0.089682463556528,0.100081167649478,0.093092202674597,0.094539150130004,0.092025881633162,0.095299934968353,0.09442544542253,0.090151723474264,0.09106900030747,0.08996298816055,0.091976502910257,0.093185958452523,0.087396535091102,0.097733732778579,0.094749789685011,0.097357445862145,0.091660651378334,0.092179150786251,0.090875247959048,0.099118880927563,0.093409858644009,0.090388446580619,0.086804678197951,,0.095983492350206,0.093172444030643,0.009880030035526
confidential/automotive05/05.dimacs	,1800,1800,1800,1800,1800,1800,1800,1800,1800,1800,1800,1800,1800,1800,1800,1800,1800,1800,1800,1800,1800,1800,1800,1800,1800,1800,1800,1800,1800,1800,1800,1800,1800,1800,1800,1800,1800,1800,1800,1800,1800,1800,1800,1800,1800,1800,1800,1800,1800,1800,,1800,1800,0
/confidential/automotive06/automotive06a,0.099345718044788,0.095844942610711,0.098502917680889,0.09987328806892,0.097955832257867,0.096900005824864,0.100305654574186,0.100421982351691,0.097388250287622,0.097894364967942,0.090392601676286,0.099268351215869,0.097849670331925,0.09695958532393,0.097940500825643,0.091523129027337,0.099552663508803,0.09484631055966,0.091627155430615,0.09405537834391,0.098841070663184,0.09682783856988,0.096061375457793,0.096403249539435,0.091046716552228,0.092237476725131,0.092551441863179,0.099315581843257,0.094893931876868,0.088571986183524,0.100179035682231,0.090478390455246,0.097392120398581,0.096745350398124,0.100704982411116,0.092862721998245,0.085868212394417,0.086674764286726,0.097632968332618,0.09420135198161,0.096322731114924,0.097650886978955,0.096694743260741,0.098108594771475,0.097690724767745,0.098568938672543,0.100698782596737,0.096047332976013,0.098339867312461,0.091417099349201,,0.095989571446553,0.096929795574397,0.003665806590392
/confidential/automotive06/automotive06b,0.555724674370139,0.564759491942823,0.520582005847246,0.527656072750688,0.540080612059683,0.544550393242389,0.535730060189963,0.523708008695394,0.520405968651176,0.544739061966539,0.543394132051617,0.549314035568387,0.569529407657683,0.556710230652243,0.54961151862517,0.522246041335165,0.548388739582152,0.541537548881024,0.549610424321145,0.533695476129651,0.547877100761979,0.5047970674932,0.491684153676033,0.501876538153738,0.53266389016062,0.49572692392394,0.509037823881954,0.520572662353516,0.50833941809833,0.494118402246386,0.533351154997945,0.558416839689016,0.518358689267188,0.51187844760716,0.521820159163327,0.510478722397238,0.516346625983715,0.522809507325292,0.515892311464995,0.537689467892051,0.53711680136621,0.546721836086363,0.511530025862157,0.508767310995609,0.519410392269492,0.514825408346951,0.510279172565789,0.508892753161491,0.519693030044436,0.518568062223494,,0.527830292079598,0.522527774330228,0.019171579130395
/confidential/automotive07/automotive07a,0.446550988126546,0.44213220756501,0.416503288317472,0.415244811680168,0.423344271723181,0.420866061002016,0.418918309733271,0.415492411702871,0.411082619335502,0.41145130712539,0.413635182660073,0.414796932134777,0.419463206082582,0.416672799736261,0.414385224692524,0.413056249730289,0.413459394127131,0.413607723079622,0.41146453935653,0.412132003810256,0.392478201538324,0.394501190632581,0.396243727300316,0.394467581529171,0.39909474318847,0.419701832812279,0.390350540634245,0.390870609786362,0.394493318162859,0.397902441211044,0.41018622322008,0.406120084226131,0.411142696160824,0.414644856471568,0.412831159308553,0.429788569454104,0.409962672274559,0.407887420617044,0.42732698097825,0.41234553558752,0.409811212215573,0.429896451067179,0.411906414199621,0.405853339936584,0.410477458033711,0.407639058306813,0.401092327199876,0.407494622282684,0.403128316160292,0.440548285376281,,0.412088948031887,0.412019209004939,0.012310347987729
/confidential/automotive07/automotive07b,17.770016470924,17.9409284237772,17.965165020898,17.112835150212,17.1543417004868,17.1534786592238,17.0691979122348,17.0467280033045,17.102005276829,17.1077896095812,17.4016818050295,17.816270253621,17.7165638408623,17.45361481281,17.129105664324,17.1805139766074,17.1859042788856,17.1776741114445,17.1434618970379,17.150218883995,16.4013422178104,16.5386842037551,16.3875182359479,16.449734851718,16.4718037899584,16.4773536561988,16.3982948041521,16.5668186522089,16.4662991994992,16.5167080094107,17.1844513504766,17.4269020222127,17.1744821607135,17.2336358404718,17.2130989786238,17.2400942058302,17.2275604875759,16.8774224682711,16.5006575779989,16.6356687098741,17.3324120328762,17.0693069556728,17.279437516816,17.2209504921921,17.2281971308402,17.2325822459534,17.231050144881,17.2265186528675,17.1950650294312,17.0868118614889,,17.0853671847563,17.1644119306002,0.405604294077174
