/CDL/am31_sim;10.65195921389386,10.486957588698715,10.435453830752522,10.426270652096719,10.548443255014718,10.785015197936445,10.787516829092056,10.705835160799325,10.756381276063621,10.729291250929236,10.718275554012507,10.738818919751793,10.786492444109172,10.77587020304054,10.747759897261858,10.734560444951057,10.787534945178777,10.702112877275795,10.752020237967372,10.76085254503414,10.739140301011503,10.784750015009195,10.778950500302017,10.757800220046192,10.77183803031221	/CDL/am31_sim;10.68296704115346,10.766907008830458,10.732806381769478,10.741201560012996,10.722137620206922,10.767008785158396,10.777843506075442,10.752997742965817,10.773350023198873,10.73474247334525,10.83926372602582,10.809563847258687,10.703355700243264,10.752974571660161,10.780586901586503,10.738304022699594,10.667111996095628,10.79350752569735,10.82838939735666,10.782583604101092,10.788226155098528,10.734683892223984,10.766348047181964,10.754575873259455,10.66254844283685
/CDL/ea2468;9.27479401184246,9.255224107299,9.326043590903282,9.301953739020973,9.292968697845936,9.288169077131897,9.270672074053437,9.244943865109235,9.25669719511643,9.25587540725246,9.28316587395966,9.260708277113736,9.241459459997714,9.272004522848874,9.290958799887449,9.279592206701636,9.320155910216272,9.261004274245352,9.366526873782277,9.325088422745466,9.295577737968415,9.314457211177796,9.328393795061857,9.268647748976946,9.325551197864115	/CDL/ea2468;9.304219501558691,9.260924784000963,9.336187438108027,9.229506489820778,9.266317741014063,9.28509497595951,9.281585910357535,9.272525555919856,9.31458524055779,9.241878509055823,9.301681715995073,9.268748953938484,9.303020051680505,9.31082956911996,9.234372414182872,9.266278619877994,9.266935287974775,9.295646489597857,9.235446228645742,9.289245852734894,9.379433142021298,9.337349747307599,9.287177719641477,9.261209425050765,9.292253660969436
/CDL/p2106;5.495494470000267,5.494041964877397,5.527964709326625,5.499279512092471,5.498185481876135,5.5191633608192205,5.52289646724239,5.482674333732575,5.47074935818091,5.50450249388814,5.504715226124972,5.5280561139807105,5.506107813678682,5.457865071948618,5.484713598154485,5.539773304946721,5.5537133272737265,5.509935450274497,5.511780924163759,5.528021490201354,5.527719413861632,5.497706280089915,5.517431932967156,5.523690923117101,5.531822314020246	/CDL/p2106;5.494917665142566,5.4695199597626925,5.494910774286836,5.518072640988976,5.48740509012714,5.476478893309832,5.496050901245326,5.551793637685478,5.528880065772682,5.502723527140915,5.476018057204783,5.51959588797763,5.540435814298689,5.502499275375158,5.466229522135109,5.502485288307071,5.384135968051851,5.523017701692879,5.537623221054673,5.484521697741002,5.5044449060224,5.541568105109036,5.507587959989905,5.495652881916612,5.503351315390319
/KConfig/axTLS;0.01433439226821065,0.017831267789006233,0.016476045828312635,0.01355930371209979,0.01463683182373643,0.013858940917998552,0.012428957037627697,0.013826305978000164,0.01500328117981553,0.013422654010355473,0.012298202142119408,0.014229945838451385,0.013864897657185793,0.014846126083284616,0.013127455953508615,0.012529392261058092,0.013883957639336586,0.015219904016703367,0.014608254190534353,0.013756115920841694,0.012298796325922012,0.014276939909905195,0.015595860779285431,0.013606076128780842,0.013284360989928246	/KConfig/axTLS;0.016017205081880093,0.016157323960214853,0.01474223705008626,0.014842358883470297,0.014256845228374004,0.0128346411511302,0.013918439392000437,0.013777114916592836,0.015298933256417513,0.011179541703313589,0.013412187807261944,0.014657335821539164,0.014287942089140415,0.013343163765966892,0.014542132150381804,0.01262169424444437,0.014124405104666948,0.015282291918992996,0.012048319913446903,0.013523346278816462,0.014231298118829727,0.01529214484617114,0.012958550825715065,0.015070405788719654,0.016278404742479324
/KConfig/busybox-1.18.0;0.0492148008197546,0.0525555401109159,0.05112765030935407,0.05351845594123006,0.047749506775289774,0.04976397892460227,0.0498281791806221,0.04902902198955417,0.047477340791374445,0.049040441401302814,0.05524132400751114,0.04789263987913728,0.05590241774916649,0.05459529906511307,0.05075421370565891,0.05500413291156292,0.050939926877617836,0.06754894135519862,0.05620823614299297,0.04923866130411625,0.05218149162828922,0.054505483247339725,0.05986912827938795,0.054695656057447195,0.05174172576516867	/KConfig/busybox-1.18.0;0.04856324475258589,0.050472915172576904,0.052067665848881006,0.05358561780303717,0.048296136781573296,0.04846619302406907,0.04873887076973915,0.05406183796003461,0.04878957802429795,0.048153811134397984,0.053520891815423965,0.048974782694131136,0.04779839375987649,0.047522845678031445,0.048225756734609604,0.04866236308589578,0.05205098818987608,0.04893330903723836,0.04931823629885912,0.04871595045551658,0.04745353292673826,0.05165794072672725,0.05529961921274662,0.05013243528082967,0.05115160811692476
/KConfig/embtoolkit;0.06797504099085927,0.07119934214279056,0.06691388273611665,0.06769795389845967,0.07145073590800166,0.06586192501708865,0.06863775104284286,0.06956908898428082,0.06960585108026862,0.06821057200431824,0.06856895238161087,0.06989791197702289,0.07127216085791588,0.07343109976500273,0.06968147214502096,0.06827822420746088,0.06887302687391639,0.06872650003060699,0.07072733109816909,0.06956723285838962,0.06772209191694856,0.06780456379055977,0.06862780591472983,0.06987444171682,0.06717236200347543	/KConfig/embtoolkit;0.06777744274586439,0.07226578425616026,0.06674698228016496,0.07032741606235504,0.06908007292076945,0.06951176095753908,0.07176395365968347,0.06895289197564125,0.07133014500141144,0.07104601291939616,0.06991712562739849,0.06763995299115777,0.06778959278017282,0.06778491986915469,0.0696424669586122,0.07107339799404144,0.07079340610653162,0.07006353884935379,0.06737788207828999,0.07098910212516785,0.06869639502838254,0.06635579001158476,0.06858887616544962,0.06733656721189618,0.06687593460083008
/KConfig/uClibc;0.047837166115641594,0.05365776037797332,0.05425310879945755,0.049793046433478594,0.05080926092341542,0.05236272141337395,0.050795278046280146,0.05069414107128978,0.049796142149716616,0.05148122273385525,0.05123294424265623,0.04932677932083607,0.04904008097946644,0.04821201227605343,0.04960544314235449,0.04669780004769564,0.047931859735399485,0.04783755075186491,0.0522221508435905,0.051598023157566786,0.049808623269200325,0.04958622669801116,0.052721267100423574,0.050687005277723074,0.049636395182460546	/KConfig/uClibc;0.05355730699375272,0.05170451197773218,0.05082149524241686,0.05084842909127474,0.048103938810527325,0.05262014176696539,0.05225581396371126,0.05094304168596864,0.046150383073836565,0.052946929819881916,0.05045156180858612,0.052026573568582535,0.050709244795143604,0.053549367003142834,0.05142974900081754,0.050244476180523634,0.05076304264366627,0.051084882114082575,0.05133424885571003,0.048560145776718855,0.0472565027885139,0.0522296829149127,0.0499812513589859,0.04958963114768267,0.05225393129512668
/KConfig/uClinux-base;0.04534935858100653,0.04484484577551484,0.04426093399524689,0.050749436020851135,0.0492865932174027,0.04569093603640795,0.0460191979072988,0.04972988506779075,0.04685918800532818,0.045789359137415886,0.0482881092466414,0.0478659700602293,0.04684948781505227,0.049202773720026016,0.04597114911302924,0.045158816035836935,0.04755169991403818,0.04774414002895355,0.047190070617944,0.050054734107106924,0.04711222602054477,0.048566616140305996,0.046526974998414516,0.04582733428105712,0.0464508798904717	/KConfig/uClinux-base;0.04945150716230273,0.04476938024163246,0.04967357963323593,0.04660584917291999,0.0479632830247283,0.04631151631474495,0.047423144802451134,0.044108444824814796,0.045634154230356216,0.04469748865813017,0.04804519796743989,0.04861954040825367,0.04468315793201327,0.048089238815009594,0.050036309752613306,0.04569303896278143,0.046148625668138266,0.04526713117957115,0.04421304818242788,0.044440163765102625,0.041145059280097485,0.0440442468971014,0.04453017096966505,0.04818444512784481,0.046245018020272255
/KConfig/uClinux-distribution;0.06616208702325821,0.06911031901836395,0.07245412888005376,0.07156857894733548,0.07062713196501136,0.07106005400419235,0.0690800859592855,0.06966010900214314,0.06566606787964702,0.07258188305422664,0.06763250706717372,0.0641582328826189,0.06423149909824133,0.06634734105318785,0.06717221019789577,0.07304193219169974,0.07026218622922897,0.06916015781462193,0.07327787205576897,0.06932561891153455,0.06893693935126066,0.06626405520364642,0.06658078404143453,0.06807483499869704,0.06972169410437346	/KConfig/uClinux-distribution;0.07024958403781056,0.06989994179457426,0.06914507690817118,0.07039257558062673,0.07135637477040291,0.07183985179290175,0.0722053749486804,0.0715557299554348,0.07194527192041278,0.07439666567370296,0.06944124633446336,0.07493639085441828,0.06868742173537612,0.06913430988788605,0.07171868905425072,0.06856338074430823,0.07167102815583348,0.06832311116158962,0.07144009321928024,0.06954248389229178,0.07011163607239723,0.0628184680826962,0.07048560120165348,0.06673107109963894,0.06674441182985902
/Smarch/7z;0.015310600399971008,0.012621101923286915,0.01446128310635686,0.013193952850997448,0.011769198812544346,0.013545236084610224,0.015666695777326822,0.01363493176177144,0.012702132109552622,0.013160663656890392,0.013514908030629158,0.013594902120530605,0.01251584105193615,0.013678958173841238,0.013281465973705053,0.013914166018366814,0.014530796092003584,0.013797309249639511,0.013232174329459667,0.013109048828482628,0.01401120238006115,0.014588691294193268,0.012410190887749195,0.013822948094457388,0.012841233052313328	/Smarch/7z;0.014048208948224783,0.011956681031733751,0.0120430588722229,0.01239269319921732,0.014274397864937782,0.014659627806395292,0.012150213122367859,0.013001784216612577,0.013316174037754536,0.01419635908678174,0.012573885265737772,0.01389988698065281,0.012083007954061031,0.012341673951596022,0.013918803073465824,0.01502286409959197,0.012652094010263681,0.012786990962922573,0.013005685061216354,0.011879813857376575,0.013375099748373032,0.014644717331975698,0.01119213504716754,0.01305940980091691,0.013117888942360878
/Smarch/BerkeleyDBC;0.010597494896501303,0.011282403022050858,0.011204325128346682,0.011683890130370855,0.010959639679640532,0.010952418204396963,0.011213489808142185,0.012843859381973743,0.01070465287193656,0.010564870666712523,0.010445676743984222,0.010861658956855536,0.011296884156763554,0.01123865693807602,0.011374861001968384,0.012541410978883505,0.010826872196048498,0.010957623831927776,0.010369894094765186,0.011915986891835928,0.012102603912353516,0.008143731858581305,0.008775883354246616,0.011315484996885061,0.010216461960226297	/Smarch/BerkeleyDBC;0.01067499490454793,0.010383230168372393,0.008949319832026958,0.009543861728161573,0.00949441408738494,0.009450762998312712,0.009770932141691446,0.009860411752015352,0.010084260255098343,0.010748743079602718,0.008573933970183134,0.010173764079809189,0.009240093175321817,0.009028132073581219,0.009957338217645884,0.009791788179427385,0.009129389189183712,0.010220564901828766,0.00864804582670331,0.009434692095965147,0.009983490221202374,0.010230873245745897,0.011354463640600443,0.009408967103809118,0.009655745700001717
/Smarch/Dune;0.012595901265740395,0.011263407766819,0.012040907982736826,0.010763726197183132,0.01103817904368043,0.01157816918566823,0.010812174063175917,0.012075741309672594,0.01121398201212287,0.013206433039158583,0.009395841974765062,0.010180819779634476,0.010488077066838741,0.010631192941218615,0.011475251987576485,0.012611365877091885,0.011533982120454311,0.009996555745601654,0.010843479074537754,0.011084656696766615,0.012287198100239038,0.011107182130217552,0.011267442256212234,0.010933763347566128,0.010496713686734438	/Smarch/Dune;0.010491773951798677,0.009986537043005228,0.01060859626159072,0.009832322131842375,0.01113257510587573,0.011805646121501923,0.011586952023208141,0.010440323036164045,0.010543177835643291,0.012000244110822678,0.011134617030620575,0.00992908189073205,0.011144006159156561,0.010107927955687046,0.009918964002281427,0.011305604130029678,0.009585333988070488,0.011213887948542833,0.011429898906499147,0.010100685060024261,0.009836745914071798,0.009095079265534878,0.010082378052175045,0.009631683118641376,0.010790531989187002
/Smarch/HiPAcc;0.015472063329070807,0.011676923837512732,0.013020582031458616,0.014276867266744375,0.01668041991069913,0.012917655985802412,0.01227640314027667,0.013904551975429058,0.015793259255588055,0.016661582048982382,0.01341960858553648,0.01528230495750904,0.015612785704433918,0.015150416642427444,0.01401885924860835,0.013351027853786945,0.014415210112929344,0.014317568857222795,0.014400517102330923,0.017394830007106066,0.014268155209720135,0.014214564114809036,0.01421978510916233,0.015394399873912334,0.013391287997364998	/Smarch/HiPAcc;0.014218436088413,0.01447973120957613,0.014482602011412382,0.015894051175564528,0.014211665838956833,0.011979399714618921,0.013858596328645945,0.015304482076317072,0.01453815121203661,0.013369335327297449,0.014937794767320156,0.014774504583328962,0.01570923300459981,0.014389311894774437,0.015039744786918163,0.015264938585460186,0.012738177087157965,0.014253800734877586,0.014998367056250572,0.01353714196011424,0.0130591313354671,0.01399156078696251,0.015278954990208149,0.012172720860689878,0.0138145312666893
/Smarch/JHipster;0.012543860822916031,0.013383237179368734,0.01281626196578145,0.013146304059773684,0.013921205885708332,0.013253516983240843,0.011308243032544851,0.014414495788514614,0.012993044685572386,0.013918864075094461,0.013560882303863764,0.012991754803806543,0.011686802841722965,0.013878594618290663,0.013625264167785645,0.013996835332363844,0.013316723983734846,0.012180091347545385,0.012527337297797203,0.013412560801953077,0.014208769891411066,0.012264363002032042,0.01334723038598895,0.012725765816867352,0.01259451312944293	/Smarch/JHipster;0.01355751184746623,0.015026075765490532,0.01202029688283801,0.012439328711479902,0.013328222557902336,0.012557455338537693,0.013129353988915682,0.014373944140970707,0.012540323194116354,0.012396805919706821,0.013156533241271973,0.012705243192613125,0.013526839204132557,0.01492348499596119,0.01235719583928585,0.012758633121848106,0.01305227680131793,0.012704368680715561,0.013385734055191278,0.013980203308165073,0.014806628692895174,0.01234930008649826,0.011959108989685774,0.013640748802572489,0.013503745198249817
/Smarch/JavaGC;0.012369744013994932,0.011977285612374544,0.012944193091243505,0.01349361939355731,0.011235891841351986,0.012159870006144047,0.012878099922090769,0.01125155109912157,0.011719137895852327,0.011614404153078794,0.011886595748364925,0.011641157325357199,0.012768649961799383,0.012705790810286999,0.012674020137637854,0.01380003523081541,0.010669166687875986,0.011961480136960745,0.01124767865985632,0.012065769638866186,0.012093489989638329,0.011339121032506227,0.012352773919701576,0.0114004360511899,0.0122402417473495	/Smarch/JavaGC;0.011324300896376371,0.012853363063186407,0.009829362854361534,0.011300010606646538,0.012110142968595028,0.01285114185884595,0.013015377800911665,0.013010607101023197,0.010918203741312027,0.012122603133320808,0.012303133960813284,0.011245202738791704,0.0122914370149374,0.012511570937931538,0.011750484816730022,0.012410035822540522,0.01331751886755228,0.01202790904790163,0.010907494928687811,0.01210692385211587,0.01207505026832223,0.01112627238035202,0.013508060947060585,0.011190132703632116,0.011789972893893719
/Smarch/LLVM;0.02203147066757083,0.026279423851519823,0.024598832707852125,0.02609583782032132,0.026532994117587805,0.02665564278140664,0.021746611688286066,0.02534409612417221,0.024876561015844345,0.023413776885718107,0.024830063804984093,0.024482998996973038,0.025923360139131546,0.026056020986288786,0.025714107789099216,0.021308305207639933,0.02363703679293394,0.026093054097145796,0.02430181624367833,0.025928963907063007,0.026647415943443775,0.023331617936491966,0.025636323262006044,0.022048538085073233,0.024576858151704073	/Smarch/LLVM;0.020711304154247046,0.02636037627235055,0.026324663311243057,0.024341896176338196,0.025331513956189156,0.024663090240210295,0.023714696057140827,0.025463832076638937,0.026527476031333208,0.024027030915021896,0.024167845956981182,0.024781449232250452,0.025941276922822,0.024882433004677296,0.025521263014525175,0.024718805216252804,0.023029807955026627,0.02493295492604375,0.02491253102198243,0.022674992214888334,0.026104771066457033,0.0245883553288877,0.023505506571382284,0.025177835952490568,0.025666601955890656
/Smarch/Polly;0.012757461983710527,0.01039957907050848,0.008732694666832685,0.00838449690490961,0.008542906027287245,0.010617400985211134,0.01093469187617302,0.009718229994177818,0.009484327863901854,0.00998105714097619,0.011778689920902252,0.009793261997401714,0.010542078409343958,0.011345326900482178,0.01251913420855999,0.012717259116470814,0.012355129700154066,0.012341345194727182,0.010801957920193672,0.01175677590072155,0.0108601413667202,0.011785557959228754,0.010972477030009031,0.011748910881578922,0.011421110946685076	/Smarch/Polly;0.013781844172626734,0.010828403290361166,0.009148499928414822,0.009168385993689299,0.008867067750543356,0.010693605989217758,0.009781749919056892,0.010944826062768698,0.012066563125699759,0.011906871106475592,0.013476911932229996,0.010431359987705946,0.011324688792228699,0.01301142293959856,0.010691137053072453,0.01141040725633502,0.012417440302670002,0.01000884035602212,0.01006183959543705,0.01116480678319931,0.012549505103379488,0.01220213808119297,0.012788647785782814,0.010337689891457558,0.011233572848141193
/Smarch/VP9;0.012437083758413792,0.011554121039807796,0.01148598687723279,0.011926320847123861,0.01091316994279623,0.012001670897006989,0.011067034676671028,0.01233414513990283,0.0113673759624362,0.012624102178961039,0.012215505819767714,0.012482790276408195,0.013268571812659502,0.010731919202953577,0.011996533256024122,0.010960260406136513,0.011710330843925476,0.011228634044528008,0.012765494175255299,0.012096822261810303,0.010975521989166737,0.01221765810623765,0.01082829711958766,0.013022438623011112,0.011095075402408838	/Smarch/VP9;0.011404790915548801,0.011409880127757788,0.011171959340572357,0.01155311893671751,0.01377967419102788,0.010397844016551971,0.011573712807148695,0.010493473149836063,0.011925804894417524,0.010575598105788231,0.012122718151658773,0.01206313818693161,0.011302545666694641,0.011571874376386404,0.012776737101376057,0.0129720289260149,0.012388605158776045,0.011833175085484982,0.01132704596966505,0.012213723734021187,0.011756462045013905,0.010643533896654844,0.01171554671600461,0.01121406676247716,0.01209533866494894
/Smarch/X264;0.01009326009079814,0.00951659120619297,0.01009023329243064,0.009522467851638794,0.008806133642792702,0.0095257218927145,0.009916340000927448,0.009224849753081799,0.010168328415602446,0.008839095942676067,0.009580265264958143,0.008692328818142414,0.008493660017848015,0.009508523624390364,0.009827983099967241,0.008927786722779274,0.009422549046576023,0.009109076578170061,0.008784298319369555,0.008971690200269222,0.010318647138774395,0.009328559972345829,0.009942080825567245,0.009201251901686192,0.008885383140295744	/Smarch/X264;0.008471160661429167,0.009265786036849022,0.009081640746444464,0.008823174051940441,0.008942178916186094,0.010003816336393356,0.009940930176526308,0.009295909199863672,0.008944544941186905,0.008589527104049921,0.009686795994639397,0.009601605124771595,0.010813229251652956,0.009820019826292992,0.009885000996291637,0.009375966154038906,0.008184376172721386,0.010530410800129175,0.009754713159054518,0.010412685107439756,0.010179536417126656,0.009107936639338732,0.010120679158717394,0.009607357904314995,0.0096052261069417
/Smarch/adderII;5.858862126711756,5.863384069874883,5.896448642015457,5.848697801120579,5.856806609779596,5.8366687167435884,5.825939838308841,5.82407179614529,5.869458598084748,5.7947986256331205,5.81400234811008,5.814257012214512,5.85058534424752,5.848762069828808,5.823719229083508,5.8670939090661705,5.8412227728404105,5.849992374889553,5.814601616933942,5.870067087002099,5.847344461362809,5.805380032397807,5.851032390724868,5.8073134501464665,5.781565356068313	/Smarch/adderII;5.822244429029524,5.819087526760995,5.876258232165128,5.8579320213757455,5.817577104084194,5.886527313385159,5.852283840067685,5.8723652879707515,5.842730574309826,5.797649261076003,5.840200660284609,5.841267322190106,5.824906111694872,5.858846310991794,5.871087615843862,5.8817985178902745,5.849770519882441,5.821667859330773,5.818601259030402,5.800855868961662,5.851310914848,5.782770129386336,5.854995646048337,5.805650431197137,5.813688665628433
/Smarch/at91sam7sek;8.637444211170077,8.591132120229304,8.664892616216093,8.770334847271442,8.626200450118631,8.637422303203493,8.644818312954158,8.686617100611329,8.679462254047394,8.604444857686758,8.617762310896069,8.584854105953127,8.611004186794162,8.613061042036861,8.560835650190711,8.603700026869774,8.583492750301957,8.58989133592695,8.631207207217813,8.647494432982057,8.652722561266273,8.628205413930118,8.592684862669557,8.595364006236196,8.630062624812126	/Smarch/at91sam7sek;8.690698435995728,8.684810207225382,8.616355054080486,8.619557830970734,8.582941285334527,8.635810696985573,8.60156435193494,8.5984241142869,8.706780933775008,8.633658502716571,8.57286160485819,8.639929352793843,8.664256408810616,8.603978825267404,8.640276316087693,8.612993753980845,8.644264389760792,8.568720060866326,8.635231625288725,8.543649988714606,8.671171105932444,8.58639028808102,8.77768355468288,8.667413927614689,8.607553057838231
/Smarch/axTLS;0.028383585158735514,0.026179997716099024,0.027061916887760162,0.027687388937920332,0.028531611897051334,0.02828924311324954,0.025553090032190084,0.02744159521535039,0.028718302957713604,0.02961611794307828,0.03075216803699732,0.027999405283480883,0.031886085867881775,0.030385530088096857,0.027905025985091925,0.02513255411759019,0.030294042080640793,0.027217735070735216,0.030578617937862873,0.03128900891169906,0.028104156255722046,0.028705003205686808,0.029313890729099512,0.0289966338314116,0.028560003265738487	/Smarch/axTLS;0.030918400269001722,0.026839165948331356,0.029259124770760536,0.025502081029117107,0.024863863829523325,0.028257342986762524,0.029795104172080755,0.029840642120689154,0.026855953969061375,0.027901264373213053,0.02741587581112981,0.02830405067652464,0.029632162302732468,0.028332193847745657,0.030121358577162027,0.028942136093974113,0.02701889304444194,0.02539559779688716,0.027715142350643873,0.029456071089953184,0.027551273349672556,0.025098980870097876,0.029535465873777866,0.025756560266017914,0.029204899910837412
/Smarch/axtls_2_1_4;0.018693506252020597,0.018615721724927425,0.017920936923474073,0.015901963226497173,0.014519305434077978,0.01683239685371518,0.017923656851053238,0.01966481702402234,0.017022964078933,0.016500364989042282,0.0153559441678226,0.0220382041297853,0.017807405907660723,0.017884429078549147,0.01781661342829466,0.01889469986781478,0.016003733966499567,0.015914275776594877,0.017487924080342054,0.01822122884914279,0.01786914002150297,0.01722355466336012,0.01845231419429183,0.017182885203510523,0.020516470074653625	/Smarch/axtls_2_1_4;0.019837284926325083,0.016780448146164417,0.01638852758333087,0.014830430969595909,0.017274327110499144,0.01920435531064868,0.01878729835152626,0.01647180924192071,0.015583208296447992,0.015687777660787106,0.017869106959551573,0.016269846819341183,0.0158933294005692,0.01709667593240738,0.01610628515481949,0.01740971812978387,0.020717100240290165,0.01686582015827298,0.019738228991627693,0.01658347388729453,0.01922460412606597,0.01476184232160449,0.014644690789282322,0.017438053153455257,0.016881423071026802
/Smarch/busybox-1.18.0;0.12387618934735656,0.13066821824759245,0.13414085330441594,0.1342010833323002,0.13124938076362014,0.1291538691148162,0.13171433983370662,0.12810530699789524,0.1259542745538056,0.12910117814317346,0.13060156675055623,0.12754151225090027,0.12592335417866707,0.12404937902465463,0.12846043100580573,0.1261642170138657,0.1284667942672968,0.1264987369067967,0.12524831108748913,0.12553537683561444,0.13082229299470782,0.12650865502655506,0.12565499590709805,0.12697176588699222,0.12963017914444208	/Smarch/busybox-1.18.0;0.12149288365617394,0.128716214094311,0.12663094606250525,0.12437488418072462,0.12788457702845335,0.1305924728512764,0.12620458099991083,0.12810597382485867,0.12991776410490274,0.13031678879633546,0.1253576152957976,0.12226799502968788,0.12849633814767003,0.12582245096564293,0.12377960234880447,0.12677311012521386,0.12846663361415267,0.12474365159869194,0.1279711937531829,0.12848843401297927,0.1232098126783967,0.12700361013412476,0.1248601139523089,0.12708036182448268,0.12841265182942152
/Smarch/busybox_1_28_0;0.1485787690617144,0.1504272329621017,0.1510522640310228,0.15448482614010572,0.14981098007410765,0.15110624581575394,0.15308480709791183,0.15410477295517921,0.14781361119821668,0.1494752038270235,0.15194821311160922,0.15126975998282433,0.14861250994727015,0.1497000469826162,0.1435038219206035,0.14623366156592965,0.1413294142112136,0.13833418115973473,0.14197168685495853,0.14239874621853232,0.1365624531172216,0.14680785685777664,0.1375466100871563,0.1510069933719933,0.15122337266802788	/Smarch/busybox_1_28_0;0.14709419384598732,0.14431565487757325,0.1506144949235022,0.14808925474062562,0.15013259602710605,0.14704391593113542,0.1397615158930421,0.14516854099929333,0.14965942921116948,0.1469004857353866,0.13639552285894752,0.13953744294121861,0.14211664302274585,0.13874726416543126,0.13915938511490822,0.1417921748943627,0.14050696277990937,0.1396093019284308,0.14041308034211397,0.13916426291689277,0.13829982187598944,0.1410585707053542,0.14084978867322206,0.14076591283082962,0.16072262031957507
/Smarch/ecos-icse11;16.882060813251883,16.899920020718127,16.905709438957274,16.903382393997163,16.83086703112349,16.797943480778486,16.87165295984596,16.810235546901822,16.92300864495337,17.023157473187894,16.846546221058816,16.766385502181947,16.86643024487421,16.737315386068076,16.941203297581524,16.880856953561306,16.850161228328943,16.976203768979758,16.88382958713919,16.90434594405815,16.871993883047253,16.827941183932126,17.010249801911414,16.86298798304051,16.877897094003856	/Smarch/ecos-icse11;16.907392633147538,16.724239034112543,16.866598419845104,16.779277849011123,16.790094023104757,16.916760434862226,16.960923239123076,16.798081676010042,16.8756395583041,16.953333840705454,16.90474020410329,16.740546689368784,16.92643334204331,16.87877821782604,16.97367075877264,16.919860851950943,16.877335246652365,16.92202510777861,16.948903815820813,16.895040362607688,16.84250332415104,16.816136369947344,16.944058198016137,16.905669013038278,16.8324949410744
/Smarch/embtoolkit;68.67497236467898,68.25059117469937,68.56941609503701,68.444639085792,68.69327483186498,68.48022522358224,70.1720193726942,69.7391709908843,70.03884180402383,70.39667990896851,70.05028608301654,70.00066813314334,69.58271761983633,69.90014511579648,70.52443629782647,70.35597889311612,70.41174582205713,69.84928120207042,69.47873604018241,69.47808401519433,69.8639506790787,69.66797881340608,69.79931545630097,70.2820030990988,70.02033415297046	/Smarch/embtoolkit;68.05662721116096,68.6413915832527,68.46461000898853,68.53111376520246,69.13078921614215,69.48350507207215,70.14353803405538,70.00681993272156,70.39335304731503,70.08192809438333,70.10840843385085,69.87065062113106,69.76546863280237,69.9228124669753,70.5083767650649,70.11125251697376,70.62473658798262,69.96121227415279,70.12887797830626,69.94720619497821,69.69653112487867,69.54867997812107,69.88657856779173,70.09769378602505,70.21070022881031
/Smarch/fiasco;0.04526698216795921,0.03619603393599391,0.03786559496074915,0.03686001943424344,0.03918212093412876,0.03669590223580599,0.039207846857607365,0.04335207911208272,0.0412460551597178,0.04542148998007178,0.04001783113926649,0.03984205797314644,0.03803108585998416,0.043582136277109385,0.03709506103768945,0.04502526205033064,0.040081470273435116,0.04070186521857977,0.038124924059957266,0.04223895724862814,0.03746392810717225,0.03720927378162742,0.042841206304728985,0.038327767979353666,0.04150852281600237	/Smarch/fiasco;0.04126673424616456,0.039690665900707245,0.03756053978577256,0.03707930585369468,0.039818655233830214,0.038907622918486595,0.039678983855992556,0.036258413922041655,0.03816485684365034,0.040487914346158504,0.03729056008160114,0.04008478065952659,0.04268333502113819,0.04075106419622898,0.04155595600605011,0.0392402121797204,0.03981084143742919,0.041697144974023104,0.04148276709020138,0.0387266231700778,0.04138821875676513,0.04093307023867965,0.043068110942840576,0.047639085445553064,0.03868880122900009
/Smarch/fiasco_17_10;0.0316705834120512,0.03119365219026804,0.030375433154404163,0.03285752376541495,0.033889652229845524,0.03131282003596425,0.029917520936578512,0.03168194694444537,0.034046255983412266,0.03152551082894206,0.030053689144551754,0.03238598024472594,0.03458077786490321,0.0309848440811038,0.029506522230803967,0.03133563697338104,0.03225435223430395,0.030932730995118618,0.031816101633012295,0.03139215800911188,0.03207852132618427,0.033584073185920715,0.03106645867228508,0.033082396257668734,0.03340275585651398	/Smarch/fiasco_17_10;0.03516236087307334,0.030508322175592184,0.029815886169672012,0.032501482870429754,0.0331935859285295,0.030237451195716858,0.03348613390699029,0.03242653701454401,0.030891399830579758,0.027374973986297846,0.03051762981340289,0.03378594294190407,0.03040910791605711,0.03108776221051812,0.03369839582592249,0.031596500892192125,0.03042302280664444,0.032611750066280365,0.03133028233423829,0.03128200024366379,0.03360375203192234,0.033264254219830036,0.030708760023117065,0.03433350520208478,0.03294391743838787
/Smarch/integrator_arm9;6.273930876050144,6.280145497992635,6.272358660586178,6.279731905087829,6.250592142343521,6.304767095949501,6.262699317652732,6.290155548136681,6.310523432213813,6.284952274989337,6.267976495902985,6.261166954878718,6.279789085034281,6.28395571699366,6.319090767297894,6.285541231743991,6.341151569969952,6.328264430630952,6.27099206764251,6.28086122777313,6.311405562795699,6.349208551924676,6.294834127649665,6.314757386688143,6.2927279393188655	/Smarch/integrator_arm9;6.337014037184417,6.268623022828251,6.289114325772971,6.280007976572961,6.28742888988927,6.318462857045233,6.3183727147988975,6.3074608338065445,6.278171597979963,6.2830700050108135,6.301727404817939,6.305781436152756,6.2908520782366395,6.274436600040644,6.273111676797271,6.305050870869309,6.286660633981228,6.271659319289029,6.251420974265784,6.261570336762816,6.3106968007050455,6.244716908782721,6.268785162363201,6.29287068778649,6.282285736873746
/Smarch/lrzip;0.013856143224984407,0.010380915831774473,0.010092317126691341,0.011367283761501312,0.010848572012037039,0.011662413366138935,0.011405276134610176,0.01121394895017147,0.01007194584235549,0.009777584578841925,0.012726481072604656,0.01158434059470892,0.011801729910075665,0.010984507389366627,0.010543490760028362,0.011071369051933289,0.01165204681456089,0.011601115576922894,0.011135471053421497,0.011677565053105354,0.010688724927604198,0.01108167227357626,0.011372537817806005,0.010931374970823526,0.011869926936924458	/Smarch/lrzip;0.013830774929374456,0.009689853060990572,0.008992761839181185,0.009597084019333124,0.01018598722293973,0.009307896718382835,0.01034591905772686,0.010086404159665108,0.010293041355907917,0.010358402971178293,0.011692220345139503,0.009140510112047195,0.00982900196686387,0.00813990319147706,0.009892517235130072,0.010988901369273663,0.010299819055944681,0.011567139998078346,0.010264750104397535,0.011361383832991123,0.009862239006906748,0.010607006028294563,0.009272988885641098,0.010559151880443096,0.01128569757565856
/Smarch/m5272c3;18.611267015803605,18.560348242986947,18.58231347007677,18.703294180799276,18.58053930103779,18.56304497178644,18.40469263959676,18.218690199777484,18.084541792981327,18.16378480568528,18.075114636216313,18.23195151379332,18.216084451414645,18.12139928014949,18.096565674990416,18.191517444793135,18.108601531013846,18.082676474004984,18.271137626841664,18.008582079783082,18.066763116046786,18.130021513439715,18.137133076786995,18.032685728743672,18.20571274124086	/Smarch/m5272c3;18.703850333113223,18.60869695432484,18.560688674915582,18.480639474932104,18.213291747961193,18.02493632119149,18.214440115727484,18.057956545613706,18.157599000725895,18.251498049590737,18.239815265871584,17.96680704317987,18.179227754008025,18.161353226285428,18.038305510301143,18.18126290012151,18.09811500273645,18.044198323972523,18.193684215657413,18.120386145077646,18.038056278135628,18.11059624189511,18.10958991199732,18.117647944949567,18.079001686070114
/Smarch/olpce2294;8.467557020951062,8.354473013896495,8.40819113701582,8.385676635429263,8.457213968038559,8.292662966996431,8.422912792302668,8.415536822751164,8.411694266833365,8.378406501375139,8.370693571399897,8.35122574493289,8.3519955589436,8.346255415584892,8.3515405068174,8.35658311424777,8.398461714852601,8.398915852885693,8.409002909902483,8.37147748330608,8.396180506795645,8.41093229688704,8.477075409144163,8.436787663027644,8.410503313876688	/Smarch/olpce2294;8.389208209235221,8.378412863239646,8.37893245415762,8.405873068142682,8.340585011057556,8.319605857133865,8.345618524122983,8.406410911120474,8.387800679076463,8.403445941861719,8.434003182686865,8.418588289059699,8.350397602189332,8.384073451161385,8.381966954097152,8.402591874822974,8.303629579022527,8.35844542318955,8.447498907800764,8.425889553967863,8.386033318005502,8.466374033130705,8.400606682989746,8.429006646387279,8.394588354974985
/Smarch/pati;13.970156070310622,13.937703650910407,14.076481495052576,13.910195797681808,13.979832157958299,13.984494701959193,13.928362687118351,13.915916548110545,14.049693165812641,13.933107512071729,14.007145102135837,13.881158123258501,13.839544650167227,13.858048880007118,13.938767132814974,13.951332879252732,13.860222991090268,13.901355358306319,13.916494362987578,13.973519975785166,14.000212649349123,13.993479956872761,13.966629746835679,13.935540499165654,13.943307203240693	/Smarch/pati;13.9326136787422,13.958147012162954,13.861724093556404,13.965526857879013,13.88754073670134,13.960541859734803,14.021844725124538,14.011553533840925,13.92362188640982,13.928354389965534,13.929161066189408,13.974170959088951,13.846045404206961,13.859445561189204,13.942993322852999,13.939515097998083,13.958174804691225,13.944419472943991,14.016687055118382,13.951484148856252,13.946796464268118,13.939002397004515,13.918412756640464,13.906061090994626,13.93913455400616
/Smarch/phycore229x;13.603476269170642,13.615530112758279,13.630747354123741,13.661426849197596,13.581831676885486,13.653458384331316,13.593917531892657,13.61448837723583,13.7578115016222,13.58689860906452,13.58318931888789,13.607994690071791,13.677073742263019,13.679513079114258,13.646414690651,13.66559637337923,13.589138027280569,13.661221036687493,13.600363051053137,13.646865353919566,13.568874257151037,13.51243065064773,13.552712709177285,13.525938482023776,13.622589053120464	/Smarch/phycore229x;13.564709175843745,13.597664466127753,13.563394439872354,13.67989794490859,13.642542499117553,13.591297911014408,13.531449443660676,13.575842045247555,13.602878474164754,13.590828877873719,13.581304613966495,13.592974039260298,13.58629449410364,13.646383485291153,13.646271856036037,13.631721523124725,13.66609519533813,13.561328660696745,13.615409350022674,13.55478494707495,13.626670510042459,13.63037897599861,13.660131976008415,13.67884624702856,13.642112197820097
/Smarch/ref4955;12.00532093923539,11.942933890968561,11.991960177198052,11.991251108236611,12.046904422342777,12.011705370619893,11.993793268688023,11.905903157312423,12.038907014764845,12.02604257222265,11.95734280301258,11.986763890832663,11.943995183799416,12.027463059872389,12.294056025333703,12.401042018085718,12.358018647879362,12.30588677385822,12.389550611376762,12.364650427829474,12.364867894444615,12.401814286131412,12.416491483803838,12.398161222226918,12.385406182147563	/Smarch/ref4955;11.986975117120892,11.91519086388871,12.056590088177472,11.94232262019068,12.118701016996056,12.038914938922971,11.990215196739882,12.002629012800753,11.992530670948327,12.06724791182205,12.314116147812456,12.372706377878785,12.362354010343552,12.35858408594504,12.365474082995206,12.419857923407108,12.421648165211082,12.37578888097778,12.355062888003886,12.364634416997433,12.37760114390403,12.282412914093584,12.356868141330779,12.362788739148527,12.358628903981298
/Smarch/se77x9;16.90150543488562,17.01540156500414,17.040738724172115,16.910615963861346,16.88383669918403,16.96359322918579,16.8714887551032,16.88540940824896,16.836036673747003,16.842511914204806,16.912939057685435,16.796653088647872,17.037400675937533,17.026050942018628,16.98531697783619,16.880180770065635,16.97997071221471,16.82801133627072,16.79707775078714,16.959438967052847,16.997696257196367,16.95391162810847,16.89851469686255,16.988811639137566,16.89638195093721	/Smarch/se77x9;16.943610419984907,17.00965994084254,16.973791679833084,17.000461728777736,16.950717762112617,16.870199813041836,16.913668973837048,16.96856212290004,16.858514649327844,16.899288520216942,16.886781459208578,17.040141107980162,16.87822133488953,16.999747316818684,16.876588276121765,16.784905284177512,16.945531802717596,16.923445776104927,16.9483121461235,16.88610829412937,16.897389034274966,16.925105966627598,17.24301674263552,16.814769046846777,17.040812597144395
/Smarch/toybox;0.02235594391822815,0.022454026620835066,0.023012273013591766,0.02251261519268155,0.020063384901732206,0.021513781044632196,0.020317899994552135,0.019474603701382875,0.018885019700974226,0.020444524940103292,0.018821890000253916,0.020144741982221603,0.017408261075615883,0.017710058949887753,0.02112349821254611,0.020153468940407038,0.02255463134497404,0.016539603006094694,0.01662469981238246,0.0161170088686049,0.017230783123522997,0.01620153896510601,0.016622624825686216,0.016219608020037413,0.01656047534197569	/Smarch/toybox;0.02060290379449725,0.022186426911503077,0.01840150123462081,0.01864607771858573,0.018499910831451416,0.022324273828417063,0.01924609113484621,0.019097691867500544,0.016052040737122297,0.017892860807478428,0.016944485250860453,0.01887631881982088,0.01691820891574025,0.017245144117623568,0.018679280299693346,0.016768699046224356,0.01896895980462432,0.016717884689569473,0.020833751186728477,0.01676029758527875,0.019233486615121365,0.018431033939123154,0.0172602622769773,0.013639660086482763,0.018871904350817204
/Smarch/toybox_0_7_5;0.01875505829229951,0.02275789901614189,0.02075394382700324,0.018796358723193407,0.019495193380862474,0.02262232219800353,0.020072591956704855,0.0185599229298532,0.02005925914272666,0.022208410315215588,0.0230321129783988,0.022505335975438356,0.019522673916071653,0.022913102991878986,0.02194947237148881,0.022092885803431273,0.021023019216954708,0.02226988272741437,0.021905608009546995,0.022655827924609184,0.022448839154094458,0.022039199247956276,0.019589862320572138,0.019768904894590378,0.021852476987987757	/Smarch/toybox_0_7_5;0.014879978727549314,0.019594134762883186,0.015101235825568438,0.020255987998098135,0.01560869300737977,0.020740102045238018,0.01787940226495266,0.0167073430493474,0.01843507308512926,0.017952715046703815,0.020056326873600483,0.01715813670307398,0.0177969210781157,0.022960355039685965,0.022067989222705364,0.019936691038310528,0.01876368373632431,0.020936249755322933,0.020830247085541487,0.020074439235031605,0.0201392681337893,0.017686934676021338,0.025238060858100653,0.02017873479053378,0.020100445952266455
/Smarch/uClibc-ng_1_0_29;0.03446907876059413,0.03527701599523425,0.038632470183074474,0.036475520115345716,0.03492475114762783,0.03837633691728115,0.03750001871958375,0.034740586299449205,0.03739019203931093,0.036483914125710726,0.03715864894911647,0.03689444996416569,0.03687303513288498,0.03551109321415424,0.03578901290893555,0.03852974344044924,0.03162202425301075,0.03808738896623254,0.03690151544287801,0.03606715891510248,0.03563863877207041,0.0349429938942194,0.035566601902246475,0.038048199843615294,0.04889302887022495	/Smarch/uClibc-ng_1_0_29;0.034956419840455055,0.03692426672205329,0.036696555092930794,0.036263014655560255,0.0371920857578516,0.03734405804425478,0.037186089903116226,0.03748796507716179,0.03516392130404711,0.03579888120293617,0.03640216030180454,0.035119115840643644,0.03706924803555012,0.03534603584557772,0.035738494247198105,0.03574915323406458,0.036747296806424856,0.03659740090370178,0.035544626880437136,0.03637917106971145,0.03637758828699589,0.0351978549733758,0.035237415693700314,0.03404271695762873,0.03534290613606572
/Smarch/uClinux-config;0.5994268120266497,0.6487964331172407,0.6019205832853913,0.6013379921205342,0.615257553756237,0.608103474136442,0.598506165202707,0.6034905300475657,0.615790159907192,0.6125445710495114,0.6166734839789569,0.6071823560632765,0.6017347793094814,0.6185254957526922,0.6168449129909277,0.6092450330033898,0.6059871111065149,0.6065971171483397,0.6025616643019021,0.5981464330106974,0.5974089647643268,0.5971053298562765,0.5961323576048017,0.597981427796185,0.6107987407594919	/Smarch/uClinux-config;0.6686887196265161,0.6038209893740714,0.6165345031768084,0.6115524428896606,0.6136698108166456,0.629178358707577,0.614247587043792,0.5958294551819563,0.6103810272179544,0.6066028447821736,0.6011284780688584,0.6063167178072035,0.6008014287799597,0.6100941989570856,0.6051630727015436,0.6048549213446677,0.6049332786351442,0.6044375598430634,0.5975358951836824,0.6156211323104799,0.6065132161602378,0.6023990027606487,0.5961302598007023,0.6281690550968051,0.592661171220243
/Smarch/uClinux;0.03481046296656132,0.033160997088998556,0.03632005583494902,0.03579391585662961,0.03504822589457035,0.037416961044073105,0.03656769683584571,0.03557153791189194,0.03609927510842681,0.03578958800062537,0.034664520993828773,0.04206192307174206,0.03752835467457771,0.04484076239168644,0.03758779866620898,0.04099466931074858,0.036683626007288694,0.03368962276726961,0.039776783902198076,0.03789390902966261,0.03967567486688495,0.038501478265970945,0.040321548003703356,0.03505611605942249,0.03573818877339363	/Smarch/uClinux;0.038857398089021444,0.03474835213273764,0.037694976199418306,0.039152661338448524,0.037094809114933014,0.03610565885901451,0.04100016597658396,0.03730708872899413,0.035274775233119726,0.0362800182774663,0.03815909381955862,0.03443665476515889,0.03610225906595588,0.03388084005564451,0.035166081972420216,0.03405960509553552,0.036723606288433075,0.033753746189177036,0.03693203115835786,0.03470356669276953,0.03493421711027622,0.033059518318623304,0.036036691162735224,0.033021633978933096,0.03622814267873764
/automotive01/automotive01;0.2151321228593588,0.21031649317592382,0.21495342114940286,0.19564488483592868,0.21535311825573444,0.21471086703240871,0.21411156607791781,0.21689615678042173,0.20051396917551756,0.19610383221879601,0.19881811877712607,0.1980424840003252,0.1986782718449831,0.19632702274248004,0.19470899878069758,0.19776616292074323,0.19414774607867002,0.19946494605392218,0.19286108296364546,0.19860938424244523,0.19295384921133518,0.19659999618306756,0.19766935287043452,0.19847315829247236,0.19473209884017706	/automotive01/automotive01;0.19375982601195574,0.19850099738687277,0.1959228552877903,0.19912424683570862,0.19977213768288493,0.21763671189546585,0.21033518016338348,0.19853627681732178,0.19469598215073347,0.19956536265090108,0.19585067685693502,0.19879030715674162,0.19838073709979653,0.1978199710138142,0.19764573592692614,0.19722044095396996,0.1957091628573835,0.19463476678356528,0.19881633529439569,0.20896213501691818,0.20451822876930237,0.1991205527447164,0.20217157201841474,0.19937744969502091,0.20097909169271588
/automotive02/automotive2_4;136.44407414505258,132.44418713496998,131.71181765990332,132.54517063032836,136.09692180901766,135.95317610679194,136.0929463012144,135.57563371676952,135.53250499721617,135.7864733170718,136.4674472580664,136.5264094369486,136.9329485767521,138.2370652598329,136.1541502783075,134.22677818872035,132.9005412007682,134.62611762806773,135.4207527730614,135.5654244176112,136.1490328987129,135.73832880333066,136.41232379199937,135.7864576820284,135.7698024380952	/automotive02/automotive2_4;134.37601768458262,131.12878520414233,131.90291915880516,133.08227211935446,134.97820771392435,137.6195753728971,135.47518079401925,134.32626311481,134.95212858216837,135.20721953734756,135.23027158388868,135.48514515487477,135.9222328918986,135.50032379291952,134.82840479770675,132.06165390694514,131.4911484150216,135.47655773488805,134.42620182363316,134.68284129770473,134.4268273478374,134.5489342911169,135.16652306821197,134.546799689997,135.5701307337731
/featureide_examples/berkeleydb;0.021592894569039345,0.017073020804673433,0.018480364233255386,0.015348138753324747,0.01673008594661951,0.0161546403542161,0.013203922659158707,0.01623843377456069,0.019364455714821815,0.019939583260565996,0.020117606036365032,0.01853619609028101,0.015435086097568274,0.013600821141153574,0.017503493931144476,0.01675244513899088,0.017405823804438114,0.01784208696335554,0.016657846048474312,0.016808728221803904,0.017664621118456125,0.020213604904711246,0.021250296849757433,0.01843726495280862,0.017971212044358253	/featureide_examples/berkeleydb;0.019551544915884733,0.020363606978207827,0.019551627337932587,0.016908899880945683,0.016942049376666546,0.015973513945937157,0.018498572055250406,0.01479913480579853,0.016606954857707024,0.01751470612362027,0.022064075339585543,0.015802673995494843,0.018559176940470934,0.015913500916212797,0.01852607959881425,0.015131000895053148,0.015345478896051645,0.0169403119944036,0.016666938085108995,0.021970031782984734,0.019930565729737282,0.018191715236753225,0.017679099924862385,0.01642935909330845,0.01779069798067212
/financial_services/financialServices_2018-05-09;0.15980970999225974,0.1651896508410573,0.16145240794867277,0.1638684021309018,0.16149196913465858,0.16282624984160066,0.1565427747555077,0.16508602816611528,0.16070117009803653,0.1670068041421473,0.1665326082147658,0.16693970328196883,0.1640784670598805,0.16598617611452937,0.15672799805179238,0.1562301702797413,0.16135111497715116,0.15102128265425563,0.15560668101534247,0.15074324421584606,0.15713828383013606,0.162556906696409,0.15150683280080557,0.1619054451584816,0.16577516635879874	/financial_services/financialServices_2018-05-09;0.1565915779210627,0.15500899823382497,0.16235694335773587,0.16654706094413996,0.16335341706871986,0.16414413833990693,0.16463367082178593,0.16709499526768923,0.1499388888478279,0.15056851180270314,0.15590474661439657,0.1559692621231079,0.15403709607198834,0.15488963574171066,0.15328176226466894,0.15248429030179977,0.14849740592762828,0.16493745474144816,0.16977806808426976,0.1622035321779549,0.15489591332152486,0.15445002960041165,0.15230183769017458,0.15429301979020238,0.1544770309701562
/confidential/automotive03/03;0.07800123980268836,0.07775067770853639,0.08339633978903294,0.08171553537249565,0.08271939633414149,0.08803110709413886,0.07990594254806638,0.08147748000919819,0.0815465459600091,0.08230889402329922,0.08260759711265564,0.07840547617524862,0.0786558948457241,0.08176482003182173,0.08056114101782441,0.08223925111815333,0.08361054537817836,0.08314578700810671,0.08308202819898725,0.08214878477156162,0.08248016610741615,0.0782211422920227,0.08196073025465012,0.08233634708449244,0.08279732894152403	/confidential/automotive03/03;0.07645953074097633,0.0795855768956244,0.07667478593066335,0.07823106925934553,0.07769663073122501,0.0742768682539463,0.07648950815200806,0.07676299568265676,0.07813336374238133,0.07815726520493627,0.07973412098363042,0.07647046819329262,0.07552448473870754,0.08044214686378837,0.07683507073670626,0.07759836222976446,0.07802656013518572,0.07292871596291661,0.08040873007848859,0.07822073018178344,0.08013999229297042,0.07610584003850818,0.07616208307445049,0.07372021861374378,0.0758622563444078
/confidential/automotive03/automotive03a;0.02479731710627675,0.02356113027781248,0.023664304986596107,0.022057274356484413,0.023703841026872396,0.023165982216596603,0.022408580873161554,0.022405011113733053,0.023276645690202713,0.02421698998659849,0.023200050927698612,0.023060639388859272,0.022489991039037704,0.024245270993560553,0.023380262311547995,0.02248036488890648,0.02246576501056552,0.023856952786445618,0.024261720944195986,0.02328272769227624,0.023981165140867233,0.024656397756189108,0.02238562610000372,0.023739947006106377,0.02370567386969924	/confidential/automotive03/automotive03;0.027474315837025642,0.024892115965485573,0.022977424785494804,0.02347796317189932,0.021462001837790012,0.020708158146589994,0.018444379791617393,0.021288119722157717,0.021584545262157917,0.02448059292510152,0.024153178092092276,0.0227920301258564,0.022081733215600252,0.021667115855962038,0.02367987809702754,0.024524312932044268,0.022876243572682142,0.023626877926290035,0.02230064431205392,0.025030413176864386,0.02440321957692504,0.024937921203672886,0.024860175792127848,0.024723804090172052,0.021505918819457293
/confidential/automotive03/automotive03b;0.059733844827860594,0.06477456307038665,0.06132107274606824,0.05876135779544711,0.05986893689259887,0.06151551706716418,0.06283936323598027,0.058529817033559084,0.06108511099591851,0.05882232775911689,0.05892330501228571,0.0597806959412992,0.05917487479746342,0.06234441930428147,0.0572106777690351,0.06063688173890114,0.05999239394441247,0.057020089123398066,0.05869820527732372,0.06071834173053503,0.06030225707218051,0.06191309727728367,0.05871720518916845,0.06012164102867246,0.06036319397389889	/confidential/automotive03/automotive03b;0.05853540077805519,0.05935866944491863,0.05894258199259639,0.0605617118999362,0.059402074199169874,0.05904308008030057,0.058859765995293856,0.05958132864907384,0.061417533084750175,0.05771010788157582,0.06055076606571674,0.05399472499266267,0.06287356000393629,0.06161895068362355,0.0569777749478817,0.06037552980706096,0.0578737948089838,0.05961584113538265,0.060864366590976715,0.06055221287533641,0.05676473816856742,0.06092950515449047,0.055893699172884226,0.05458901124075055,0.0566315040923655
/confidential/automotive04/04;0.06142754992470145,0.060597607400268316,0.05843124212697148,0.05870871478691697,0.060496061109006405,0.0582011709921062,0.06177467294037342,0.05992737878113985,0.0614907699637115,0.05973183223977685,0.05590281495824456,0.05654772324487567,0.0626716990955174,0.05877903429791331,0.06020474387332797,0.05776658607646823,0.058378116227686405,0.05918329115957022,0.060515074990689754,0.059879348147660494,0.06309640314429998,0.060948056634515524,0.059434765949845314,0.05972485430538654,0.05994535610079765	/confidential/automotive04/04;0.056435491889715195,0.05464619630947709,0.05242928396910429,0.05500087793916464,0.056710461154580116,0.05359851196408272,0.05569123197346926,0.06069096922874451,0.05546630313619971,0.05928901582956314,0.057618643157184124,0.060784738045185804,0.05841658031567931,0.05663613323122263,0.0549682779237628,0.05365892965346575,0.05710411723703146,0.05863288976252079,0.057054159231483936,0.05653832806274295,0.055076702032238245,0.0520778251811862,0.05802512867376208,0.056734804064035416,0.056298318319022655
/confidential/automotive06/automotive06a;0.03152021626010537,0.028687663841992617,0.02724775020033121,0.02926549408584833,0.027628931682556868,0.027410059701651335,0.027229441329836845,0.026136107742786407,0.027765388134866953,0.025983620434999466,0.027524668723344803,0.024837256874889135,0.024561599362641573,0.02391564194113016,0.024222982116043568,0.028097149915993214,0.02565638581290841,0.025288376957178116,0.023544641211628914,0.026502251159399748,0.02798414509743452,0.025573384016752243,0.028825679328292608,0.026362902019172907,0.028983608819544315	/confidential/automotive06/automotive06;0.02702253218740225,0.026716092135757208,0.025593057740479708,0.02649060683324933,0.026762490160763264,0.026505470741540194,0.025465101934969425,0.025621408130973577,0.02641501370817423,0.02656419901177287,0.025251131039112806,0.025624332018196583,0.026009812019765377,0.026806615758687258,0.02562084188684821,0.025679615791887045,0.027942094951868057,0.024289583321660757,0.02408606093376875,0.02651369897648692,0.02533874986693263,0.02690108399838209,0.02618599124252796,0.023058651946485043,0.026278794277459383
/confidential/automotive06/automotive06b;0.05316571518778801,0.05201594065874815,0.05418091779574752,0.05090717086568475,0.05666469922289252,0.054037243127822876,0.05275067500770092,0.05508650094270706,0.051345909014344215,0.05657647270709276,0.05495642498135567,0.051906727720052004,0.05432291096076369,0.0561384754255414,0.051211769226938486,0.05455516092479229,0.05189006496220827,0.054869539104402065,0.05471744807437062,0.05424431199207902,0.05288838688284159,0.05224549723789096,0.05518494360148907,0.0508997100405395,0.0529849911108613	/confidential/automotive06/automotive06b;0.04879376431927085,0.051749737933278084,0.051260961685329676,0.05086282500997186,0.053657989017665386,0.05113861011341214,0.04954932304099202,0.053385383915156126,0.05030154995620251,0.04814696917310357,0.047619753051549196,0.05237296782433987,0.050868647173047066,0.050672875717282295,0.04706450505182147,0.047427293844521046,0.047006295062601566,0.04710164340212941,0.04646805301308632,0.048713960219174623,0.04970213770866394,0.04925732407718897,0.051432745065540075,0.049329609144479036,0.04776951391249895
/confidential/automotive07/automotive07a;0.24291405314579606,0.24691533669829369,0.2455722140148282,0.22776864608749747,0.2246615937910974,0.22624228103086352,0.22530785528942943,0.22195933293551207,0.21833503572270274,0.2281328858807683,0.2289886400103569,0.22029949026182294,0.21953057777136564,0.2243690793402493,0.22511505940929055,0.22445731470361352,0.2206572280265391,0.2225466170348227,0.21975597506389022,0.22349762171506882,0.22459991602227092,0.22127995686605573,0.2230887091718614,0.22363612707704306,0.21999625535681844	/confidential/automotive07/automotive07;0.22514681005850434,0.22255268599838018,0.243032346945256,0.22171860793605447,0.22188098216429353,0.21907245414331555,0.22927835304290056,0.22161067510023713,0.22386280680075288,0.22506332164630294,0.2205562316812575,0.22110789408907294,0.2286393283866346,0.22093778615817428,0.2215548916719854,0.21873381780460477,0.21683254884555936,0.22151007782667875,0.222067060880363,0.22950269235298038,0.2253545611165464,0.2215677397325635,0.22538083931431174,0.2228063172660768,0.224580483045429
/confidential/automotive07/automotive07b;1.46148661384359,1.4281037100590765,1.4175009331665933,1.4183159247040749,1.4403574648313224,1.4267518748529255,1.4252192871645093,1.4541319361887872,1.4318678830750287,1.450090424157679,1.4007167387753725,1.4223059229552746,1.4425534950569272,1.4062984017655253,1.429979802109301,1.4078296017833054,1.458503601141274,1.4398804758675396,1.4061055947095156,1.3959775851108134,1.4091650061309338,1.4322902741841972,1.4305774089880288,1.4389465060085058,1.4222007226198912	/confidential/automotive07/automotive07b;1.426264998037368,1.425819044932723,1.4198704003356397,1.4206210770644248,1.3678007111884654,1.4015072351321578,1.379987707361579,1.3787117120809853,1.3861454068683088,1.39001230802387,1.3775624702684581,1.3694303561933339,1.3724453011527658,1.41513966396451,1.3934021480381489,1.363045530859381,1.399740011896938,1.3680121069774032,1.4174357242882252,1.3939884109422565,1.3786669322289526,1.3677585520781577,1.4099969705566764,1.3877242598682642,1.3556789299473166
