;Ddknnifedsharp-avg;Ddknnifedsharp-med;Ddknnifedsharp-stdev
/CDL/am31_sim;21,9639408468269;22,0553880138323;0,316372575105335
/CDL/ea2468;72,0850089739729;71,9803940358106;0,454456634180545
/CDL/p2106;34,9689158631489;34,9910581610166;0,249983928180032
/KConfig/axTLS;0,03279459470883;0,03281734045595;0,003369999781517
/KConfig/busybox-1.18.0;0,103075729403645;0,102939006173983;0,004227240535765
/KConfig/embtoolkit;0,238459405582398;0,235057285288349;0,010858327180806
KConfig/linux-2.6.33.3.dimacs	;1800;1800;0
/KConfig/uClibc;0,100743933748454;0,09178753127344;0,017882439077937
/KConfig/uClinux-base;0,100152083886787;0,094066766556352;0,015003318882618
/KConfig/uClinux-distribution;0,145369397299364;0,140520369866863;0,010009922016389
Smarch/2.6.28.6-icse11.dimacs	;1800;1800;0
Smarch/2.6.32-2var.dimacs	;1800;1800;0
Smarch/2.6.33.3-2var.dimacs	;1800;1800;0
/Smarch/7z;0,293403101591394;0,033997780177742;1,76104575319933
/Smarch/BerkeleyDBC;0,030712084202096;0,029811989748851;0,008384278893117
/Smarch/Dune;0,035394706726074;0,031797146890312;0,013531390732876
/Smarch/HiPAcc;0,038527512690053;0,035430688178167;0,011240542269234
/Smarch/JHipster;0,036807123022154;0,035095304017886;0,009202980629848
/Smarch/JavaGC;0,038054890753701;0,034526474308222;0,012719757313262
/Smarch/LLVM;0,03311175535433;0,030116722220555;0,013215871039149
/Smarch/Polly;0,035898366812617;0,034066141350195;0,011376343745515
/Smarch/VP9;0,035711858822033;0,0326145098079;0,014601279842198
/Smarch/X264;0,030785479461774;0,026457835454494;0,011146729824208
Smarch/adderII;209,369737347895;208,472768628271;6,39781661942408
Smarch/at91sam7sek;217,083165618069;216,355342956725;3,63956150958665
/Smarch/axTLS;0,11739990782924;0,079826033907011;0,183938719319921
/Smarch/axtls_2_1_4;0,046633599996567;0,039700634544715;0,014563137558256
Smarch/buildroot.dimacs	;1800;1800;0
/Smarch/busybox-1.18.0;0,770422477023676;0,770081209717319;0,016537603635222
/Smarch/busybox_1_28_0;19,1617311353423;19,104856187012;0,162397601875016
Smarch/ecos-icse11;439,197484043473;438,23618696141;3,63177428732717
/Smarch/embtoolkit;92,7376961096749;92,5415212316438;2,53175847962484
/Smarch/fiasco;0,178703477438539;0,179577552247792;0,00898465626112
/Smarch/fiasco_17_10;0,067262368798256;0,067500770092011;0,00457662905818
Smarch/freebsd-icse11;733,384415170271;732,651043411577;9,65673572353967
Smarch/freetz.dimacs	;1800;1800;0
Smarch/integrator_arm9;247,208910131892;242,845597847365;8,90691368429287
/Smarch/lrzip;0,109113630596548;0,039188861614094;0,428169971037181
Smarch/m5272c3;203,098777386164;200,952982503222;7,93406530649283
Smarch/olpce2294;258,70042630964;258,985007860465;9,26283918361079
Smarch/pati;162,739357426399;161,074761037016;12,8775559651265
Smarch/phycore229x;258,78957966283;257,968187517021;11,6100762894112
Smarch/ref4955;152,760717541398;149,620233012829;12,27449650048
Smarch/se77x9;225,875407844186;226,059361928841;7,19215021721578
/Smarch/toybox;0,07648604484275;0,073135538026691;0,024415174950207
/Smarch/toybox_0_7_5;0,052308652466163;0,045513937016949;0,013068899837332
/Smarch/uClibc-ng_1_0_29;0,086111697657034;0,08222559443675;0,015326926805587
/Smarch/uClinux-config;1,94275127821602;1,93819365650415;0,031330925823831
/Smarch/uClinux;0,148627444375307;0,145832898328081;0,012833023545465
/automotive01/automotive01;2,85280291331001;2,8474903635215;0,040183678108442
/automotive02/automotive2_4;8,70070127195679;8,67645911034197;0,197537424318657
/featureide_examples/berkeleydb;0,038371385065839;0,038351594237611;0,00378972699156
/financial_services/financialServices_2018-05-09;1,16247116167098;1,16141040995717;0,019091556520755
/confidential/automotive03/03;0,156006361469626;0,152381032705307;0,014383364729026
/confidential/automotive03/automotive03;0,065485532768071;0,060848001390696;0,016885754466438
/confidential/automotive03/automotive03b;0,487324475804344;0,480422778753564;0,017591543573787
/confidential/automotive04/04;0,095983492350206;0,093172444030643;0,009880030035526
confidential/automotive05/05.dimacs	;1800;1800;0
/confidential/automotive06/automotive06;0,095989571446553;0,096929795574397;0,003665806590392
/confidential/automotive06/automotive06b;0,527830292079598;0,522527774330228;0,019171579130395
/confidential/automotive07/automotive07;0,412088948031887;0,412019209004939;0,012310347987729
/confidential/automotive07/automotive07b;17,0853671847563;17,1644119306002;0,405604294077174
