/CDL/am31_sim;11.351630776654929,11.292004328221083,11.236161364242435,11.262809555977583,11.235573240090162,11.228296935092658,11.252718926873058,11.241330958902836,11.299332784954458,11.25283988704905,11.1662776931189,11.272004056256264,11.237035723403096,11.229398021940142,11.206693020183593,11.193991055712104,11.311716046184301,11.272623866330832,11.233219717629254,11.27048290707171,11.300279811024666,11.355559141840786,11.237818964757025,11.264877825975418,11.264544379431754	/CDL/am31_sim;11.186717549338937,11.161998415831476,11.184657996054739,11.171483926009387,11.158652591984719,11.149314208887517,11.157580378931016,11.153957148082554,11.115766827948391,11.15781936980784,11.105068529956043,11.157517974730581,11.140431863255799,11.18837521225214,11.143205293919891,11.075817802920938,11.132737642154098,11.098174646962434,11.068380872253329,11.116700888611376,11.086664434988052,11.049754606094211,11.104676446411759,11.11661481205374,11.070715217851102
/CDL/ea2468;36.406245911028236,36.39732656721026,36.30345093505457,36.29215138638392,36.26271308539435,36.26326150493696,36.30580140231177,36.41237157629803,36.37209359835833,36.35747322300449,36.42725080391392,36.343932021874934,36.39163059182465,36.293310802895576,36.36926174303517,36.28858770104125,36.26123671606183,36.26464984798804,36.38612719159573,36.2608253499493,36.47795244818553,36.50203214678913,36.355418351944536,36.36618701880798,36.42528093699366	/CDL/ea2468;35.90542551595718,35.92228102358058,35.88203355809674,35.82915966305882,35.906687217298895,35.839482442010194,35.97796588903293,35.792816599830985,35.93638501968235,35.83967102877796,35.97242725081742,36.00790173700079,35.78163792192936,35.97937875986099,35.73894367320463,35.97578318230808,35.79431518306956,35.93546533025801,35.71678966516629,35.933532973285764,35.71974001871422,36.025070797652006,35.84149903990328,36.01363382069394,35.726885008160025
/CDL/p2106;17.48496353207156,17.53644819697365,17.55961376009509,17.484702995978296,17.531798870768398,17.55699081113562,17.511838112026453,17.557532427832484,17.53622705489397,17.54511623084545,17.498823831789196,17.56324538215995,17.586208405904472,17.615193798672408,17.53146962588653,17.507599951233715,17.55217612395063,17.502898254897445,17.57690499117598,17.50753764528781,17.491966879926622,17.572093898896128,17.55976220499724,17.51007175538689,17.487614600919187	/CDL/p2106;17.317642454057932,17.17702878592536,17.29341183695942,17.2345097088255,17.301121450029314,17.20236655184999,17.400556089822203,17.289372409228235,17.28800084721297,17.331868793349713,17.381004902999848,17.267461695708334,17.429669111035764,17.33057231688872,17.266223462298512,17.381695872172713,17.391398625914007,17.24137398507446,17.302243812009692,17.216741534881294,17.34670995408669,17.34064160613343,17.39040648797527,17.206135880202055,17.438632869161665
/KConfig/axTLS;0.018084087874740362,0.015915923286229372,0.016709374729543924,0.015699013136327267,0.016345161944627762,0.016048337798565626,0.011355686001479626,0.012713228818029165,0.014333277940750122,0.017250991892069578,0.011081548407673836,0.013143899850547314,0.014616490807384253,0.014988108072429895,0.013077232986688614,0.015397513750940561,0.014326069969683886,0.013980699237436056,0.014562031719833612,0.014511365909129381,0.014885450713336468,0.013805353082716465,0.015244887676090002,0.013212521094828844,0.014728602953255177	/KConfig/axTLS;0.01681713806465268,0.015958694275468588,0.017524410970509052,0.01634762017056346,0.01118147186934948,0.015363262966275215,0.013394386041909456,0.014097163919359446,0.01507514901459217,0.012715963181108236,0.012826581951230764,0.014397084712982178,0.014347143936902285,0.014086086768656969,0.012476020958274603,0.01289768423885107,0.013966803904622793,0.014968510251492262,0.015868641901761293,0.01408443320542574,0.0156535841524601,0.014513786882162094,0.01366519695147872,0.01437781983986497,0.013251496013253927
/KConfig/busybox-1.18.0;0.052894108928740025,0.050664960872381926,0.05232178885489702,0.05396837601438165,0.05193135980516672,0.05306753562763333,0.05220807017758489,0.055224654264748096,0.05264619272202253,0.05262641329318285,0.05210181185975671,0.051945760846138,0.053536065854132175,0.05694403639063239,0.05278567783534527,0.05612546298652887,0.053828286938369274,0.05331193609163165,0.05259232176467776,0.05173301137983799,0.05447030533105135,0.052252002991735935,0.053222617134451866,0.055642368737608194,0.05635357601568103	/KConfig/busybox-1.18.0;0.054357531014829874,0.05719626881182194,0.05409184983000159,0.052693834993988276,0.053933246061205864,0.05056903697550297,0.055296081118285656,0.05538238398730755,0.05379606271162629,0.05274872574955225,0.05210371408611536,0.05472924467176199,0.05166718456894159,0.05215738620609045,0.05271294107660651,0.05538218095898628,0.05967003293335438,0.05505379103124142,0.05522815976291895,0.052986239083111286,0.05264862300828099,0.05236360523849726,0.05302294436842203,0.054235721938312054,0.0509623559191823
/KConfig/embtoolkit;0.09340354613959789,0.09737186599522829,0.09446412697434425,0.09615059522911906,0.09548225905746222,0.09858949715271592,0.09724843595176935,0.09968888899311423,0.10089375637471676,0.0954035990871489,0.10199234122410417,0.09970376593992114,0.10168256191536784,0.09804034791886806,0.0987882362678647,0.09724852535873652,0.10129590705037117,0.09957169089466333,0.09954841388389468,0.10184526303783059,0.09467802569270134,0.09652912523597479,0.09285786002874374,0.09645268181338906,0.09156912006437778	/KConfig/embtoolkit;0.0958511927165091,0.09678483800962567,0.09762642113491893,0.09534561727195978,0.09765650890767574,0.09862655028700829,0.10111439414322376,0.10492178378626704,0.09763893811032176,0.09502496803179383,0.0971984532661736,0.10064263781532645,0.09780020220205188,0.09836013521999121,0.09730653185397387,0.09879633504897356,0.09715184709057212,0.10130886500701308,0.097236517816782,0.10372833209112287,0.09734991285949945,0.10073009319603443,0.10285506909713149,0.09679822204634547,0.10185932600870728
/KConfig/uClibc;0.049912996124476194,0.0483608553186059,0.04798523709177971,0.05141205620020628,0.047461932990700006,0.04772575385868549,0.04762457590550184,0.04657119093462825,0.04765866184607148,0.046219087205827236,0.04713438497856259,0.046800234355032444,0.047726540360599756,0.04640817362815142,0.0465951613150537,0.046248678117990494,0.047690209932625294,0.04622691962867975,0.04715975094586611,0.04677308909595013,0.048629645723849535,0.04920667875558138,0.05010216124355793,0.04733816673979163,0.04777502594515681	/KConfig/uClibc;0.04922337597236037,0.04656297294422984,0.04806412011384964,0.04589976416900754,0.04836415499448776,0.04930863901972771,0.04668234987184405,0.04696572804823518,0.04904171032831073,0.04457370284944773,0.04890741594135761,0.04575913306325674,0.04695509001612663,0.04619447886943817,0.04720748495310545,0.04737660801038146,0.04796339990571141,0.046074224170297384,0.0474531059153378,0.0471290391869843,0.04883520398288965,0.0454855989664793,0.04962676018476486,0.04534050263464451,0.047927615232765675
/KConfig/uClinux-base;0.04709151200950146,0.046260378789156675,0.04691950371488929,0.04962242487818003,0.04934867285192013,0.04837544495239854,0.048092101234942675,0.050566854886710644,0.05041698692366481,0.04536955896764994,0.047976468689739704,0.049510953947901726,0.04916850104928017,0.04883481189608574,0.04798480123281479,0.04980723327025771,0.052769522182643414,0.04994188016280532,0.046343761030584574,0.04983857087790966,0.048802748788148165,0.04753024224191904,0.0487554962746799,0.05121840722858906,0.050999186001718044	/KConfig/uClinux-base;0.04991043685004115,0.04316997714340687,0.04130495898425579,0.044374519027769566,0.041958681773394346,0.04091279907152057,0.04721638420596719,0.04909480316564441,0.04832325130701065,0.050466063898056746,0.05215423135086894,0.05042471131309867,0.05058653000742197,0.04743191972374916,0.046395696233958006,0.04702471289783716,0.046528016682714224,0.050044077914208174,0.04861124325543642,0.04550009407103062,0.04629280371591449,0.045486040879040956,0.04761357605457306,0.047381806187331676,0.04917957494035363
/KConfig/uClinux-distribution;0.06422355910763144,0.06802078383043408,0.06793624116107821,0.06404684809967875,0.06364797987043858,0.06524978764355183,0.0691262949258089,0.06641631480306387,0.0702193072065711,0.06467038113623857,0.06476443819701672,0.06340241292491555,0.0647086426615715,0.06334906816482544,0.0659034107811749,0.06473896699026227,0.06488407403230667,0.0641680071130395,0.06961286207661033,0.06307063717395067,0.06590695725753903,0.06611505895853043,0.06418759003281593,0.06616544770076871,0.06295761978253722	/KConfig/uClinux-distribution;0.06401842599734664,0.06553672719746828,0.06371490703895688,0.06696802983060479,0.0645384849049151,0.06473623402416706,0.06449917191639543,0.06567512778565288,0.06469672406092286,0.06467599328607321,0.062485397793352604,0.06325295986607671,0.06254465598613024,0.06142890825867653,0.06486882409080863,0.0643862928263843,0.06490455428138375,0.06418156530708075,0.06572937872260809,0.06360114319249988,0.06624874612316489,0.06468465318903327,0.06685820687562227,0.06161690782755613,0.064684784039855
/Smarch/7z;0.016271682921797037,0.010909080039709806,0.01212276192381978,0.011683592107146978,0.012834338005632162,0.012388528790324926,0.0119271338917315,0.011930885724723339,0.011755718849599361,0.012824669945985079,0.0120021877810359,0.01193973608314991,0.013345665764063597,0.011401128023862839,0.011825811117887497,0.013413711916655302,0.012150350026786327,0.011346715036779642,0.011072427034378052,0.012235046830028296,0.01175279077142477,0.013000391889363527,0.012550961691886187,0.012369180098176003,0.013421938754618168	/Smarch/7z;0.014703561086207628,0.011819361709058285,0.01172088086605072,0.012867812998592854,0.01182505302131176,0.013007034081965685,0.013594673946499825,0.011576561257243156,0.012699238955974579,0.01178689394146204,0.01192760793492198,0.012338705360889435,0.011803722940385342,0.013268359005451202,0.01057199900969863,0.012433237861841917,0.012171654962003231,0.012814804445952177,0.013357478193938732,0.011973903980106115,0.01277073286473751,0.011106230318546295,0.012160206213593483,0.012951094657182693,0.011315912939608097
/Smarch/BerkeleyDBC;0.008384194690734148,0.009147070813924074,0.009071048349142075,0.00925378268584609,0.009838609956204891,0.0076675997115671635,0.007868946995586157,0.008486814331263304,0.009669645689427853,0.008126026950776577,0.010741458274424076,0.007665188983082771,0.011719973757863045,0.008553117047995329,0.008210652973502874,0.00894670793786645,0.010747678112238646,0.009929378982633352,0.00824978481978178,0.00876616407185793,0.010883113835006952,0.009502566885203123,0.00793749000877142,0.010984941851347685,0.008782250806689262	/Smarch/BerkeleyDBC;0.009263799991458654,0.007952958811074495,0.007837214041501284,0.008482556790113449,0.011127120815217495,0.011029461864382029,0.010942226275801659,0.009487816132605076,0.007855637930333614,0.008364547975361347,0.009641475975513458,0.009326211176812649,0.01057810615748167,0.009806499350816011,0.009106986224651337,0.010638595093041658,0.009990956634283066,0.0099855437874794,0.010199092794209719,0.008914585690945387,0.008356160018593073,0.008339839056134224,0.010361146181821823,0.010300138965249062,0.010179855860769749
/Smarch/Dune;0.01048176595941186,0.010445468127727509,0.010490643326193094,0.01165013201534748,0.010445306077599525,0.009393064770847559,0.00979672884568572,0.009497675113379955,0.010012089274823666,0.010627508629113436,0.010185457300394773,0.012327320873737335,0.010826694779098034,0.008972470182925463,0.010105425957590342,0.008799905888736248,0.008689398877322674,0.009556844830513,0.00983856525272131,0.010461161844432354,0.010520497802644968,0.00996532291173935,0.010334093123674393,0.00906283501535654,0.011512125842273235	/Smarch/Dune;0.010325734037905931,0.010145136155188084,0.01206064224243164,0.011609330773353577,0.009064903017133474,0.010163628961890936,0.009455004706978798,0.011159692890942097,0.010536320973187685,0.009990356396883726,0.009574702009558678,0.010056820698082447,0.011035590898245573,0.011015509720891714,0.010887736920267344,0.010952258948236704,0.010544439777731895,0.01130678690969944,0.010435591917484999,0.010753157548606396,0.010240452829748392,0.010446174070239067,0.010117867961525917,0.009333553723990917,0.010041194036602974
/Smarch/HiPAcc;0.013562940061092377,0.015345219057053328,0.014145768713206053,0.015103631187230349,0.014598529320210218,0.01289679016917944,0.012964308261871338,0.013549546245485544,0.013812034390866756,0.014198231976479292,0.013247746042907238,0.013205931056290865,0.012586097698658705,0.01580995786935091,0.012943173758685589,0.013259469997137785,0.013820855878293514,0.012515576090663671,0.013229637872427702,0.013882655184715986,0.014308254234492779,0.01447708299383521,0.016420936677604914,0.015694076661020517,0.016343240160495043	/Smarch/HiPAcc;0.014790948946028948,0.01481005409732461,0.015643517952412367,0.01444163965061307,0.012879305984824896,0.01336850319057703,0.015319520141929388,0.014804210979491472,0.012321962974965572,0.013035268988460302,0.014928843826055527,0.013694480992853642,0.0134572209790349,0.012248739134520292,0.013325890991836786,0.014482892118394375,0.0143103813752532,0.013360198121517897,0.012307815719395876,0.01607106439769268,0.014824199955910444,0.016250874381512403,0.013642009813338518,0.01448760787025094,0.015933766029775143
/Smarch/JHipster;0.013502877205610275,0.012772887945175171,0.013077738229185343,0.013567270245403051,0.011831148993223906,0.012780077755451202,0.013831378892064095,0.012969913892447948,0.013892046175897121,0.014398594852536917,0.01225372077897191,0.012818056624382734,0.013808669988065958,0.015558336395770311,0.012862848117947578,0.014471189118921757,0.013349452055990696,0.012013052124530077,0.012272453401237726,0.012638128828257322,0.012524859048426151,0.014073771890252829,0.014450581278651953,0.012351011857390404,0.012400861829519272	/Smarch/JHipster;0.011494378093630075,0.01210851315408945,0.012421747669577599,0.013255313970148563,0.015012927819043398,0.013663399964571,0.015275964047759771,0.014217783231288195,0.015063348691910505,0.011020211968570948,0.012735833879560232,0.012333326041698456,0.011813585180789232,0.012232409324496984,0.012178235687315464,0.01465213531628251,0.014328212011605501,0.013818555977195501,0.013739867135882378,0.012861255090683699,0.013722834177315235,0.014028726145625114,0.011859576217830181,0.012356600258499384,0.012988626025617123
/Smarch/JavaGC;0.011273971758782864,0.01085046585649252,0.011448370292782784,0.010714814998209476,0.010946891270577908,0.010771868750452995,0.010933089070022106,0.010953774210065603,0.013190755154937506,0.011080457828938961,0.009575825184583664,0.01099476171657443,0.011606421787291765,0.011152985040098429,0.010616893880069256,0.01130294380709529,0.010775939095765352,0.011011512950062752,0.013604975771158934,0.012680571060627699,0.011496339924633503,0.010417833924293518,0.010644221678376198,0.011605714913457632,0.01228965213522315	/Smarch/JavaGC;0.010902693960815668,0.01290981937199831,0.012461937963962555,0.01132332906126976,0.010853677056729794,0.01211461191996932,0.010437377262860537,0.011738056316971779,0.010744901839643717,0.011874999850988388,0.01050994312390685,0.010912547819316387,0.011540077161043882,0.012580262031406164,0.0129384552128613,0.011629411950707436,0.010866038035601377,0.011251367162913084,0.010854837950319052,0.011263030115514994,0.011087600141763687,0.011321196798235178,0.011118238791823387,0.01113620400428772,0.011432387866079807
/Smarch/LLVM;0.008119042962789536,0.0073092239908874035,0.008053977973759174,0.008441751822829247,0.010259713977575302,0.009986803866922855,0.009495232719928026,0.009568919893354177,0.008062358945608139,0.007771255914121866,0.009029359091073275,0.008578680455684662,0.007652102038264275,0.00981468427926302,0.00908976886421442,0.009934143163263798,0.009029881097376347,0.010012140031903982,0.009257334750145674,0.009578014723956585,0.010686509311199188,0.009122262243181467,0.008698539808392525,0.00962662510573864,0.008840585127472878	/Smarch/LLVM;0.008547961711883545,0.010215274058282375,0.009667891077697277,0.010039497632533312,0.008411331102252007,0.008154002949595451,0.010223923716694117,0.008927431888878345,0.009656555950641632,0.008244757074862719,0.009134674910455942,0.0084185809828341,0.007688647136092186,0.009889670182019472,0.008634067140519619,0.00796521408483386,0.00856790505349636,0.008200489915907383,0.008673528209328651,0.010141958016902208,0.008513240609318018,0.010314143728464842,0.0075574410147964954,0.007426389027386904,0.010343153961002827
/Smarch/Polly;0.010241324082016945,0.011110530700534582,0.009945833124220371,0.011049319058656693,0.009950054809451103,0.013491915073245764,0.010920440778136253,0.009324280079454184,0.012477412354201078,0.011440081987529993,0.010269800666719675,0.01107901893556118,0.010186399798840284,0.010506547056138515,0.010858327150344849,0.010727044194936752,0.012226794846355915,0.010211129672825336,0.011621118988841772,0.010494206566363573,0.010843589901924133,0.01017906004562974,0.011323165148496628,0.010437108110636473,0.011551984120160341	/Smarch/Polly;0.011139343027025461,0.009277614299207926,0.01071062171831727,0.009522274136543274,0.012129693292081356,0.01298485230654478,0.01203527208417654,0.010999471880495548,0.01087674405425787,0.011461635120213032,0.011448982637375593,0.011772802099585533,0.010710028931498528,0.011633356101810932,0.010343179106712341,0.011621571611613035,0.010380649007856846,0.010729558300226927,0.011034461203962564,0.01267195912078023,0.010445837862789631,0.009890795219689608,0.012714541982859373,0.013344984035938978,0.01114773890003562
/Smarch/VP9;0.010402827989310026,0.011654355097562075,0.010349434800446033,0.011753988917917013,0.01020205020904541,0.012672876939177513,0.010646753013134003,0.011675713118165731,0.009869806934148073,0.01195128122344613,0.010534753557294607,0.011815628036856651,0.010176236275583506,0.011605568695813417,0.01022204291075468,0.01146291522309184,0.012642681133002043,0.012536278925836086,0.013542008120566607,0.010417962912470102,0.01163133792579174,0.011458002030849457,0.011735377367585897,0.011965333949774504,0.011453835759311914	/Smarch/VP9;0.011865757871419191,0.010004269890487194,0.010911184828728437,0.009924969635903835,0.01197143504396081,0.013618615921586752,0.010791347827762365,0.012218501418828964,0.010736180935055017,0.012717690784484148,0.011545398272573948,0.01062669325619936,0.011559606064110994,0.010177424643188715,0.011921535711735487,0.010549072176218033,0.011961526703089476,0.011065077036619186,0.011333390139043331,0.010443275794386864,0.012568413279950619,0.010550414212048054,0.009962084703147411,0.010951843112707138,0.01137322885915637
/Smarch/X264;0.009711516089737415,0.00908514391630888,0.008897739928215742,0.009543898049741983,0.010357975959777832,0.009182919282466173,0.009258079342544079,0.008740609977394342,0.009377948939800262,0.008584486320614815,0.008884402457624674,0.008774279151111841,0.010427105240523815,0.008573247119784355,0.010424550622701645,0.010154722724109888,0.00853700889274478,0.010113377124071121,0.00899718888103962,0.009880808182060719,0.008751912042498589,0.009684308897703886,0.008499382995069027,0.008477005176246166,0.00840936228632927	/Smarch/X264;0.010728717781603336,0.010714791715145111,0.010574572253972292,0.009886346757411957,0.009305245243012905,0.00889813806861639,0.008253724314272404,0.0082935132086277,0.010712533723562956,0.009347903076559305,0.00941570894792676,0.010532626882195473,0.010698107071220875,0.00824627187103033,0.010908249765634537,0.00985398143529892,0.008251599036157131,0.007408733945339918,0.008549300953745842,0.009198199026286602,0.008268219884485006,0.010358200874179602,0.009010278154164553,0.009343423880636692,0.008068758994340897
/Smarch/axTLS;0.03881941502913833,0.03700807085260749,0.03428957611322403,0.03572418121621013,0.038105906918644905,0.03461944404989481,0.03583453735336661,0.0344503540545702,0.036218125838786364,0.03762873588129878,0.034128462895751,0.035885763354599476,0.036583092994987965,0.03490634681656957,0.03676691697910428,0.035810899920761585,0.034380550030618906,0.035127167124301195,0.03516931785270572,0.035293600987643,0.03669756976887584,0.036364811938256025,0.03491983097046614,0.035662407986819744,0.0356373181566596	/Smarch/axTLS;0.03730232734233141,0.03507027728483081,0.03328600386157632,0.03743793768808246,0.03700158605352044,0.03566594375297427,0.03467951761558652,0.035193129908293486,0.035878309048712254,0.03830784512683749,0.03740822384133935,0.0339641529135406,0.036684457678347826,0.035538554191589355,0.034186284057796,0.0360115272924304,0.03396970685571432,0.03494517970830202,0.03614448197185993,0.0351275191642344,0.040213806089013815,0.035313776694238186,0.03523683315142989,0.03778637899085879,0.038604994770139456
/Smarch/axtls_2_1_4;0.02001597499474883,0.01672207610681653,0.01989826513454318,0.02010675659403205,0.018282317090779543,0.020264641847461462,0.019466443918645382,0.018096952699124813,0.020080988761037588,0.018546876031905413,0.017737456131726503,0.020472934935241938,0.02000805689021945,0.022362083196640015,0.018748761154711246,0.01766539691016078,0.01775211887434125,0.015707810875028372,0.01885152980685234,0.01666325982660055,0.018165000714361668,0.015133778098970652,0.018930716905742884,0.01575051201507449,0.017848686315119267	/Smarch/axtls_2_1_4;0.021094466093927622,0.01968437386676669,0.02209092304110527,0.01826285058632493,0.018432604148983955,0.019278994295746088,0.017714097164571285,0.01606104290112853,0.01705736620351672,0.015666041988879442,0.015624243766069412,0.019831722602248192,0.018658334389328957,0.0166418612934649,0.016752940136939287,0.015459698159247637,0.016395228914916515,0.018174967728555202,0.016783479135483503,0.017600241117179394,0.019614396151155233,0.017766987904906273,0.018998206593096256,0.01624631229788065,0.016248096711933613
/Smarch/busybox-1.18.0;0.20147289521992207,0.20636124489828944,0.20717400778084993,0.22047433210536838,0.20644639991223812,0.2077160612680018,0.20831232657656074,0.19931651186197996,0.17450394295156002,0.1745841521769762,0.175916557200253,0.175612173974514,0.19611672591418028,0.1733591561205685,0.17430009879171848,0.17731039179489017,0.19003355596214533,0.20386675000190735,0.1729198070243001,0.17469013715162873,0.1732927169650793,0.17376726679503918,0.17329020099714398,0.17705315677449107,0.17661151196807623	/Smarch/busybox-1.18.0;0.19837454473599792,0.22205133782699704,0.22187758889049292,0.22164338640868664,0.2137053762562573,0.18382027093321085,0.18668134231120348,0.1876433859579265,0.1892217812128365,0.17498015938326716,0.1926744249649346,0.19209265895187855,0.18650472722947598,0.18259333865717053,0.1957625960931182,0.19424682669341564,0.19620657619088888,0.17329420056194067,0.18385487096384168,0.185418251901865,0.18870540475472808,0.18998722778633237,0.1921135918237269,0.20162573317065835,0.1756727248430252
/Smarch/busybox_1_28_0;9.648170997854322,9.584702127147466,9.5448612049222,9.592501987703145,9.577523006591946,9.611970902886242,9.544205842074007,9.60144617781043,9.600998381152749,9.568726459983736,9.547081810422242,9.594285600818694,9.592617636080831,9.61363689089194,9.553009182214737,9.52522057108581,9.55167277622968,9.587593746837229,9.56654739473015,9.580680700019002,9.554256143979728,9.588975145015866,9.651639242656529,9.563054251018912,9.580049455165863	/Smarch/busybox_1_28_0;9.447201438248158,9.43133405270055,9.417584356386214,9.42094799876213,9.49808229599148,9.45063134888187,9.469378816895187,9.411989367101341,9.49627571599558,9.465288024395704,9.512195518705994,9.461833761073649,9.461717884987593,9.472411131951958,9.417566915042698,9.47065035207197,9.449147212784737,9.425073378253728,9.444461680948734,9.444476345088333,9.442168858833611,9.454315464943647,9.431541541125625,9.486023847013712,9.473032667301595
/Smarch/embtoolkit;3.7221495606936514,3.7077715527266264,3.7552746548317373,3.7634103801101446,3.7718921578489244,3.7369216019287705,3.77052586665377,3.730928137898445,3.7564502540044487,3.734315557871014,3.744526643771678,3.7333400156348944,3.7007878702133894,3.75682771531865,3.713226339314133,3.736086550168693,3.7399840061552823,3.7261791066266596,3.7728605163283646,3.7194725470617414,3.7582746921107173,3.7379624699242413,3.7273634900338948,3.738427815027535,3.699340950231999	/Smarch/embtoolkit;3.7489437917247415,3.705495384056121,3.757647030055523,3.7435678211040795,3.738006201107055,3.7574392361566424,3.7156051020137966,3.712120003066957,3.7203396852128208,3.726324043236673,3.7196327769197524,3.730451714247465,3.7602512850426137,3.7270999499596655,3.718472925014794,3.7562403632327914,3.7275894130580127,3.7424145760014653,3.744038271252066,3.7592346351593733,3.7387075261212885,3.7076088679023087,3.774044874124229,3.903090614825487,3.8473771661520004
/Smarch/fiasco;0.06309227179735899,0.07229397725313902,0.06491824891418219,0.062249934766441584,0.06352561386302114,0.06835349509492517,0.061041646637022495,0.06433284794911742,0.06832230463624,0.06942577892914414,0.061783552169799805,0.058212225791066885,0.05933972867205739,0.05824752105399966,0.062148476019501686,0.0605595838278532,0.06377044087275863,0.05845862487331033,0.059715496841818094,0.059021685272455215,0.058869036845862865,0.05864022811874747,0.06298495223745704,0.0722208209335804,0.059446053113788366	/Smarch/fiasco;0.05819235788658261,0.06214500777423382,0.05962801817804575,0.06054329685866833,0.057638952042907476,0.05358433211222291,0.0611437801271677,0.06398278288543224,0.05820539081469178,0.059410812333226204,0.057403766084462404,0.05754766892641783,0.06036432879045606,0.060747049283236265,0.05934231961145997,0.0693789441138506,0.06442308472469449,0.06361625995486975,0.06800438510254025,0.06334980297833681,0.06629756791517138,0.0677227508276701,0.06438189093023539,0.0650643901899457,0.06326767662540078
/Smarch/fiasco_17_10;0.02943860087543726,0.026922253891825676,0.029754234943538904,0.02718596300110221,0.030517919920384884,0.02936606388539076,0.031144512817263603,0.031978453043848276,0.03209390304982662,0.02993722865357995,0.02918025106191635,0.027800820767879486,0.029876357410103083,0.027977299876511097,0.02981851901859045,0.027674609795212746,0.02990072825923562,0.02811680780723691,0.029959313105791807,0.02789956284686923,0.029056907165795565,0.027969553135335445,0.02885216986760497,0.02859362307935953,0.02874440187588334	/Smarch/fiasco_17_10;0.031792000867426395,0.029498760122805834,0.02931058080866933,0.02845688397064805,0.028256363235414028,0.027460546232759953,0.028602484613656998,0.02732266578823328,0.02726940391585231,0.02826748602092266,0.03070041397586465,0.02877809200435877,0.028528709895908833,0.028602381702512503,0.029602200258523226,0.027684004046022892,0.027034270111471415,0.029375193174928427,0.028611775022000074,0.029970120172947645,0.031449008733034134,0.03185821697115898,0.02687021577730775,0.030693976674228907,0.027696323115378618
/Smarch/lrzip;0.010783966165035963,0.010661733336746693,0.011546137742698193,0.010654255747795105,0.011843034997582436,0.009665693156421185,0.010687719099223614,0.010058688931167126,0.009258212987333536,0.008524344302713871,0.008969977963715792,0.010339310392737389,0.00965288421139121,0.008362393360584974,0.008991841692477465,0.010365035850554705,0.009965505916625261,0.008682790212333202,0.011551551055163145,0.01052400516346097,0.00852209236472845,0.009902222082018852,0.009841280989348888,0.009639161173254251,0.011169421020895243	/Smarch/lrzip;0.010880419984459877,0.00798500096425414,0.007868186105042696,0.008838645182549953,0.008042019791901112,0.008833441883325577,0.009230413939803839,0.010790147818624973,0.010854524094611406,0.008073057979345322,0.007940921001136303,0.009672265034168959,0.010817662812769413,0.011378691997379065,0.008655316196382046,0.008305841125547886,0.010781785007566214,0.009289509151130915,0.009023400023579597,0.010592208709567785,0.009238304104655981,0.009392003994435072,0.008677215781062841,0.009630134329199791,0.008611349388957024
/Smarch/toybox;0.0305461548268795,0.03189632808789611,0.029687162954360247,0.030230991076678038,0.029510114807635546,0.02744494518265128,0.028285671956837177,0.029041246976703405,0.02728823898360133,0.03157548187300563,0.027526932768523693,0.026900711003690958,0.02826102403923869,0.027479554060846567,0.029378047212958336,0.03020343417301774,0.028284011874347925,0.02918305993080139,0.028791175223886967,0.029365757945924997,0.02866168413311243,0.02803677972406149,0.0320478118956089,0.02937191305682063,0.02725711138918996	/Smarch/toybox;0.028104295954108238,0.026242294814437628,0.02763219317421317,0.028168649412691593,0.025961781851947308,0.028025949373841286,0.027285908348858356,0.027166196145117283,0.029851434752345085,0.026772453915327787,0.028608547989279032,0.027555381879210472,0.025406019296497107,0.02533929981291294,0.027735802810639143,0.02609345316886902,0.028502128086984158,0.02767983917146921,0.026028459891676903,0.028409746009856462,0.027475048322230577,0.02544241677969694,0.025227555073797703,0.027978020254522562,0.02563768718391657
/Smarch/toybox_0_7_5;0.025057391729205847,0.024580819066613913,0.021757418289780617,0.02060580113902688,0.02123607089743018,0.018673880025744438,0.021138951648026705,0.021310879848897457,0.018521039746701717,0.019160748925060034,0.021005624905228615,0.02046010922640562,0.02026522485539317,0.02151119615882635,0.02041238034144044,0.020965004805475473,0.020125000271946192,0.019695881754159927,0.02075551776215434,0.021106216125190258,0.01965588191524148,0.01853267615661025,0.021256091073155403,0.022211646661162376,0.021188179962337017	/Smarch/toybox_0_7_5;0.018584631383419037,0.019611907191574574,0.01751279504969716,0.02067450201138854,0.019262005109339952,0.023568833246827126,0.021074950229376554,0.017930249217897654,0.02398534771054983,0.02224532887339592,0.01986296707764268,0.020749607123434544,0.021953033283352852,0.017556956969201565,0.02006060816347599,0.023841777816414833,0.021334454882889986,0.021640273742377758,0.022163990885019302,0.02465892629697919,0.021502569783478975,0.02183204796165228,0.018889489583671093,0.020016176626086235,0.02024996094405651
/Smarch/uClibc-ng_1_0_29;0.037883481942117214,0.03892035037279129,0.036917285062372684,0.03827755991369486,0.03762335702776909,0.037848045118153095,0.04172745579853654,0.04020747076719999,0.04061255790293217,0.03884968860074878,0.03575477283447981,0.03753908909857273,0.03780131274834275,0.03621727926656604,0.03849983215332031,0.0371625991538167,0.03544097999110818,0.036714662332087755,0.03760582394897938,0.037376645021140575,0.04034529905766249,0.03704001707956195,0.037375922314822674,0.039261237252503633,0.038481435272842646	/Smarch/uClibc-ng_1_0_29;0.03499489277601242,0.03629996068775654,0.03586886217817664,0.036372859962284565,0.03582674125209451,0.03918975172564387,0.0391691867262125,0.035555959679186344,0.03510786732658744,0.03533567674458027,0.035411891993135214,0.037454198114573956,0.03556430293247104,0.04217747366055846,0.03707072092220187,0.037531310226768255,0.037301011849194765,0.03822846710681915,0.03764629503712058,0.037221109960228205,0.03853723080828786,0.03673849022015929,0.04033190989866853,0.03547438932582736,0.03811827301979065
/Smarch/uClinux-config;0.3400658811442554,0.33870242070406675,0.3192684813402593,0.3073018682189286,0.28072160203009844,0.30140768690034747,0.30396670615300536,0.2820525928400457,0.27878335816785693,0.2770384210161865,0.3096835007891059,0.3323501548729837,0.31682052789255977,0.2922284151427448,0.3042706809937954,0.2910021119751036,0.29402968287467957,0.2931518219411373,0.28713797498494387,0.315010828897357,0.2889972561970353,0.28628804301843047,0.29726006696000695,0.29056926304474473,0.2843009396456182	/Smarch/uClinux-config;0.28954159701243043,0.318193475715816,0.3313734857365489,0.2869285438209772,0.33776693418622017,0.3114868081174791,0.27941047865897417,0.30155999632552266,0.2931061997078359,0.30173319205641747,0.28347311029210687,0.3025044659152627,0.29039692413061857,0.27860347321256995,0.29918662272393703,0.30598567612469196,0.2813820498995483,0.2796032470650971,0.30622638016939163,0.28065897384658456,0.30806994810700417,0.2930361130274832,0.3117359369061887,0.2970247049815953,0.3110382738523185
/Smarch/uClinux;0.06252142507582903,0.06324767135083675,0.0641379146836698,0.06257768580690026,0.0625182930380106,0.06438265880569816,0.061702472157776356,0.06345669599249959,0.06469723023474216,0.0656272922642529,0.07323318487033248,0.06795066408813,0.06253444729372859,0.06297447113320231,0.07006664806976914,0.07123591937124729,0.06931174313649535,0.06611121213063598,0.06718510622158647,0.0682027549482882,0.06512389238923788,0.066265809815377,0.06828435603529215,0.06607531802728772,0.0697255190461874	/Smarch/uClinux;0.06854247394949198,0.059160302858799696,0.059249320067465305,0.05920026497915387,0.05897132633253932,0.059325652197003365,0.0599699099548161,0.06130493804812431,0.062159402295947075,0.06063622189685702,0.06177555490285158,0.06205539498478174,0.05830893665552139,0.06002115784212947,0.059548251796513796,0.06293891416862607,0.06130005419254303,0.0607407852075994,0.06179208494722843,0.061764317099004984,0.060366177931427956,0.05964269768446684,0.058636425994336605,0.06241299491375685,0.05910513224080205
/automotive01/automotive01;0.9586471919901669,0.8888702858239412,0.8867991878651083,0.896511014085263,0.9013470872305334,0.9057066137902439,0.9260579417459667,0.9303012159653008,0.9185025319457054,0.8847761759534478,0.9237126731313765,0.9049480431713164,0.9027661820873618,0.8780029397457838,0.9037130968645215,0.9185580960474908,0.9036395261064172,0.9037561127915978,0.8843722729943693,0.8854676159098744,0.9153589461930096,0.8874842450022697,0.8941890709102154,0.9073479459621012,0.9231013404205441	/automotive01/automotive01;0.897686128038913,0.8886957331560552,0.8929986353032291,0.9040808449499309,0.8780248612165451,0.8785736989229918,0.8772150673903525,0.8743368918076158,0.8889503520913422,0.8780407360754907,0.8791047311387956,0.8897667117416859,0.9049473810009658,0.8723540212959051,0.8869154620915651,0.8815201828256249,0.8789814850315452,0.942306247074157,0.9089439488016069,0.9363355753012002,0.9198830001987517,0.9362567272037268,0.9361300538294017,0.934052602853626,0.9179253098554909
/automotive02/automotive2_4;1.5889475038275123,1.6067577642388642,1.5385501268319786,1.5638308217749,1.5555966231040657,1.5597135140560567,1.599823092110455,1.5951180951669812,1.573133593890816,1.5844293418340385,1.5822702730074525,1.5661628558300436,1.581312505993992,1.5914388881064951,1.578903020825237,1.6135047683492303,1.5566247669048607,1.5979014607146382,1.5677616391330957,1.5760382618755102,1.6403698362410069,1.5822739717550576,1.572308471892029,1.5906518176198006,1.5642906688153744	/automotive02/automotive2_4;1.6060711913742125,1.5719613879919052,1.57838951703161,1.599432623013854,1.597331594210118,1.5799222057685256,1.59585841326043,1.5829448457807302,1.5851922580040991,1.5658635552972555,1.5648499871604145,1.5957530429586768,1.5762482518330216,1.5823632348328829,1.5954442261718214,1.5861528338864446,1.5558013059198856,1.571881014853716,1.5861168317496777,1.5752789839170873,1.603451820090413,1.5997434789314866,1.5796375218778849,1.610022549983114,1.5883282525464892
/featureide_examples/berkeleydb;0.021703410893678665,0.019689852837473154,0.019541900604963303,0.022907316219061613,0.023581102024763823,0.016764660831540823,0.021727676037698984,0.01909646298736334,0.022195790894329548,0.024226144887506962,0.019471582025289536,0.023401186801493168,0.021918469108641148,0.019327650777995586,0.017368747852742672,0.018643900752067566,0.02156900567933917,0.020480330102145672,0.019877899903804064,0.020618373062461615,0.01956798369064927,0.01765090273693204,0.019198841881006956,0.02004108764231205,0.019842449110001326	/featureide_examples/berkeleydb;0.022379585076123476,0.01610096823424101,0.014339485205709934,0.017250090837478638,0.017724009696394205,0.02086674701422453,0.017649174202233553,0.019740804098546505,0.021809668745845556,0.020249036140739918,0.0218727788887918,0.019761423114687204,0.01976386597380042,0.02253343304619193,0.02273409627377987,0.02197884116321802,0.019094077870249748,0.020555386785417795,0.016239766962826252,0.017231055069714785,0.021176527254283428,0.02257248619571328,0.013199551030993462,0.019860057160258293,0.019637300167232752
/financial_services/financialServices_2018-05-09;0.3583921077661216,0.3025864907540381,0.34124769316986203,0.30828785384073853,0.3138085179962218,0.3032243587076664,0.3060520840808749,0.3032353678718209,0.3406068910844624,0.31716967513784766,0.3077885420061648,0.3138523153029382,0.3087337031029165,0.3059935527853668,0.31527890218421817,0.3066458567045629,0.2992462068796158,0.3093081107363105,0.30518379295244813,0.31185833364725113,0.32836905121803284,0.3030593260191381,0.32640107488259673,0.33350327610969543,0.30907848523929715	/financial_services/financialServices_2018-05-09;0.31431105034425855,0.32584347715601325,0.31686748610809445,0.31710309628397226,0.3149613621644676,0.3137422841973603,0.3134556640870869,0.32080287719145417,0.35075853392481804,0.30715362587943673,0.31261722510680556,0.31102182529866695,0.3155742818489671,0.31064338330179453,0.31383580761030316,0.3106208872050047,0.31536099407821894,0.3068433213047683,0.3113826517947018,0.30258575174957514,0.3123876550234854,0.3152084709145129,0.31477112229913473,0.3174039190635085,0.3078633090481162
/confidential/automotive03/03;0.07205598568543792,0.07025620527565479,0.06607872527092695,0.06902539124712348,0.06710607325658202,0.06705318205058575,0.06947526941075921,0.06995841674506664,0.06481194635853171,0.0677747861482203,0.06875938316807151,0.06831720285117626,0.0676031312905252,0.06588231911882758,0.0724950060248375,0.07089395169168711,0.0695565277710557,0.07031745323911309,0.07097636815160513,0.0707255806773901,0.0670704529620707,0.06727617094293237,0.07021175278350711,0.07201442401856184,0.06950873043388128	/confidential/automotive03/03;0.07182917231693864,0.07760368287563324,0.06832582363858819,0.07260189717635512,0.07177444407716393,0.077994120772928,0.07461766712367535,0.06869208673015237,0.07147800223901868,0.07155035808682442,0.07793187582865357,0.07059502834454179,0.0689114173874259,0.07273417711257935,0.07185347191989422,0.07147189509123564,0.07063655508682132,0.07220714585855603,0.06969102891162038,0.07152043702080846,0.07062808470800519,0.07953767711296678,0.06606314098462462,0.06974472012370825,0.07033158000558615
/confidential/automotive03/automotive03a;0.028097741305828094,0.028033209033310413,0.03016815520823002,0.027983950916677713,0.028906228952109814,0.03167269192636013,0.02925756899639964,0.028810434974730015,0.031295498833060265,0.028189891017973423,0.029076014645397663,0.03218702180311084,0.029602038208395243,0.02936934307217598,0.030333554837852716,0.030374704860150814,0.028813250828534365,0.02706965710967779,0.02882125973701477,0.029046482872217894,0.027121654711663723,0.029079904779791832,0.03104132181033492,0.028014220762997866,0.03163648722693324	/confidential/automotive03/automotive03;0.03084124904125929,0.027637450955808163,0.02970838686451316,0.027811993844807148,0.03087957901880145,0.03174094995483756,0.031117616686969995,0.031213504262268543,0.029817300383001566,0.03174599586054683,0.025841431226581335,0.028734855819493532,0.026812375988811255,0.028793553821742535,0.028514744713902473,0.028454996179789305,0.02974190516397357,0.02877398021519184,0.028872650116682053,0.030049097258597612,0.028476000297814608,0.02899682754650712,0.02801732998341322,0.028498880099505186,0.03020665468648076
/confidential/automotive03/automotive03b;0.1488112723454833,0.15871043503284454,0.15970192337408662,0.1552679860033095,0.16052053263410926,0.15359591087326407,0.15490959491580725,0.1560304439626634,0.14766597608104348,0.14986395370215178,0.15601901011541486,0.15527240792289376,0.1590000600554049,0.1466608578339219,0.14938602782785892,0.15932756895199418,0.1600292851217091,0.1491495007649064,0.14901716681197286,0.15819007391110063,0.14947830978780985,0.14949937211349607,0.14998323982581496,0.15747597673907876,0.15022200113162398	/confidential/automotive03/automotive03b;0.1485905940644443,0.1519585563801229,0.14704841189086437,0.1514613307081163,0.14899109583348036,0.15040469216182828,0.14932167995721102,0.1485101622529328,0.15000285813584924,0.14625466195866466,0.1498184991069138,0.14824250200763345,0.14826710941269994,0.16020770324394107,0.1516993730328977,0.14456293219700456,0.14839191222563386,0.14579536812379956,0.16708986088633537,0.1506379717029631,0.15261004865169525,0.1442286749370396,0.1480668969452381,0.1500772307626903,0.1536512402817607
/confidential/automotive04/04;0.04864148795604706,0.04498645989224315,0.047662459779530764,0.04465166898444295,0.046015426982194185,0.046962437219917774,0.04450964508578181,0.04791398113593459,0.0448938119225204,0.045668843667954206,0.04899018304422498,0.044061414897441864,0.04509340785443783,0.04595690220594406,0.04691702593117952,0.046654478181153536,0.045906662940979004,0.04678719490766525,0.04701615823432803,0.048072041012346745,0.0451806066557765,0.049295222386717796,0.043980308808386326,0.050515302922576666,0.04560454608872533	/confidential/automotive04/04;0.050184537190943956,0.046016724314540625,0.04649899573996663,0.04798014089465141,0.04652840690687299,0.046623100992292166,0.04745805403217673,0.04675030102953315,0.046755426563322544,0.04638842027634382,0.04786076117306948,0.046577039174735546,0.04769639018923044,0.047240004409104586,0.04585913475602865,0.04516047611832619,0.04640321433544159,0.047675027046352625,0.04574557580053806,0.04539054865017533,0.0478995768353343,0.045619298703968525,0.046706132125109434,0.044739190954715014,0.04329536994919181
/confidential/automotive06/automotive06a;0.041845169849693775,0.03926087403669953,0.040899200830608606,0.04310892894864082,0.04074031487107277,0.04055934399366379,0.04237750079482794,0.04301367327570915,0.0403449353761971,0.04108884884044528,0.040252938866615295,0.04219315806403756,0.04076983314007521,0.040075913071632385,0.040661423932760954,0.04066315805539489,0.040655383840203285,0.041625065729022026,0.040891837794333696,0.041162388399243355,0.042012497782707214,0.040928547736257315,0.04081997834146023,0.039876741357147694,0.03973332094028592	/confidential/automotive06/automotive06;0.04150436306372285,0.04220450995489955,0.04185506096109748,0.04212575778365135,0.04028905322775245,0.041178724728524685,0.04081946471706033,0.04080866416916251,0.040003955364227295,0.04217950580641627,0.04342523403465748,0.03974440088495612,0.041922062169760466,0.04077041009441018,0.0416649947874248,0.03963810205459595,0.04120229510590434,0.04010031698271632,0.04179748520255089,0.04229587968438864,0.04131593182682991,0.042368324007838964,0.041266344022005796,0.045378205832093954,0.041225753258913755
/confidential/automotive06/automotive06b;0.14543843362480402,0.14342662412673235,0.14283097675070167,0.1519037107937038,0.14042893424630165,0.1414632061496377,0.15237345406785607,0.14083980536088347,0.14438387798145413,0.14426869433373213,0.15864516282454133,0.151745549403131,0.15301542216911912,0.14390174159780145,0.15608121873810887,0.14471815107390285,0.15281133307144046,0.15692568384110928,0.15851903520524502,0.14941829117015004,0.1533932159654796,0.1527251536026597,0.14411111315712333,0.15100102499127388,0.1542370761744678	/confidential/automotive06/automotive06b;0.14153954107314348,0.15861887065693736,0.1417156821116805,0.15123591106384993,0.1455026981420815,0.15493525192141533,0.1463760593906045,0.15226705372333527,0.144193931017071,0.152558125089854,0.14366948325186968,0.1520732450298965,0.15773840295150876,0.1534514967352152,0.14993753097951412,0.14477305114269257,0.1548588890582323,0.1453889748081565,0.14475054293870926,0.1552568101324141,0.15273078717291355,0.14205608097836375,0.14493816904723644,0.15479249972850084,0.15396661404520273
/confidential/automotive07/automotive07a;0.18523733876645565,0.1801428971812129,0.16056196996942163,0.15974375000223517,0.1632867157459259,0.1598128890618682,0.15943341702222824,0.1601013457402587,0.15644680010154843,0.15701048634946346,0.15809272276237607,0.15751959383487701,0.16175650199875236,0.16142771020531654,0.15962404292076826,0.16017451183870435,0.15964327799156308,0.15992970718070865,0.15947616891935468,0.1603219616226852,0.16030200198292732,0.1592477890662849,0.16046428307890892,0.16144064022228122,0.16292323917150497	/confidential/automotive07/automotive07;0.18377499096095562,0.16027114586904645,0.159696564078331,0.15883297380059958,0.16297214478254318,0.15904313325881958,0.1601480501703918,0.16302620712667704,0.16310127917677164,0.16164395213127136,0.15842574229463935,0.16037411568686366,0.16131744300946593,0.17671664571389556,0.1615153020247817,0.1622842727228999,0.1583044151775539,0.16205510683357716,0.1620157929137349,0.16411746386438608,0.15857547614723444,0.15686044795438647,0.16080860188230872,0.15646718395873904,0.16433110693469644
/confidential/automotive07/automotive07b;4.347228148020804,4.299950676970184,4.218213813845068,4.209230034146458,4.215923919342458,4.224824060220271,4.183457517065108,4.150946381036192,4.21945328777656,4.224536160007119,4.161842715926468,4.219275455921888,4.200375484768301,4.22595347603783,4.199310311116278,4.210196284111589,4.19148184498772,4.215799007099122,4.210910391993821,4.207818797789514,4.1934841950424016,4.206063591875136,4.214042320847511,4.226445419713855,4.184694739058614	/confidential/automotive07/automotive07b;4.2327705370262265,4.193802508991212,4.226939251180738,4.176084010861814,4.179612745996565,4.17144716437906,4.187181460671127,4.190542215015739,4.205562338698655,4.1750586037524045,4.173023049719632,4.1848816610872746,4.184819632209837,4.178417625837028,4.179471178911626,4.2010173462331295,4.224553586915135,4.172785984817892,4.198543737176806,4.1889418149366975,4.2232163259759545,4.2024618070572615,4.209918895736337,4.163468768354505,4.079466697294265
