/CDL/am31_sim;49.66470049601048,49.16719511523843,49.46154238283634,49.240816961973906,49.095051545184106,49.214462467003614,49.330434252973646,49.20492606330663,49.43644896103069,49.17525063408539,48.9049031813629,49.03274754807353,48.85760852973908,48.958629574626684,49.251082259230316,48.862031400669366,48.51053315401077,47.7935986937955,47.859548369888216,49.18068574881181,49.2046228130348,49.12306868797168,49.19459028728306,49.24581472016871,47.9411873719655	/CDL/am31_sim;49.13037888519466,49.35446985764429,48.883078360930085,49.087348603177816,48.896559201646596,48.97218328341842,49.04057527985424,49.44071223773062,49.15704814810306,48.8988673677668,49.24185438035056,49.01085652085021,49.04348978912458,48.801206985954195,49.31725930329412,48.630114048719406,47.8468135651201,47.850349530112,48.488112358842045,49.118512155953795,49.24753085710108,49.04217013716698,48.965317035559565,48.49166628392413,47.69234522385523
/CDL/ea2468;41.55248513398692,42.00033700512722,41.927290925290436,41.61902021616697,41.67689815489575,41.933079248294234,41.907770385965705,42.00291940104216,41.87382042687386,41.76540728518739,41.78444836474955,41.96719605010003,41.87590204924345,43.83348074089736,41.89030850259587,41.83117702277377,41.72891806997359,42.00944391079247,41.91071056202054,41.81841013394296,41.68716319696978,41.827638073824346,41.963268287014216,41.94587773969397,41.89634620118886	/CDL/ea2468;41.784783565439284,41.85272839805111,41.64567607501522,41.57055108807981,41.79487354494631,41.80570147978142,41.86624315613881,41.735678414814174,42.903055442962795,41.88270783284679,41.86707362998277,41.980859376024455,41.764885551761836,41.950404193252325,42.24233218887821,41.966403571888804,41.734811696689576,41.89946728479117,41.91966368723661,41.82369942823425,41.92757591791451,41.95176442572847,41.74774203822017,41.94877938181162,41.922552346717566
/CDL/p2106;28.173809674102813,28.181645221076906,28.624389776960015,28.151721813250333,28.143303426913917,28.74928198894486,28.76995040103793,28.994070190005004,29.00721536995843,29.001727573107928,29.072853541001678,28.957429565954953,28.948440129868686,28.815037831198424,28.838799547869712,28.7410595738329,28.824069368187338,28.872628873214126,28.890820416621864,28.997484012972564,28.727198088075966,28.767557210754603,28.89896904770285,28.993517346214503,28.779195031616837	/CDL/p2106;28.311277862172574,28.18847290892154,28.328370278701186,28.29801000887528,28.71839370718226,28.880818956997246,29.021740480326116,29.067391505930573,28.927558260038495,28.943141310941428,28.937457820866257,29.007913816720247,28.84740754403174,28.751153751276433,28.868554681073874,28.992318955250084,29.007502058055252,28.870491039939225,29.050774900242686,28.846396912820637,28.711335324216634,28.903766114264727,28.87725917203352,28.808184096124023,29.1781484647654
/KConfig/axTLS;0.03550293715670705,0.03643754683434963,0.04365518130362034,0.038675802294164896,0.03687551897019148,0.03789884690195322,0.03812628099694848,0.0396063718944788,0.03903243411332369,0.03707441268488765,0.03681824030354619,0.03759307926520705,0.03867966262623668,0.03993745381012559,0.0376289002597332,0.038175675086677074,0.03714170167222619,0.03772234683856368,0.038958022836595774,0.03959403606131673,0.037900140043348074,0.03690551267936826,0.0390093051828444,0.03777769627049565,0.03691284218803048	/KConfig/axTLS;0.042592769023030996,0.03968112729489803,0.03840976161882281,0.03556912811473012,0.03905160119757056,0.038946826942265034,0.03826531022787094,0.035065222065895796,0.03918295260518789,0.03865017369389534,0.03632191102951765,0.038619495928287506,0.037173379212617874,0.0377945969812572,0.03949824906885624,0.03844544477760792,0.03524487325921655,0.04038031306117773,0.03940158290788531,0.034577255602926016,0.03961428487673402,0.03679896704852581,0.03770695719867945,0.0377443628385663,0.03618378797546029
/KConfig/busybox-1.18.0;0.4874957976862788,0.4400188927538693,0.45105965808033943,0.4357752539217472,0.43324462603777647,0.4531178190372884,0.43506815703585744,0.4339693058282137,0.42910378193482757,0.43068807292729616,0.468823395203799,0.4349364317022264,0.43176853796467185,0.43270074715837836,0.4338892730884254,0.4329488566145301,0.4307966250926256,0.43899351730942726,0.4313907129690051,0.43096688902005553,0.439245643094182,0.43527984619140625,0.43265646090731025,0.42853271402418613,0.43254903983324766	/KConfig/busybox-1.18.0;0.4804632468149066,0.439079319126904,0.43984603602439165,0.43768062395974994,0.45582741498947144,0.4407682679593563,0.4352383119985461,0.44155021011829376,0.4420013092458248,0.4526551850140095,0.441931233741343,0.4487632382661104,0.4441422028467059,0.44271307485178113,0.44134632823988795,0.44280043011531234,0.45934651605784893,0.4667289429344237,0.4461358287371695,0.44787968415766954,0.4473915067501366,0.4423010600730777,0.451199471950531,0.44745707884430885,0.44740060716867447
/KConfig/embtoolkit;0.5679314401932061,0.5894675231538713,0.5860777520574629,0.564602626953274,0.5709315519779921,0.5688172448426485,0.5673425369895995,0.559563159942627,0.5664041261188686,0.5665199910290539,0.5669445912353694,0.5640612300485373,0.5631966628134251,0.5881030489690602,0.5647169253788888,0.566380946431309,0.5677960431203246,0.5626080050133169,0.5629698210395873,0.5614824988879263,0.5571335908025503,0.5655193086713552,0.5595246120356023,0.5620312467217445,0.5656971028074622	/KConfig/embtoolkit;0.580308421049267,0.5789857520721853,0.6112947496585548,0.579348640050739,0.5713466568849981,0.5725468560121953,0.5753363203257322,0.5747594297863543,0.5715959328226745,0.5840852907858789,0.5709333582781255,0.5744900768622756,0.5895248139277101,0.5777436560019851,0.5778383938595653,0.566160777118057,0.5702159600332379,0.5677167880348861,0.5690642269328237,0.5713493800722063,0.5701949479989707,0.5729135260917246,0.5696953511796892,0.5729429568164051,0.5686399978585541
/KConfig/uClibc;0.3253365261480212,0.3044972801581025,0.3018808360211551,0.30428394582122564,0.3116594599559903,0.3050768249668181,0.303941345307976,0.30128540424630046,0.30243695713579655,0.30803745007142425,0.3073803251609206,0.3063332107849419,0.3226047563366592,0.3099163160659373,0.32772150821983814,0.3100779433734715,0.3089306619949639,0.30577551620081067,0.3064781269058585,0.3067058492451906,0.3066428182646632,0.30692635709419847,0.3057277100160718,0.3073983220383525,0.3059540558606386	/KConfig/uClibc;0.3018067521043122,0.30093086790293455,0.30369904870167375,0.3032423909753561,0.3053899700753391,0.3040043353103101,0.30951728112995625,0.3065249682404101,0.29773214971646667,0.30652522295713425,0.3037689379416406,0.3034238601103425,0.30631190026178956,0.30333768110722303,0.3200909555889666,0.30961171304807067,0.3231193129904568,0.3040021853521466,0.3083608350716531,0.34510873816907406,0.3050013370811939,0.307848968077451,0.30822142492979765,0.30798491183668375,0.3085731649771333
/KConfig/uClinux-base;0.2593892882578075,0.2582949958741665,0.2570496522821486,0.2516783638857305,0.25039932411164045,0.2523563043214381,0.2572255521081388,0.26148224296048284,0.2581659439019859,0.2596821393817663,0.2600503829307854,0.26057063788175583,0.2584725827910006,0.25771168898791075,0.2598572410643101,0.2593874759040773,0.2616811851039529,0.2590896412730217,0.2604419682174921,0.2576297763735056,0.2562181721441448,0.2545328759588301,0.2538173971697688,0.2568269846960902,0.2614155109040439	/KConfig/uClinux-base;0.2585074338130653,0.2600999507121742,0.2560131619684398,0.2584804892539978,0.27283972688019276,0.2874602787196636,0.25925692170858383,0.2511718082241714,0.25359920505434275,0.2541401768103242,0.25288521219044924,0.2530984580516815,0.2533414689823985,0.25305159389972687,0.25142879597842693,0.251620857976377,0.2531837928108871,0.27033699210733175,0.25283669913187623,0.25782088842242956,0.25454256497323513,0.252758308313787,0.2555457763373852,0.2526867431588471,0.25302878580987453
/KConfig/uClinux-distribution;0.6537644490599632,0.6561969667673111,0.6624728771857917,0.6555367819964886,0.6543822600506246,0.651175182312727,0.6482912418432534,0.7234859210439026,0.6566554289311171,0.6601214385591447,0.6611304800026119,0.6520815812982619,0.6695381449535489,0.6504660346545279,0.651312786154449,0.6536410581320524,0.6521493420004845,0.6542181419208646,0.6630669846199453,0.7025352739728987,0.6693741357885301,0.6616475763730705,0.6616381071507931,0.685503008775413,0.6828490407206118	/KConfig/uClinux-distribution;0.6481032408773899,0.6463490379974246,0.6461923001334071,0.6502810600213706,0.6489522703923285,0.651452274993062,0.6515707322396338,0.6450092112645507,0.6506075290963054,0.6459966949187219,0.6537448279559612,0.642669967841357,0.6505698254331946,0.641896746121347,0.6437553707510233,0.6584202600643039,0.6535790339112282,0.6430996851995587,0.6417461168020964,0.6483105048537254,0.6505823247134686,0.6428172909654677,0.6437677410431206,0.6464323261752725,0.6717183589935303
/Smarch/7z;0.02311296621337533,0.021002529188990593,0.02825755812227726,0.02524922415614128,0.02315532509237528,0.022873729933053255,0.022905122954398394,0.022596944589167833,0.025346851907670498,0.023662833031266928,0.02250271337106824,0.02310469001531601,0.02165357768535614,0.023916817735880613,0.024454534985125065,0.023111334070563316,0.022565101273357868,0.022660283371806145,0.02238050289452076,0.02742283372208476,0.02757323207333684,0.02197875501587987,0.027922804933041334,0.02083809580653906,0.020988705102354288	/Smarch/7z;0.02462766505777836,0.020641726907342672,0.020509988069534302,0.02034107781946659,0.02087036706507206,0.020746159832924604,0.02152897510677576,0.026630116160959005,0.019642957020550966,0.021747165825217962,0.021724015939980745,0.021014756988734007,0.02724057389423251,0.02164726471528411,0.02125082816928625,0.020666720811277628,0.02111747395247221,0.020557775162160397,0.022025354206562042,0.02021036995574832,0.0210048402659595,0.02200118498876691,0.02036588406190276,0.02033433923497796,0.021393125876784325
/Smarch/BerkeleyDBC;0.018526047002524137,0.012551484163850546,0.014545632991939783,0.011173158418387175,0.010616660118103027,0.010670012794435024,0.010828220751136541,0.01033733505755663,0.010896837338805199,0.01127034705132246,0.010729793924838305,0.010960540268570185,0.011268079746514559,0.012624605558812618,0.0181187866255641,0.014026554301381111,0.012236334849148989,0.01163098681718111,0.010353570338338614,0.010778447147458792,0.01124930614605546,0.010481258388608694,0.012979015242308378,0.011216460727155209,0.012208604253828526	/Smarch/BerkeleyDBC;0.01100159902125597,0.011370274238288403,0.009779409039765596,0.010899923741817474,0.009704576805233955,0.011098739225417376,0.009733977727591991,0.010514758992940187,0.009673349093645811,0.011425927747040987,0.010074169375002384,0.011641616001725197,0.010595627129077911,0.010944298934191465,0.010217118076980114,0.011694325134158134,0.012148312758654356,0.011656086891889572,0.012383812107145786,0.0116763929836452,0.012069168966263533,0.013094328809529543,0.01075820904225111,0.011134207714349031,0.009997213259339333
/Smarch/Dune;0.01247364329174161,0.011882863007485867,0.013681369833648205,0.01374231232330203,0.012698286212980747,0.018721328116953373,0.016747314017266035,0.01368772890418768,0.012985854875296354,0.012736591044813395,0.012962707318365574,0.012320701964199543,0.013648970052599907,0.014735791832208633,0.01281700236722827,0.013019876088947058,0.013844422996044159,0.01407316280528903,0.013080812990665436,0.013942111283540726,0.013450517319142818,0.013748032972216606,0.012576533947139978,0.012868524063378572,0.01369036827236414	/Smarch/Dune;0.012118996120989323,0.013133454136550426,0.014311396982520819,0.01781777199357748,0.014407693408429623,0.014261245261877775,0.01185824815183878,0.012710284441709518,0.01468629203736782,0.013713357038795948,0.012056032195687294,0.011838218662887812,0.013631185051053762,0.014260555151849985,0.012396436184644699,0.013245925772935152,0.01347684906795621,0.01453097490593791,0.012878813315182924,0.012550583109259605,0.013516556937247515,0.014181946869939566,0.012800164055079222,0.013257112354040146,0.013388167135417461
/Smarch/HiPAcc;0.027975305914878845,0.02733976859599352,0.02860250696539879,0.02600127086043358,0.02882398059591651,0.031402941793203354,0.02910328796133399,0.02725738985463977,0.030763051938265562,0.029035603161901236,0.026354670990258455,0.030488326214253902,0.03326097410172224,0.03003284614533186,0.031423578038811684,0.026322023011744022,0.026835371740162373,0.03227363619953394,0.029783090110868216,0.03327687410637736,0.03130089398473501,0.030794296879321337,0.030756662599742413,0.03381056524813175,0.030287995003163815	/Smarch/HiPAcc;0.02886197715997696,0.026853849180042744,0.02890793001279235,0.02726409211754799,0.027998809702694416,0.030590109061449766,0.027279242873191833,0.027411005925387144,0.03247629199177027,0.027448037173599005,0.027560237795114517,0.029527542181313038,0.02715197578072548,0.028841061051934958,0.028862777166068554,0.0276187127456069,0.027560688089579344,0.027340085711330175,0.028061434626579285,0.028074222151190042,0.026963772252202034,0.029839221853762865,0.027516833040863276,0.028195559047162533,0.029728936962783337
/Smarch/JHipster;0.026576191186904907,0.02450085198506713,0.02239399217069149,0.02339684311300516,0.02481753472238779,0.02546924212947488,0.02255240175873041,0.023405696731060743,0.02542379917576909,0.024254847317934036,0.02281907480210066,0.02358057117089629,0.025472985114902258,0.02402343088760972,0.022636772599071264,0.023332501761615276,0.025492685846984386,0.025031446013599634,0.022637981921434402,0.023359043058007956,0.025310142897069454,0.024902766104787588,0.02236577495932579,0.023119714111089706,0.02538090804591775	/Smarch/JHipster;0.02346632070839405,0.025309076067060232,0.025298803113400936,0.024677901063114405,0.024996355175971985,0.024955306202173233,0.023596576880663633,0.02386846486479044,0.02613294217735529,0.023706158623099327,0.023619109764695168,0.025110391899943352,0.022061248775571585,0.024336726870387793,0.024705231189727783,0.026046946179121733,0.024463707115501165,0.02354286704212427,0.025039480067789555,0.024295625276863575,0.02363180322572589,0.02313130209222436,0.027424274012446404,0.024301393888890743,0.024057870265096426
/Smarch/JavaGC;0.020437718369066715,0.018873595166951418,0.019846010021865368,0.023897241335362196,0.021114834118634462,0.022708764299750328,0.020079633686691523,0.022121491841971874,0.020034424029290676,0.02060933317989111,0.02134588686749339,0.02105233119800687,0.02133340109139681,0.020629410166293383,0.02110656490549445,0.0211826772429049,0.02057031588628888,0.021645598113536835,0.023659200873225927,0.02011483581736684,0.02160143107175827,0.02343151392415166,0.017559848725795746,0.020527795888483524,0.021488626021891832	/Smarch/JavaGC;0.02123969281092286,0.019544927403330803,0.02029542811214924,0.02102471375837922,0.02009028196334839,0.021155811846256256,0.019543040078133345,0.01855981582775712,0.019386601634323597,0.019743526820093393,0.01980906119570136,0.019845475908368826,0.021567719988524914,0.019682107958942652,0.020563405007123947,0.020954610779881477,0.020308743230998516,0.02075354428961873,0.01944574899971485,0.018448637798428535,0.017985932994633913,0.020023201126605272,0.020793645177036524,0.019821980968117714,0.021418451331555843
/Smarch/LLVM;0.009812770411372185,0.008269206620752811,0.00871124304831028,0.007237307261675596,0.008878602180629969,0.00775110861286521,0.008276279084384441,0.008555942215025425,0.007686919998377562,0.008492076769471169,0.0076988167129457,0.009223384317010641,0.008877913001924753,0.008298174943774939,0.008965806104242802,0.008723501116037369,0.007992608938366175,0.009009541012346745,0.008646407164633274,0.009489661082625389,0.00883987033739686,0.0077726151794195175,0.008183368016034365,0.008481921162456274,0.008243879303336143	/Smarch/LLVM;0.008965101558715105,0.009052321780472994,0.008190613705664873,0.008016958832740784,0.009518894366919994,0.006964747793972492,0.009928949177265167,0.008465500082820654,0.008756360970437527,0.007819443009793758,0.009506022091954947,0.007572547998279333,0.007733470760285854,0.008632540702819824,0.01078764209523797,0.009813474025577307,0.007188917137682438,0.008637838065624237,0.007721938192844391,0.0075351824052631855,0.008680212311446667,0.00798623077571392,0.007554365787655115,0.008533797692507505,0.01021031429991126
/Smarch/Polly;0.022627463098615408,0.02166789025068283,0.021450455766171217,0.020966258365660906,0.020873766858130693,0.020900459960103035,0.02102364506572485,0.02137877605855465,0.018908313009887934,0.02042802795767784,0.01946550002321601,0.018754139076918364,0.0171308359131217,0.019736860878765583,0.020935698878020048,0.01933208992704749,0.019424682948738337,0.018359484151005745,0.017474870197474957,0.021017615217715502,0.020553401205688715,0.02239434700459242,0.019301610998809338,0.020061406772583723,0.018918130081146955	/Smarch/Polly;0.017602963838726282,0.01738599082455039,0.019179399590939283,0.01971439504995942,0.02074807696044445,0.020512945018708706,0.01790775777772069,0.018448991235345602,0.018709753174334764,0.018816323950886726,0.019225045572966337,0.018373212311416864,0.01839469000697136,0.01979271788150072,0.01993983006104827,0.020353499799966812,0.020901203155517578,0.020328369922935963,0.01921611139550805,0.018623214680701494,0.01835806993767619,0.019823795184493065,0.020236415788531303,0.020715098828077316,0.02056216588243842
/Smarch/VP9;0.020153000950813293,0.02254283195361495,0.01989108184352517,0.02198055572807789,0.023352916352450848,0.020749089308083057,0.01911467080935836,0.019935081712901592,0.024457679130136967,0.021079688798636198,0.022931700106710196,0.018087628297507763,0.02019283315166831,0.01964958105236292,0.019717002287507057,0.019963731989264488,0.0197849846445024,0.019221260212361813,0.02561345510184765,0.030486600939184427,0.0188971059396863,0.018009004183113575,0.019799864385277033,0.01969915721565485,0.019851597025990486	/Smarch/VP9;0.021671433933079243,0.021456016693264246,0.02089971723034978,0.021339179947972298,0.020402366295456886,0.02140655880793929,0.021099899895489216,0.021826408803462982,0.020545688923448324,0.0218959110789001,0.02147358190268278,0.020508473739027977,0.020096810068935156,0.0209527718834579,0.020995958242565393,0.021691171918064356,0.020488673355430365,0.021430692169815302,0.02033231407403946,0.021347916685044765,0.02061688294634223,0.021223832853138447,0.02070300979539752,0.021217691246420145,0.021597194019705057
/Smarch/X264;0.010441179852932692,0.00940408417955041,0.016168126836419106,0.01419466594234109,0.01076316088438034,0.010452066082507372,0.010394241195172071,0.011377648916095495,0.010335670784115791,0.01095622405409813,0.010129022877663374,0.01057801628485322,0.010148308239877224,0.01068348390981555,0.009965802077203989,0.012579387985169888,0.014495971146970987,0.009825692046433687,0.011000294238328934,0.014423009939491749,0.010280071757733822,0.011804162990301847,0.014711745083332062,0.010382567998021841,0.014135986100882292	/Smarch/X264;0.012001540046185255,0.012974025215953588,0.010323690716177225,0.011132284998893738,0.009825261775404215,0.01063211401924491,0.010520700830966234,0.011654334142804146,0.00997539795935154,0.010674706660211086,0.010163577739149332,0.01063006604090333,0.009897095616906881,0.01147699961438775,0.00993252033367753,0.011130161583423615,0.009857018943876028,0.011634169146418571,0.010290571954101324,0.011364091653376818,0.009827116038650274,0.010026382748037577,0.009540641214698553,0.011264124885201454,0.00999599788337946
/Smarch/adderII;32.45563854416832,32.10689540440217,32.13486397685483,32.13440426811576,31.67343682004139,31.52856403402984,31.402083184104413,31.4064179379493,31.211638094857335,31.492708527948707,31.537519607692957,31.45588334510103,31.34833323583007,31.518466603010893,31.475788759998977,31.4764175680466,31.59489527111873,31.3015776113607,31.58545062271878,31.43595709791407,31.173518408089876,31.383311545010656,31.585404539015144,31.50655841222033,31.548715027049184	/Smarch/adderII;32.13026616210118,32.080022199079394,32.14658881211653,31.777024340815842,31.52390915993601,31.435240880120546,31.491398255340755,31.303088773041964,31.425676041748375,31.37137942481786,31.374842586927116,31.13517960300669,31.475077622104436,31.47773041203618,31.549763499293476,31.37464232183993,31.236036373768002,31.449668931774795,31.381806747056544,31.182731905020773,31.160989922937006,31.542060459032655,31.4407910220325,31.465909701772034,31.215555735398084
/Smarch/at91sam7sek;38.6231408379972,38.49303561402485,38.76124449307099,38.528033684939146,38.64330790331587,38.55570795200765,38.76605645287782,38.83819138025865,38.61352820228785,38.68043367890641,38.60898925596848,38.51404653163627,38.5208824952133,38.7001789258793,38.62309959810227,39.01867034006864,39.65819348208606,38.78033554460853,38.552947259973735,39.29265969991684,39.85320395696908,39.82534386403859,39.715445802081376,39.771487079095095,39.98560472717509	/Smarch/at91sam7sek;38.54172960808501,38.73681573802605,38.38586907275021,38.61849283520132,38.759016739204526,38.57727055437863,38.62990373419598,38.710323246661574,38.58157256664708,38.57555410033092,38.680001301690936,38.67230358161032,38.573400433175266,38.66775898402557,38.5393174411729,39.546685866080225,38.93075855402276,38.305405049119145,38.787297637201846,42.820667368359864,38.11068746494129,38.08779183216393,38.08991392888129,38.202556260395795,38.57817466603592
/Smarch/axTLS;0.15860455390065908,0.14830508921295404,0.14612634293735027,0.14473769394680858,0.15848963102325797,0.1437819548882544,0.15714707598090172,0.14181861095130444,0.14508548099547625,0.14483870100229979,0.14467477891594172,0.1438515060581267,0.14459411287680268,0.14261434180662036,0.14466934883967042,0.14503439515829086,0.14463676791638136,0.14439675072208047,0.14319950202479959,0.14404433500021696,0.14509276114404202,0.14346180018037558,0.14470175141468644,0.14515235973522067,0.14168495638296008	/Smarch/axTLS;0.13743155635893345,0.13763752533122897,0.13881382392719388,0.13756364723667502,0.13851304166018963,0.137761774007231,0.13766574021428823,0.13968564989045262,0.1384794870391488,0.13748654397204518,0.13754957308992743,0.13794217305257916,0.13896307814866304,0.13765648705884814,0.13881182204931974,0.13861163705587387,0.13827506685629487,0.13789186486974359,0.13769110711291432,0.13810969423502684,0.13930320786312222,0.1389014250598848,0.15631892904639244,0.14079816220328212,0.13749464275315404
/Smarch/axtls_2_1_4;0.05960167292505503,0.06506730383262038,0.06178266508504748,0.06360655976459384,0.06516164308413863,0.07250897912308574,0.06762366695329547,0.06377147417515516,0.0638502100482583,0.06289112474769354,0.06379980500787497,0.06320652924478054,0.0636412501335144,0.06202520802617073,0.06331914197653532,0.06417265301570296,0.06489437585696578,0.06427660910412669,0.06433910876512527,0.06201665196567774,0.061956251971423626,0.062103447038680315,0.06279886979609728,0.06212057080119848,0.06345685617998242	/Smarch/axtls_2_1_4;0.05838359799236059,0.05629276717081666,0.057896464597433805,0.058734708931297064,0.055040469858795404,0.056236522272229195,0.05845172517001629,0.05921402992680669,0.05620325496420264,0.056500351056456566,0.05805306090041995,0.05814119428396225,0.05598569801077247,0.060469301883131266,0.05660733534023166,0.056361920200288296,0.05796723207458854,0.05702705401927233,0.05580243933945894,0.05784968798980117,0.05883433111011982,0.0591083113104105,0.05730088008567691,0.05661722971126437,0.056993312668055296
/Smarch/busybox-1.18.0;1.2950051850639284,1.2525689429603517,1.240989977028221,1.256169315893203,1.2584184049628675,1.259235864970833,1.2345407879911363,1.2659525158815086,1.234061311930418,1.33435617107898,1.2853578310459852,1.233359122183174,1.2298591039143503,1.2219607657752931,1.234111008234322,1.2408392108045518,1.2367455447092652,1.2433865978382528,1.2295136009342968,1.2475921330042183,1.2299771830439568,1.2496862476691604,1.272614847868681,1.2686271471902728,1.25838857376948	/Smarch/busybox-1.18.0;1.2367856139317155,1.272697881795466,1.2351494301110506,1.2441191487014294,1.234891960863024,1.250192599836737,1.2493264800868928,1.2198329819366336,1.190460214857012,1.18263731431216,1.1826684698462486,1.1829743809066713,1.1714870678260922,1.185065558180213,1.1764531559310853,1.1746261841617525,1.1731245080009103,1.1787476725876331,1.1812899610958993,1.1785168037749827,1.1780828791670501,1.1753642531111836,1.1706034019589424,1.1747901318594813,1.1763458019122481
/Smarch/busybox_1_28_0;1.3505285447463393,1.320492034777999,1.3241249062120914,1.3251390657387674,1.3746386831626296,1.3466490739956498,1.324890373274684,1.3162194630131125,1.3411973523907363,1.31182159204036,1.325123948045075,1.3251020950265229,1.3003629706799984,1.324620303697884,1.3168728672899306,1.3059374610893428,1.317831841763109,1.3131271349266171,1.318819752894342,1.317855668719858,1.3152543972246349,1.3555664429441094,1.3089754041284323,1.3292601867578924,1.3180635506287217	/Smarch/busybox_1_28_0;1.2307024337351322,1.231498109176755,1.2220410476438701,1.2258115452714264,1.2356355460360646,1.230403054971248,1.2388608027249575,1.2180462912656367,1.2280758572742343,1.2336067580617964,1.2408472802489996,1.2233635820448399,1.235558481886983,1.2218508757650852,1.2475907136686146,1.261142150964588,1.2766219088807702,1.2263637529686093,1.275641871150583,1.2962250411510468,1.282503715250641,1.2894442519173026,1.3171282177791,1.2991696917451918,1.2948392210528255
/Smarch/ecos-icse11;68.1187402177602,68.18748615682125,68.1472194432281,68.03171848272905,68.13130095321685,67.94024561019614,68.1060713478364,68.05440542288125,68.09389838576317,68.19795592827722,68.35007087280974,68.14538778690621,67.92764738993719,68.12656061397865,72.16031068190932,68.24857342708856,68.33989521116018,68.20273120002821,67.95131831802428,68.2353451680392,68.1698464252986,67.72570238728076,68.1689209509641,67.81695532007143,67.76080431975424	/Smarch/ecos-icse11;68.45809738198295,68.48139962507412,68.521131047979,68.81087523465976,68.54244984919205,68.82565210526809,68.74460757197812,68.33376579219475,68.63910733023658,68.45253635710105,68.42038609087467,72.0651073642075,68.50777552602813,68.62066366896033,68.40455876896158,68.45819995505735,68.60345312906429,68.50204274477437,68.4142522290349,69.11506463075057,68.41757913073525,68.34332545194775,68.42103919340298,68.53588901693001,68.32902530860156
/Smarch/embtoolkit;51.73184872372076,53.94227730296552,53.79171440098435,53.904426550958306,53.64277638774365,53.64806497935206,53.92234494024888,54.18914406374097,54.6238191309385,53.93774035386741,54.73299424815923,53.71156958118081,53.73684730799869,53.65325501188636,53.629250335041434,53.70831702882424,53.921857653185725,54.072185818105936,54.26625354215503,53.80285935616121,54.11248900881037,54.06275831209496,55.18006411893293,54.78079590993002,55.0598753481172	/Smarch/embtoolkit;51.960385576821864,52.87897846614942,53.07079337211326,52.68585097929463,53.58603202877566,54.71952101914212,53.905624443199486,54.8338498622179,53.91914735129103,54.407167764846236,54.11600024299696,54.21384564694017,54.73928580712527,53.846040406264365,52.967810885980725,53.76832413068041,53.93027912825346,54.03886013338342,54.03774209227413,54.16635198099539,54.321570962201804,53.77269247919321,54.14066051598638,54.84080086601898,53.54716014396399
/Smarch/fiasco;0.27183175180107355,0.2671439256519079,0.2558170622214675,0.25037685688585043,0.2492748429067433,0.25197145622223616,0.2523480011150241,0.250361620914191,0.2503960537724197,0.2477041883394122,0.2498143040575087,0.249381507281214,0.24951720423996449,0.25053557101637125,0.27360635390505195,0.2480434188619256,0.24705799901857972,0.2468823529779911,0.25031406711786985,0.25019445875659585,0.2511250111274421,0.24912010179832578,0.24544122721999884,0.24767760606482625,0.2461618222296238	/Smarch/fiasco;0.27589726634323597,0.25450019259005785,0.2581068519502878,0.2564155641011894,0.255969085264951,0.25525298109278083,0.25605194782838225,0.2544085159897804,0.2567944689653814,0.25868951389566064,0.255044749006629,0.25653952499851584,0.2557596042752266,0.2564019178971648,0.27565841982141137,0.255854899995029,0.25369587913155556,0.25452528009191155,0.25388658372685313,0.25554965902119875,0.2542251399718225,0.27178959315642715,0.25899706594645977,0.26011192705482244,0.25599126098677516
/Smarch/fiasco_17_10;0.16001938888803124,0.1600054712034762,0.16257678112015128,0.15971234254539013,0.16121444525197148,0.17810106789693236,0.1663225800730288,0.16398546425625682,0.15826553525403142,0.16131832776591182,0.16112069273367524,0.16532982420176268,0.16032883618026972,0.16203134506940842,0.16142857912927866,0.16269101295620203,0.15988859627395868,0.16045416612178087,0.160366740077734,0.15984743367880583,0.16150227328762412,0.18356711231172085,0.16418489627540112,0.15914955316111445,0.16010374994948506	/Smarch/fiasco_17_10;0.16827181819826365,0.17122135404497385,0.16975635010749102,0.1686075017787516,0.1833227346651256,0.17206725291907787,0.16786463279277086,0.17102330410853028,0.16979418322443962,0.16966946423053741,0.168108815792948,0.16974433790892363,0.1687807748094201,0.16908555338159204,0.16777277318760753,0.16939864214509726,0.17194279888644814,0.16951391892507672,0.17016652319580317,0.16703564394265413,0.16790935769677162,0.16910618683323264,0.1681672348640859,0.168455483391881,0.16919462801888585
/Smarch/integrator_arm9;29.094494953751564,28.477453920058906,28.12240363098681,28.217434799764305,28.169109956827015,28.05154241528362,28.166174239944667,28.16980142192915,28.25812423741445,28.24715957418084,28.244223916903138,28.272875654976815,28.154433673247695,28.15907977381721,28.015375421848148,28.35364796873182,28.184644195716828,28.220879931002855,28.289246580097824,28.173734308220446,28.278595413081348,28.21078369487077,28.12660344876349,28.334944765083492,28.205336262006313	/Smarch/integrator_arm9;28.494324176106602,28.171651254873723,28.117235496640205,28.1107632429339,28.18171121319756,28.10987554723397,28.04506451031193,28.110527127981186,28.10233967192471,28.093321560882032,28.1887708902359,28.08933101175353,28.190998791716993,28.031403172761202,28.163306718226522,28.092562689911574,28.12376188999042,28.146281259134412,28.202323855366558,28.28791127493605,28.213118514977396,28.09509532013908,28.037803990300745,28.19283088296652,28.06590111879632
/Smarch/lrzip;0.01879699993878603,0.012499016709625721,0.013896568212658167,0.010436736978590488,0.010844149626791477,0.012664186302572489,0.012960104737430811,0.015911787748336792,0.01751415804028511,0.013337116688489914,0.011769049800932407,0.01247169403359294,0.010504163336008787,0.01060763094574213,0.015463076066225767,0.011199689004570246,0.011601543053984642,0.013442658819258213,0.01240918505936861,0.011641271878033876,0.013184041250497103,0.010903788264840841,0.011775182094424963,0.012926011811941862,0.014955825638025999	/Smarch/lrzip;0.01795767666772008,0.013066845946013927,0.011483865790069103,0.012795021757483482,0.012020525988191366,0.011172184254974127,0.01293174084275961,0.012125113978981972,0.012170318979769945,0.014261210802942514,0.012733238283544779,0.01112440600991249,0.01258813263848424,0.012106736190617085,0.012093830853700638,0.013557175640016794,0.010781573131680489,0.010711479000747204,0.011896545998752117,0.01131497323513031,0.012913031969219446,0.0123738469555974,0.011115191970020533,0.011940473224967718,0.011443059891462326
/Smarch/m5272c3;68.30673812096938,68.56304715992883,68.24162038508803,68.35675640078261,68.77981687523425,69.12726327683777,69.08273651031777,70.14025957975537,70.09541670512408,69.99513488076627,69.99063557991758,70.17415876733139,69.96515909861773,70.28917680075392,70.19202706916258,70.37992792529985,70.28716503456235,70.6067781848833,70.12166529893875,70.08153290813789,70.02248660475016,70.27012172434479,70.27568816160783,70.20743719674647,70.53998595522717	/Smarch/m5272c3;68.39303436782211,68.35239597782493,68.25903696985915,68.66346470499411,68.69200519705191,68.52939163241535,69.33005533507094,69.6963213160634,69.91013511409983,69.85549304168671,70.13946720398962,69.93334105471149,70.20128796994686,70.17255631415173,70.03518777480349,70.06148052867502,69.9162589320913,70.2468744488433,69.79118439601734,69.91976099414751,69.80441610096022,70.46371832536533,70.4759270530194,70.81424677791074,70.40353445382789
/Smarch/olpce2294;43.98094989685342,43.79780519800261,43.7932183528319,43.86503883590922,43.80722019961104,43.77491566212848,43.74949515098706,44.15650263475254,43.959949624724686,44.064389230217785,43.93228780478239,43.81526136491448,46.13844424858689,42.01019795611501,42.36816763598472,41.91215479699895,41.92935383878648,41.977137215901166,43.338112188037485,43.357458274811506,43.26722812792286,43.22596786823124,43.32630103081465,43.25800577830523,43.38333032419905	/Smarch/olpce2294;43.74091572733596,43.699784556403756,43.73609343590215,43.88226013304666,43.68543464504182,43.68535298714414,43.87233575899154,43.61371281091124,43.65895329415798,43.735986886080354,43.613120291847736,43.862934010103345,43.624884836841375,43.47707247687504,43.62139763776213,43.68532122019678,43.474637009669095,42.85935954609886,42.46308710286394,42.50441584922373,42.439135232940316,42.59970963606611,42.744695619214326,43.06137851532549,43.49301391560584
/Smarch/pati;54.89705693908036,54.8716085460037,55.03862979775295,54.98493241611868,55.05731911305338,55.058029701933265,55.02657512621954,55.05236712330952,54.99250185210258,54.93801859905943,54.94568359898403,54.91900630900636,55.048940032720566,55.334289357066154,55.37355217291042,54.92673672409728,55.32927797595039,55.20716446265578,55.120780488010496,54.79413693305105,54.877098694909364,55.286624962929636,55.31315096979961,55.02841860288754,55.14836444053799	/Smarch/pati;54.786113342735916,54.99018707405776,55.10447039408609,55.046836538705975,55.05577839491889,54.92699956567958,54.90237289108336,55.06521911686286,54.97853731922805,55.164956680033356,55.09952786192298,55.05454672919586,55.39327481202781,55.325463607907295,55.2248421870172,56.923567889258265,55.23931725230068,55.413919668179005,55.3790054442361,54.86665043607354,55.108992209192365,55.187379378359765,55.112877435050905,55.2249821848236,55.16061322996393
/Smarch/phycore229x;69.72029378730804,70.02075141714886,70.29565330874175,69.8718156288378,70.78891832008958,69.88931320793927,69.7656948948279,69.84771465277299,69.85579344583675,69.5604134821333,70.02404741290957,70.21422462258488,70.32798627391458,70.30003630230203,70.37845384934917,69.99803008604795,70.11527244700119,69.7551267943345,70.11100506782532,70.46664448920637,70.28915879596025,70.48589972499758,71.64498464902863,70.38252790272236,70.41938183596358	/Smarch/phycore229x;70.07297748466954,70.23564954428002,70.57265190128237,70.05669318791479,70.02427307609469,69.85399474110454,70.01538536977023,69.58730791509151,70.08520752517506,69.86418632185087,70.25479260226712,70.44089897582307,70.13617631979287,70.37530112685636,70.13859101291746,69.92131061013788,70.07646971568465,69.84335190290585,70.2879386767745,70.32635838491842,70.13585131475702,70.45544369705021,70.4278129870072,70.27732526464388,70.35571641428396
/Smarch/ref4955;50.95747395278886,50.05812544282526,49.31512223323807,49.51286384696141,49.52335719112307,50.44286376610398,50.55920760985464,50.643790600821376,50.70516287116334,50.543876552954316,50.479188080877066,50.70455311797559,50.731813482008874,50.622944086790085,50.647731801029295,50.84526431001723,50.90581944817677,50.97060233494267,50.83435162296519,51.0220367978327,50.768003556877375,50.934227710124105,50.74729314306751,51.05911806691438,50.721400631126016	/Smarch/ref4955;50.88261935673654,49.410346501972526,49.60841994173825,49.4945233031176,50.048618494998664,50.702532697003335,50.81517595704645,50.744083173107356,50.736351125873625,50.81242175819352,50.77993938559666,50.76311759231612,50.82947788480669,50.62096705613658,50.6775371148251,50.77523841476068,50.73322104662657,50.70094318781048,50.82085953000933,50.837279316969216,50.88744582980871,51.59154267422855,50.76304615009576,50.9215217041783,50.47799922619015
/Smarch/se77x9;70.80846650293097,69.67315225396305,70.47284945100546,70.76267267903313,71.03601604187861,70.93824722291902,70.78400214295834,69.78079283935949,68.92144819209352,68.64658992504701,69.44725303212181,70.89346951805055,70.61087564798072,69.66334840608761,68.93381987093017,68.90613893419504,69.0219146721065,69.22153474623337,69.46016482682899,69.11202239291742,70.24543985771015,70.68994076503441,71.369144664146,70.88711241073906,71.21562473475933	/Smarch/se77x9;74.2216966659762,69.35615670774132,70.66328219184652,70.68775174301118,70.94664001697674,67.55378133105114,68.27975805103779,69.67973526287824,69.93622206477448,73.2337056719698,68.97939594183117,68.24776149913669,68.2679166640155,69.64822599012405,70.56954077910632,70.17904770979658,70.29211607342586,70.1395001327619,70.2429534457624,70.56730739586055,70.63698185887188,70.80808254005387,71.08752582129091,71.18171163834631,71.29779445985332
/Smarch/toybox;0.06780342571437359,0.06706989323720336,0.06818893318995833,0.0680363280698657,0.07866505300626159,0.07620974211022258,0.07557636825367808,0.07691966090351343,0.07694016536697745,0.07648680917918682,0.07704411074519157,0.0758315222337842,0.07713296683505177,0.07699418999254704,0.07580662984400988,0.07683154521510005,0.07568531390279531,0.07601905288174748,0.07627402385696769,0.07990210596472025,0.07537335390225053,0.07802509516477585,0.07629469130188227,0.07444430980831385,0.07650285586714745	/Smarch/toybox;0.07958364393562078,0.07596258167177439,0.07896910095587373,0.07697189599275589,0.07428659638389945,0.07592637371271849,0.0765671581029892,0.07686291309073567,0.076174670830369,0.07439723517745733,0.07586540281772614,0.0758348279632628,0.07531745126470923,0.07369774812832475,0.07587942201644182,0.0768861174583435,0.07540326286107302,0.07446969905868173,0.07391486875712872,0.0767808142118156,0.07649349281564355,0.0771306068636477,0.07628418412059546,0.07606946770101786,0.07700434979051352
/Smarch/toybox_0_7_5;0.1042768326587975,0.10377640277147293,0.102210589684546,0.10808707680553198,0.10514061711728573,0.10293051600456238,0.1047554761171341,0.1082862876355648,0.10365728801116347,0.10775784589350224,0.10610867664217949,0.10387848177924752,0.10958884283900261,0.10568313719704747,0.10451539698988199,0.10492446506395936,0.10453453613445163,0.1046920707449317,0.10328613920137286,0.10504529112949967,0.10647613694891334,0.10391995403915644,0.10431720083579421,0.10199334332719445,0.10410272516310215	/Smarch/toybox_0_7_5;0.10752674285322428,0.10329808061942458,0.1044398327358067,0.10450864303857088,0.10285850428044796,0.10164390690624714,0.10194706916809082,0.10290571860969067,0.1040653120726347,0.10409071715548635,0.10319758113473654,0.10331747122108936,0.10555003676563501,0.10268544312566519,0.10702580213546753,0.10319348983466625,0.10461481800302863,0.10538323502987623,0.10428416961804032,0.10365309193730354,0.10878843069076538,0.10561503982171416,0.1038856660015881,0.1039073308929801,0.10454215109348297
/Smarch/uClibc-ng_1_0_29;0.2163617955520749,0.20113013125956059,0.2006614780984819,0.20111075416207314,0.19955941615626216,0.20127478893846273,0.2004976230673492,0.19855118403211236,0.19852408580482006,0.20134045463055372,0.19839591905474663,0.20135857677087188,0.19868991803377867,0.20073915692046285,0.1992416358552873,0.19984715292230248,0.19922555284574628,0.2230933541432023,0.20299543719738722,0.20175375510007143,0.1998778721317649,0.2004828928038478,0.20245725521817803,0.20761638274416327,0.22185845905914903	/Smarch/uClibc-ng_1_0_29;0.22258565621450543,0.2098621129989624,0.20706864399835467,0.2071248940192163,0.20995920524001122,0.20860883686691523,0.20904680714011192,0.2086962996982038,0.2076829350553453,0.20966888777911663,0.2087590009905398,0.2066452670842409,0.20763906138017774,0.21051996992900968,0.20905572408810258,0.2067527137696743,0.2092071110382676,0.20776647794991732,0.224862031172961,0.22744086990132928,0.21085985284298658,0.20756126008927822,0.20989654585719109,0.20922544179484248,0.20927699282765388
/Smarch/uClinux-config;9.926817635074258,10.09824291896075,10.117404388729483,9.942466607317328,9.929448884911835,9.937408757861704,9.960960204713047,9.943034554831684,9.975381226278841,9.962922138161957,9.977499763015658,9.975101834628731,9.910599298309535,9.915879536420107,9.895081837195903,9.922880693804473,9.904515486676246,9.866386081557721,9.840776047669351,9.936601744033396,9.869494875892997,9.918195487000048,9.899092351086438,9.83956259675324,9.934966906905174	/Smarch/uClinux-config;9.896316952072084,9.904529398772866,9.893594614695758,9.932760452851653,9.939221260137856,9.923033146653324,9.937234274111688,9.94919107714668,9.960194352082908,9.942738642916083,9.889547178987414,9.883602550718933,9.943354450166225,9.898789073806256,10.555191502906382,9.82713125506416,9.837340472266078,9.881486013066024,9.878028917126358,9.880120656918734,9.834068206138909,9.895843940321356,9.99126815283671,9.889679445885122,10.008931582793593
/Smarch/uClinux;0.223675187677145,0.2243961486965418,0.22397748986259103,0.22328884806483984,0.2233847281895578,0.23356553725898266,0.22234654007479548,0.22369258478283882,0.24147800775244832,0.2247518110089004,0.22324659582227468,0.2221991098485887,0.2233454859815538,0.23271190002560616,0.22641547722741961,0.22634232509881258,0.22739085368812084,0.22375366976484656,0.22552018472924829,0.22430945606902242,0.22489008959382772,0.24961739080026746,0.23708370700478554,0.22448753099888563,0.22276981128379703	/Smarch/uClinux;0.23944070097059011,0.22418834222480655,0.22998656798154116,0.23751987889409065,0.21868703374639153,0.2212155368179083,0.2191346026957035,0.21837293775752187,0.2215279503725469,0.2404245757497847,0.23733622627332807,0.21542612370103598,0.21260822284966707,0.22025546291843057,0.22779474221169949,0.2229213179089129,0.22574148373678327,0.2257936098612845,0.22602727683261037,0.22625951329246163,0.2247556452639401,0.224846167024225,0.22421870613470674,0.22526925476267934,0.22777538280934095
/automotive01/automotive01;2.548850594088435,2.511749317869544,2.5805787830613554,2.5690712770447135,2.542790158186108,2.577025576028973,2.5671256370842457,2.571952176745981,2.5515742297284305,2.6192223420366645,2.5201145941391587,2.5174463083967566,2.548772918060422,2.5252524819225073,2.5388090987689793,2.5016673537902534,2.5324057708494365,2.5512207448482513,2.5303729455918074,2.5382009181194007,2.5560604808852077,2.562860060017556,2.5589851699769497,2.5351607529446483,2.5542527120560408	/automotive01/automotive01;2.545625851955265,2.5144142038188875,2.530070347711444,2.539129552897066,2.5382914999499917,2.5052243638783693,2.532375134062022,2.5547335580922663,2.5606448580510914,2.5373411048203707,2.531709178816527,2.539893333800137,2.5553985740989447,2.5198825979605317,2.5592847536318004,2.5656824819743633,2.5664430297911167,2.5608722916804254,2.557449185755104,2.5955807617865503,2.541600404307246,2.553100655786693,2.572290721349418,2.5582511979155242,2.5876050260849297
/automotive02/automotive2_4;49.23504614830017,52.419485982041806,52.44556259084493,52.36031302809715,51.81948544830084,52.40708008687943,52.154574054758996,52.19300433760509,52.3569115283899,52.47748184623197,52.518795219715685,52.58862571697682,52.71814466128126,52.71089241700247,54.82388593023643,52.312549866270274,52.369077743031085,52.501191162038594,52.68020904995501,53.02067680284381,52.610462565906346,52.822942504659295,52.52881234092638,52.125233533326536,51.84975113719702	/automotive02/automotive2_4;52.66220582416281,52.710350940935314,52.4027288639918,53.204000858124346,50.803179950919,51.283081450965255,51.39417838305235,52.35848263883963,52.14251125464216,52.181672647129744,52.30022570025176,52.33420547004789,52.46219304110855,54.834236409980804,52.37559834681451,52.15006803208962,52.392602728214115,52.74625855218619,52.79189463192597,52.46528416033834,52.73936614673585,52.30487140780315,51.554229844827205,51.81245337985456,51.76075243903324
/featureide_examples/berkeleydb;0.06002662982791662,0.05875385459512472,0.05808883998543024,0.05630468763411045,0.05262350803241134,0.06176224397495389,0.06033653160557151,0.05682756565511227,0.05896615516394377,0.06086574727669358,0.06083032116293907,0.05885203694924712,0.060495845042169094,0.05911380471661687,0.057806381955742836,0.06048134621232748,0.05746005289256573,0.054800757206976414,0.05716617591679096,0.0566710252314806,0.05661509232595563,0.054791211150586605,0.05624832771718502,0.054614714812487364,0.05790890194475651	/featureide_examples/berkeleydb;0.06070585222914815,0.056920204777270555,0.05738831125199795,0.05606194585561752,0.055608063004910946,0.057645521592348814,0.06230967165902257,0.05377740925177932,0.06024159025400877,0.05522798327729106,0.05568650411441922,0.05742434086278081,0.06305185984820127,0.05925506912171841,0.05512321926653385,0.05697233974933624,0.05752779683098197,0.058444020338356495,0.056411825120449066,0.05686608422547579,0.056500883772969246,0.058568204287439585,0.05606361897662282,0.05408119410276413,0.05233501782640815
/financial_services/financialServices_2018-05-09;1.9145728698931634,1.884164019022137,1.8373358249664307,1.955242252908647,1.913968845270574,1.8928290298208594,1.8537496658973396,1.863746637944132,1.8532285378314555,1.9090244192630053,1.8636046927422285,1.8787631867453456,1.9328210279345512,1.8828150080516934,1.8622749298810959,1.8609704594127834,1.837897882796824,1.8825366371311247,1.8793479497544467,1.925927709788084,1.8581702709197998,1.8784452746622264,1.8545793360099196,1.8740446497686207,1.867401187773794	/financial_services/financialServices_2018-05-09;1.860613055061549,1.8557717790827155,1.8428275077603757,1.862705437000841,1.8455400201492012,1.7958889999426901,1.7875060746446252,1.8052667542360723,1.8783681453205645,1.8556419997476041,1.8700537597760558,1.863727963063866,1.8818114111199975,1.8757577938959002,1.8987698089331388,1.8731094249524176,1.8839729763567448,1.8737683142535388,1.9097858713939786,1.8836625036783516,1.971748435869813,1.903114650864154,1.8785296250134706,1.8826592271216214,1.917793583124876
/confidential/automotive03/03;0.5407621441408992,0.5335793592967093,0.5304031651467085,0.5268074758350849,0.5305351661518216,0.5264751990325749,0.5333565599285066,0.5286400401964784,0.5288244280964136,0.5294805839657784,0.5269163390621543,0.5286236647516489,0.5360536873340607,0.5301222898997366,0.5265880296938121,0.5291013862006366,0.5296852518804371,0.5276676770299673,0.5277078710496426,0.5281749973073602,0.5255714859813452,0.5295502590015531,0.5467052361927927,0.5294204941019416,0.5280477572232485	/confidential/automotive03/03;0.5312840039841831,0.5298609877936542,0.5387389650568366,0.5314103970304132,0.5287388158030808,0.5332182589918375,0.5327250580303371,0.5295409550890326,0.53108897106722,0.5301323761232197,0.5313730728812516,0.5296366480179131,0.5317601668648422,0.5279747839085758,0.5327722169458866,0.5337312300689518,0.5283334190025926,0.535403598099947,0.5658082449808717,0.5455419342033565,0.5404269397258759,0.5460146111436188,0.5580405867658556,0.5643909387290478,0.5615428518503904
/confidential/automotive03/automotive03a;0.09159316075965762,0.09164320677518845,0.0900221336632967,0.09176291897892952,0.08987297397106886,0.09130424680188298,0.08983959024772048,0.09136480512097478,0.08990562800318003,0.0907810889184475,0.09094605362042785,0.09142709709703922,0.09138309583067894,0.0897497939877212,0.08914575399830937,0.09051347803324461,0.1003330391831696,0.09681625524535775,0.09712173603475094,0.09677323279902339,0.09942981693893671,0.0964109180495143,0.09728642785921693,0.10002144007012248,0.09722686978057027	/confidential/automotive03/automotive03;0.09852764615789056,0.09423357620835304,0.09446774004027247,0.10015772469341755,0.09755776822566986,0.09740693215280771,0.0963582070544362,0.09797218488529325,0.09766114596277475,0.09889686712995172,0.09619422815740108,0.09718282707035542,0.09406247828155756,0.0977662019431591,0.0972149376757443,0.09751437976956367,0.09699699794873595,0.09712953912094235,0.09753890987485647,0.09674114920198917,0.09700212301686406,0.09763178089633584,0.09666815400123596,0.10133005911484361,0.09821127401664853
/confidential/automotive03/automotive03b;0.39686512388288975,0.4007550338283181,0.39866383327171206,0.39823666121810675,0.39813254587352276,0.3968776757828891,0.39724135398864746,0.3975878809578717,0.3969434890896082,0.39469635067507625,0.39873884804546833,0.39576825499534607,0.39925940008834004,0.3976748608984053,0.3971762889996171,0.3944816249422729,0.4016342549584806,0.39645436173304915,0.39680487802252173,0.39792267326265574,0.39773464715108275,0.3980585699900985,0.39834178099408746,0.39775612112134695,0.39811467472463846	/confidential/automotive03/automotive03b;0.4250719929113984,0.4082036050967872,0.4070163578726351,0.40729387709870934,0.40761245880275965,0.4095954056829214,0.40576606430113316,0.4094002787023783,0.4210104248486459,0.4031609809026122,0.40007197204977274,0.40183349372819066,0.4003646019846201,0.40195762272924185,0.3999420856125653,0.4013544777408242,0.4012224720790982,0.3995527853257954,0.38922078907489777,0.39071964798495173,0.3917367630638182,0.3914159191772342,0.3898843782953918,0.3911128891631961,0.3926535830833018
/confidential/automotive04/04;0.3643000591546297,0.36633228696882725,0.3667164812795818,0.36397207574918866,0.36577600287273526,0.361944283824414,0.36414063395932317,0.36240205401554704,0.3646737430244684,0.36371876299381256,0.36669346364215016,0.36352125694975257,0.36426940420642495,0.3640465382486582,0.3650315459817648,0.36467880196869373,0.36434075608849525,0.3631554371677339,0.36479923175647855,0.364820693153888,0.36854804726317525,0.36092162085697055,0.361143680755049,0.3638478219509125,0.36374207865446806	/confidential/automotive04/04;0.3578701759688556,0.3578310492448509,0.3583278637379408,0.3578455946408212,0.38656512880697846,0.3648233814164996,0.36807050509378314,0.3643447747454047,0.3652487709186971,0.3966423738747835,0.36522982316091657,0.36962369782850146,0.3680555419996381,0.3617982189171016,0.35651993891224265,0.3591876677237451,0.36227725679054856,0.3663013600744307,0.37081553786993027,0.36813231324777007,0.3848318699747324,0.37185657769441605,0.36431640572845936,0.36407167185097933,0.38171389093622565
/confidential/automotive06/automotive06a;0.11475930968299508,0.11714837094768882,0.1184056787751615,0.12605622503906488,0.11845009634271264,0.12375244870781898,0.11844990076497197,0.1217948216944933,0.12254668585956097,0.11925909528508782,0.12014750530943274,0.12311194417998195,0.11988927982747555,0.12146922294050455,0.12110779667273164,0.13064942182973027,0.12739704502746463,0.1267321757040918,0.12718493631109595,0.14171993918716908,0.14445516094565392,0.1403886848129332,0.1389446398243308,0.13683061813935637,0.13792275916785002	/confidential/automotive06/automotive06;0.1174850300885737,0.11932491092011333,0.11719362065196037,0.11861649388447404,0.13075898168608546,0.12998431036248803,0.12812442891299725,0.12704785214737058,0.1283771861344576,0.12769909529015422,0.12627622298896313,0.12934911996126175,0.12916966760531068,0.1280857753008604,0.1281372862868011,0.12997000571340322,0.12780917715281248,0.12732996977865696,0.128985530231148,0.12691257474943995,0.12840068992227316,0.1284642401151359,0.12829481391236186,0.1284427852369845,0.12836547382175922
/confidential/automotive06/automotive06b;0.3707802570424974,0.3411311190575361,0.33398124389350414,0.3252425016835332,0.32479581190273166,0.32551266765221953,0.32473528385162354,0.3242201120592654,0.3236604640260339,0.3452962660230696,0.32724886294454336,0.3550895322114229,0.3261984740383923,0.32529756613075733,0.3284241990186274,0.32747637620195746,0.3273783097974956,0.32971955416724086,0.32318935403600335,0.32645691791549325,0.32737162290140986,0.32799747912213206,0.32812925381585956,0.32792976778000593,0.32139444071799517	/confidential/automotive06/automotive06b;0.4027059911750257,0.33635482704266906,0.3346545407548547,0.3240340012125671,0.3105584871955216,0.31040683714672923,0.3105474328622222,0.3146327808499336,0.3179906830191612,0.31015564501285553,0.3117994009517133,0.3127013058401644,0.3179553057998419,0.32036650413647294,0.31913885613903403,0.3532701884396374,0.31842947378754616,0.3205947312526405,0.3204321567900479,0.3386668311432004,0.33871534606441855,0.3181825918145478,0.319486069958657,0.32416264805942774,0.3219402669928968
/confidential/automotive07/automotive07a;1.2849102839827538,1.2846665307879448,1.2963353907689452,1.2746057896874845,1.2543241260573268,1.3007477559149265,1.3007753109559417,1.2851613136008382,1.2616697829216719,1.2799387308768928,1.3138695037923753,1.3335818648338318,1.2929089441895485,1.3208283828571439,1.307757169008255,1.2874463801272213,1.3069858308881521,1.2602517763152719,1.2963317781686783,1.2589921238832176,1.2684592618606985,1.2488727578893304,1.2501338003203273,1.2575797750614583,1.2162041333504021	/confidential/automotive07/automotive07;1.2972018718719482,1.2643934930674732,1.2481870632618666,1.2410606970079243,1.265024483203888,1.2680939808487892,1.2278825799003243,1.2379000317305326,1.270054989028722,1.2464634431526065,1.2612577667459846,1.2200465672649443,1.2356966361403465,1.267534655984491,1.2413366879336536,1.244338751770556,1.2790912250056863,1.243527369108051,1.2610537242144346,1.282641259022057,1.2989248991943896,1.2386621190235019,1.2522722501307726,1.2881452008150518,1.3053332190029323
/confidential/automotive07/automotive07b;16.70440730219707,16.73870057007298,16.710875020828098,16.82991191186011,16.62079972634092,16.94607596565038,16.116530043073,16.07340642530471,16.056522944010794,16.12494802614674,16.035981776192784,16.664580256212503,16.58269926486537,16.625485570169985,16.640188767109066,16.624443702865392,16.579965827055275,16.55941171804443,16.546986058354378,16.721927866805345,16.66492611914873,16.74754060897976,16.66609327076003,16.745313334744424,16.675502790603787	/confidential/automotive07/automotive07b;16.513322554994375,16.443704409059137,16.69492356106639,16.6853614798747,16.578932103235275,16.63843669788912,16.6125904568471,16.597579336259514,16.54279623599723,17.01344811078161,16.181087637785822,16.66409941855818,16.723366677295417,16.715738620143384,16.709344159346074,17.17583526019007,16.035311916377395,16.115994489751756,16.59627572633326,16.68651988590136,16.62518492899835,16.688198324292898,16.643791225738823,16.48342809593305,16.231953592970967
