Index,Model,Features,dsharp-avg,dsharp-med,dsharp-stdev,c2d-avg,c2d-med,c2d-stdev,,,,,,,
1,Smarch/LLVM.dimacs,11,8.58586,8.33333,0.79855,,,,,Average over all…,,,,,
2,Smarch/X264.dimacs,16,7.30932,6.77966,2.72763,9.01442,5.76923,5.38456,,dsharp-avg,dsharp-med,dsharp-stdev,c2d-avg,c2d-med,c2d-stdev
3,Smarch/Dune.dimacs,17,9.64221,7.21649,7.71428,13.39476,10.84337,8.37667,,4.41855927272727,2.26995745454545,4.66262472727273,10.1596838461538,6.50325403846154,10.1468101923077
4,Smarch/BerkeleyDBC.dimacs,18,8.49206,5.71429,5.07254,11.11111,9.09091,6.8135,,,,,,,
5,Smarch/lrzip.dimacs,20,11.97368,5.26316,10.12303,14.16667,8.33333,11.81454,,Median over all…,,,,,
6,Smarch/HiPAcc.dimacs,31,10.93112,10.48035,7.62468,11.49287,11.16279,7.54078,,dsharp-avg,dsharp-med,dsharp-stdev,c2d-avg,c2d-med,c2d-stdev
7,Smarch/JavaGC.dimacs,39,4.6692,4.32099,2.8675,7.43066,7.48299,4.14047,,4.4409,1.71986,3.97327,7.9799,3.73801,5.42172
8,Smarch/Polly.dimacs,40,4.10494,2.46914,2.28708,7.2028,6.29371,3.22816,,,,,,,
9,Smarch/VP9.dimacs,42,3.8398,3.17919,1.92467,6.83364,7.14286,2.97313,,Standard devitaion over all…,,,,,
10,Smarch/7z.dimacs,44,7.31426,6.59898,5.29889,11.55303,12.5,6.4684,,dsharp-avg,dsharp-med,dsharp-stdev,c2d-avg,c2d-med,c2d-stdev
11,Smarch/JHipster.dimacs,45,7.53712,5.99078,5.81868,9.02706,7.77202,5.45888,,3.39656694191293,2.50710360263202,3.75356403579755,8.50569100628979,7.71328020833823,10.1018793134239
12,featureide_examples/berkeleydb.dimacs,76,6.05263,4.94382,4.43175,6.80184,6.55738,3.50643,,,,,,,
13,Smarch/axtls_2_1_4.dimacs,94,5.18559,5.19481,3.24106,6.3097,5.58195,2.82722,,,,,,,
14,KConfig/axTLS.dimacs,96,1.35809,1.07527,0.74166,3.43787,3.71025,2.06575,,,,,,,
15,Smarch/fiasco_17_10.dimacs,234,4.06243,2.84553,3.97327,5.82441,4.03756,5.00128,,,,,,,
16,Smarch/uClibc-ng_1_0_29.dimacs,269,4.4409,4.18354,3.72359,8.23841,9.71705,4.68034,,,,,,,
17,KConfig/uClibc.dimacs,313,3.78056,0.3006,6.59586,7.72139,0.91699,11.02565,,,,,,,
18,Smarch/toybox_0_7_5.dimacs,316,0.36746,0.28275,0.17382,0.55396,0.3006,0.44192,,,,,,,
19,KConfig/uClinux-base.dimacs,380,3.44858,2.51046,3.32717,10.64491,10.91384,4.10095,,,,,,,
20,confidential/automotive03/automotive03a.dimacs,384,1.26205,0.26508,1.69695,3.24672,3.33704,1.30778,,,,,,,
21,confidential/automotive06/automotive06a.dimacs,449,2.95795,0.21505,3.48048,2.25397,1.15865,1.77453,,,,,,,
22,confidential/automotive04/04.dimacs,531,1.69955,0.16038,2.44005,13.2886,11.0189,7.85824,,,,,,,
23,Smarch/toybox.dimacs,544,0.18537,0.14851,0.07997,1.00916,1.222,0.47457,,,,,,,
24,confidential/automotive07/automotive07a.dimacs,581,7.47589,0.57987,11.49508,16.20473,1.01953,22.51296,,,,,,,
25,confidential/automotive03/03.dimacs,588,2.84414,0.2381,5.00606,10.54185,1.74544,13.80293,,,,,,,
26,Smarch/axTLS.dimacs,684,0.39901,0.11981,0.43897,1.82959,1.27959,0.95832,,,,,,,
27,financial_services/financialServices_2018-05-09.dimacs,771,8.68921,4.16556,8.49006,6.22205,1.56137,7.43755,,,,,,,
28,KConfig/busybox-1.18.0.dimacs,854,0.39419,0.1444,0.7105,0.71886,0.5187,0.94154,,,,,,,
29,Smarch/busybox_1_28_0.dimacs,998,1.06807,0.00428,2.17962,3.18693,1.06906,3.73781,,,,,,,
30,CDL/am31_sim.dimacs,1178,6.62955,2.42633,8.1648,23.26382,21.31917,25.10421,,,,,,,
31,KConfig/embtoolkit.dimacs,1179,0.31184,0.04224,0.7139,1.26444,0.54916,1.90012,,,,,,,
32,Smarch/ref4955.dimacs,1218,6.81318,1.52497,9.22784,30.92712,25.05967,27.38153,,,,,,,
33,Smarch/ecos-icse11.dimacs,1244,8.22644,1.95455,10.38153,24.57301,28.13443,18.56776,,,,,,,
34,Smarch/pati.dimacs,1248,6.93812,1.58486,9.61823,28.0226,23.21295,25.99586,,,,,,,
35,CDL/p2106.dimacs,1262,6.91384,3.39428,8.59044,19.81644,1.60022,24.2708,,,,,,,
36,Smarch/integrator_arm9.dimacs,1267,7.05726,1.99236,9.78113,18.82387,9.22596,22.13488,,,,,,,
37,Smarch/olpce2294.dimacs,1274,6.96412,1.94152,9.51352,19.63357,2.318,24.95187,,,,,,,
38,Smarch/adderII.dimacs,1276,7.16105,2.10538,9.69863,18.82467,5.673,25.69371,,,,,,,
39,Smarch/at91sam7sek.dimacs,1296,6.81122,1.9603,9.39495,30.24914,34.64956,21.83663,,,,,,,
40,Smarch/se77x9.dimacs,1319,7.11717,1.71986,9.52786,20.20971,1.97078,27.76483,,,,,,,
41,Smarch/m5272c3.dimacs,1323,7.73253,2.05536,9.60172,19.0032,0.94138,28.9505,,,,,,,
42,Smarch/phycore229x.dimacs,1360,6.56602,1.4111,9.33597,18.19061,7.44187,21.09255,,,,,,,
43,Smarch/freebsd-icse11.dimacs,1396,3.67644,1.21466,4.65572,,,,,,,,,,
44,CDL/ea2468.dimacs,1408,7.3977,2.18481,10.57397,20.45523,2.14302,29.81687,,,,,,,
45,KConfig/uClinux-distribution.dimacs,1580,0.15126,0.11929,0.13135,0.32867,0.36107,0.21711,,,,,,,
46,Smarch/fiasco.dimacs,1638,0.21502,0.05247,0.29802,1.16286,0.78208,0.74361,,,,,,,
47,confidential/automotive05/05.dimacs,1663,0,,,,,,,,,,,,
48,Smarch/uClinux.dimacs,1850,0.04693,0.04226,0.00663,0.34863,0.35432,0.01282,,,,,,,
49,automotive01/automotive01.dimacs,2513,4.81886,3.27189,5.44698,2.57892,2.02738,1.99167,,,,,,,
50,confidential/automotive03/automotive03b.dimacs,4902,0.07507,0.02362,0.18679,,,,,,,,,,
51,confidential/automotive06/automotive06b.dimacs,5571,0.02839,0.02081,0.04053,0.85461,1.07875,0.41805,,,,,,,
52,KConfig/linux-2.6.33.3.dimacs,6467,0,,,,,,,,,,,,
53,Smarch/busybox-1.18.0.dimacs,6796,0.03619,0.01216,0.06439,0.49908,0.40591,0.30542,,,,,,,
54,Smarch/2.6.28.6-icse11.dimacs,6888,0,,,,,,,,,,,,
55,confidential/automotive07/automotive07b.dimacs,8649,0.72896,0.00181,4.5291,3.06797,3.76577,6.57075,,,,,,,
56,Smarch/uClinux-config.dimacs,11254,0.03066,0.00741,0.12273,11.00114,12.4194,4.47195,,,,,,,
57,Smarch/buildroot.dimacs,14910,0,,,,,,,,,,,,
58,automotive02/automotive2_4.dimacs,18616,0.08125,0.02593,0.39644,0.48659,0.00296,2.44613,,,,,,,
59,Smarch/embtoolkit.dimacs,23516,0.42045,0.03325,1.95774,5.45569,0.67529,28.33964,,,,,,,
60,Smarch/freetz.dimacs,31012,0,,,,,,,,,,,,
61,Smarch/2.6.32-2var.dimacs,60072,0,,,,,,,,,,,,
62,Smarch/2.6.33.3-2var.dimacs,62482,0,,,,,,,,,,,,
