/CDL/am31_sim,0.392567929811776,0.400458654854447,0.396380590740591,0.364117440301925,0.361979134846479,0.365653543267399,0.367606106679887,0.364024620968848,0.362913474906236,0.362896858714521,0.360249530989677,0.361201982945204,0.367668079677969,0.364827060606331,0.359979857690632,0.365294660907239,0.364330073818564,0.361031544860452,0.363786987029016,0.362042617984116,0.362108089029789,0.390703943092376,0.367815867066383,0.363432028330862,0.509769714903086,0.363986351992935,0.365163921844214,0.38840270973742,0.362909675110131,0.360414335969836,0.367282781284302,0.362228962592781,0.368824388366193,0.361505365930498,0.364439211785793,0.361869260203093,0.360417506191879,0.381464784033597,0.362201031763107,0.363227427005768,0.363876922056079,0.36055747885257,0.370211007073522,0.36299899360165,0.360693582799286,0.365999742876738,0.364477303810418,0.362669561058283,0.360693749040365,0.360659284051508
/CDL/ea2468,0.975953192915767,0.965953268110752,0.975519590079784,0.962936502881348,0.968141437042504,0.972549355123192,0.987053203396499,1.03538693021983,0.967077207751572,0.962556118145585,0.972307645715773,1.00573135586455,0.992558469995856,0.977692588698119,0.966685633175075,0.967022554948926,0.967696286272258,0.981358674820512,0.962050051894039,0.969543581828475,0.960153263993561,0.972306672018021,0.970409371424466,0.971603670157492,0.966331283096224,0.970601359847933,0.963823114987463,0.983088317327201,1.03764088824391,1.01779291173443,0.997788735665381,0.967387318145484,0.971195096150041,0.966292115859687,0.962314788252115,0.962724635843188,0.983805947937071,0.969589819200337,0.983059020712972,0.974563774652779,0.96557282935828,0.983729471918196,1.11075587803498,1.02449653856456,0.970989706926048,1.01264481898397,0.98428805405274,1.00189668918028,0.983010600786656,0.981217282824218
/CDL/p2106,0.517974426969886,0.52354802377522,0.52020761417225,0.520230501890183,0.528497578110546,0.5260337931104,0.544367975089699,0.530444756615907,0.528286013752222,0.524920141324401,0.522296127863228,0.527450527064502,0.527194423601031,0.56078970991075,0.523927965667099,0.531295967288315,0.524345190729946,0.520526567008346,0.520130672957748,0.551162047777325,0.521009283605963,0.522000416647643,0.519032318145037,0.523253931198269,0.52194675244391,0.616446313913912,0.558239992707968,0.557176542002708,0.538122982252389,0.509206958115101,0.506288026925176,0.527541432995349,0.547317188233137,0.515421619173139,0.504028636962175,0.513412910047919,0.50262647215277,0.503292579203844,0.519868991803378,0.503378791268915,0.510015385225415,0.55170409893617,0.511642153840512,0.552148187998682,0.51453513931483,0.513202075846493,0.515665573999286,0.517401421908289,0.511886228807271,0.514588933903724
/KConfig/axTLS,0.009511223994195,0.004760361742228,0.004358291160315,0.004548849072307,0.003906612284482,0.003249227069318,0.003233222756535,0.003822132945061,0.004205657634884,0.003834918141365,0.003068872727454,0.00292406603694,0.003877971321344,0.003360700793564,0.003392986021936,0.003256869036704,0.002248497214168,0.003854668233544,0.002086929045618,0.003784176893532,0.002655049785972,0.003801120910794,0.002708069048822,0.003334473818541,0.003015875350684,0.003070866689086,0.002937573008239,0.002991814631969,0.002950116991997,0.003847665153444,0.002074643969536,0.003639536909759,0.002204854972661,0.004142093006521,0.002721515018493,0.003903982229531,0.003088493831456,0.003585965838283,0.003083247225732,0.003169978037477,0.003410268109292,0.003750991076231,0.003438083920628,0.003559486940503,0.003471218980849,0.00396194960922,0.003549256362021,0.003807133063674,0.003185131121427,0.003139543347061
/KConfig/busybox-1.18.0,0.00658892467618,0.008120067883283,0.006410727743059,0.005214332137257,0.005189954303205,0.008291529957205,0.006536775734276,0.0084960879758,0.008715320844203,0.008079882711172,0.007279530633241,0.007900406140834,0.008151574991643,0.006990727968514,0.007309982087463,0.006845993921161,0.006778612267226,0.006138433236629,0.006512383930385,0.006015452090651,0.006966429296881,0.006745137274265,0.007622987963259,0.006912939250469,0.006606698967516,0.00604148209095,0.006819892674685,0.005960969720036,0.006027246825397,0.007674088235945,0.006293459329754,0.008319509215653,0.007282602135092,0.006273856386542,0.006611812859774,0.006837441120297,0.007498198188841,0.00589626096189,0.005148251075298,0.006340140942484,0.006186051759869,0.006007102783769,0.008202120196074,0.007423588074744,0.006325541064143,0.004998406860977,0.006008542142808,0.005967681761831,0.008330898825079,0.007218468934298
/KConfig/embtoolkit,0.009920024778694,0.010879878886044,0.008759294636548,0.01089504500851,0.009328193962574,0.009634636808187,0.015319630969316,0.013350669760257,0.009844705928117,0.008762766141444,0.012930369004607,0.012981413397938,0.009496829938144,0.010596571024507,0.009217947721481,0.015182088129222,0.015292725060135,0.014059885870665,0.014884505886585,0.013069438748062,0.010412772186101,0.011145845986903,0.009852873161435,0.012377663049847,0.011384962126613,0.009692945051938,0.010025191120803,0.012404477223754,0.011320143938065,0.009891054127365,0.008814488071948,0.008781753946096,0.015453312080354,0.012521290685982,0.008953684940934,0.008751858957112,0.009193648118526,0.010670115239918,0.014815300237388,0.012155713979155,0.010031565092504,0.009544501081109,0.015112502966076,0.012045771349222,0.012492919806391,0.009627759922296,0.011624515987933,0.009809577837586,0.01248174533248,0.010289993137121
KConfig/linux-2.6.33.3.dimacs	,0,0,0,0,0,0,0,0,0,0,0,0,0,0,0,0,0,0,0,0,0,0,0,0,0,0,0,0,0,0,0,0,0,0,0,0,0,0,0,0,0,0,0,0,0,0,0,0,0,0
/KConfig/uClibc,0.006549165118486,0.005489521659911,0.004782375879586,0.005620941985399,0.005667394958436,0.005920861847699,0.006250286940485,0.005554810166359,0.005873407702893,0.006376320961863,0.006919553969055,0.005517277866602,0.005474801175296,0.006240541115403,0.005782803054899,0.005829464178532,0.006891948636621,0.004943473264575,0.00592161109671,0.006002274807543,0.005851029418409,0.005446344148368,0.006421915721148,0.00654286518693,0.005495613906533,0.005780914798379,0.005646097008139,0.005854589864612,0.005629695020616,0.006539099849761,0.007018560077995,0.006002096924931,0.005370367784053,0.005910083185881,0.006154903676361,0.005897616967559,0.005355608183891,0.006867450661957,0.005880647804588,0.005664173979312,0.006821712013334,0.005514208227396,0.005751791875809,0.00565654784441,0.006867339834571,0.006892669945955,0.004670504014939,0.005224849097431,0.006492305081338,0.006935514975339
/KConfig/uClinux-base,0.006360439117998,0.006572126876563,0.005433017853647,0.005533888936043,0.006980929058045,0.007168381009251,0.006880154833198,0.005369320046157,0.004892236087471,0.006775464862585,0.005773329176009,0.00579918269068,0.006324498914182,0.00609449390322,0.007086925208569,0.006675819400698,0.006812275853008,0.005907643120736,0.007119421847165,0.005706576164812,0.005585559643805,0.006331004668027,0.005735390819609,0.006283450871706,0.00615944294259,0.005736361257732,0.006263026036322,0.005855593830347,0.006146657280624,0.006173009984195,0.005315122194588,0.006140000186861,0.00678433990106,0.005621448159218,0.007190893869847,0.006093580275774,0.006056373007596,0.007243708707392,0.005936352070421,0.005390041973442,0.006200802046806,0.006802708376199,0.005624434910715,0.006351821124554,0.005837771110237,0.007005573250353,0.006413768045604,0.005321416072547,0.006578753236681,0.005968396086246
/KConfig/uClinux-distribution,0.009394669905305,0.008988279849291,0.007645218167454,0.005809905007482,0.008616757113487,0.007699063047767,0.006997928954661,0.006213521119207,0.007169311400503,0.006587428040802,0.006626933813095,0.009676323272288,0.010437638964504,0.008575581945479,0.009358669165522,0.008286036085337,0.009571413043886,0.006778301671147,0.006414094939828,0.006877752952278,0.005908306222409,0.010023646987975,0.007515251170844,0.009367555845529,0.008430979214609,0.006886710878462,0.006492597050965,0.007566056679934,0.008383470121771,0.006311494391412,0.008234674111009,0.007880263961852,0.006098889745772,0.006920372135937,0.007125770207495,0.009970815852284,0.008442366030067,0.009527063928545,0.008662224281579,0.007194591220468,0.005836336873472,0.007210049778223,0.007532576099038,0.006954305805266,0.008099493570626,0.008169159293175,0.007345680613071,0.006385507062078,0.009018490090966,0.008427002001554
Smarch/2.6.28.6-icse11.dimacs	,0,0,0,0,0,0,0,0,0,0,0,0,0,0,0,0,0,0,0,0,0,0,0,0,0,0,0,0,0,0,0,0,0,0,0,0,0,0,0,0,0,0,0,0,0,0,0,0,0,0
Smarch/2.6.32-2var.dimacs	,0,0,0,0,0,0,0,0,0,0,0,0,0,0,0,0,0,0,0,0,0,0,0,0,0,0,0,0,0,0,0,0,0,0,0,0,0,0,0,0,0,0,0,0,0,0,0,0,0,0
Smarch/2.6.33.3-2var.dimacs	,0,0,0,0,0,0,0,0,0,0,0,0,0,0,0,0,0,0,0,0,0,0,0,0,0,0,0,0,0,0,0,0,0,0,0,0,0,0,0,0,0,0,0,0,0,0,0,0,0,0
/Smarch/7z,0.003241076599807,0.003387902863324,0.003207136876881,0.003105081152171,0.003187341149896,0.003465295769274,0.003500010818243,0.003590438049287,0.003677373751998,0.003787767142057,0.003799584694207,0.003853520844132,0.003737535793334,0.003882693126798,0.003918038681149,0.003852318041027,0.003642790950835,0.003703494090587,0.003675148822367,0.003704647067934,0.003776582889259,0.003857125993818,0.003899698145688,0.003820850979537,0.003695399966091,0.003704324830323,0.003671552054584,0.003780784085393,0.003726482857019,0.00383846508339,0.003805384039879,0.003893767017871,0.003852371126413,0.003850360866636,0.003824670333415,0.003654633183032,0.003679767251015,0.003710021264851,0.003799056168646,0.003783478867263,0.003464623354375,0.003978164866567,0.002836815081537,0.003805027808994,0.003419587388635,0.003731192089617,0.003178955055773,0.003713258076459,0.003572721965611,0.00371867697686
/Smarch/BerkeleyDBC,0.003459995146841,0.003629516810179,0.003626492340118,0.003587569110096,0.003692274913192,0.003654949832708,0.003676276188344,0.002468971069902,0.0033751972951,0.002960328944027,0.003507947083563,0.00334474304691,0.003572921268642,0.003641756251454,0.003403290640563,0.002681958023459,0.003586932085454,0.00311065511778,0.002630755770952,0.002582349814475,0.003503411076963,0.003111136611551,0.003488820977509,0.003159068990499,0.003679199144244,0.003380754962564,0.00358431506902,0.003608709201217,0.003588640131056,0.003682932816446,0.002734216395766,0.003648457117379,0.003173113800585,0.003643906209618,0.004269883967936,0.003485101740807,0.003437444102019,0.003619772847742,0.003680249210447,0.003610969986767,0.003627240192145,0.003617712762207,0.003586181905121,0.003606756217778,0.003717867191881,0.003683685790747,0.003590550739318,0.003472229931504,0.003498212900013,0.003402778878808
/Smarch/Dune,0.00268330425024,0.002558298874646,0.00366778485477,0.002854513004422,0.003480743151158,0.003011021297425,0.003604772035033,0.003239003941417,0.003571187146008,0.003393121995032,0.003649725113064,0.003505935426801,0.00370229408145,0.00366536481306,0.003687631804496,0.003626363817602,0.003645126707852,0.00360314687714,0.003735030069947,0.002707205247134,0.00353913102299,0.003440509084612,0.003580808173865,0.003413485828787,0.003583111334592,0.003713775891811,0.003655202221125,0.003650359809399,0.003484211862087,0.003536217845976,0.003558854106814,0.003622005693614,0.003618520218879,0.003782867919654,0.003663945011795,0.003616003785282,0.00370345916599,0.003604065161198,0.00364585686475,0.002724495716393,0.003555064089596,0.003512382972986,0.003186351154,0.003645434044302,0.003616936970502,0.003697284031659,0.00359007390216,0.003541238140315,0.003499623388052,0.003608269616961
/Smarch/HiPAcc,0.003897220827639,0.00379587803036,0.003912258893251,0.003856238909066,0.003828878048807,0.003316462039948,0.003771661780775,0.003689500968903,0.003843516111374,0.003672869876027,0.003823993261904,0.003817656077445,0.003919421229512,0.003920623101294,0.003943894058466,0.003877097740769,0.003694960847497,0.003704816102982,0.003679578658193,0.003746232949197,0.003827270120382,0.003959297668189,0.003915645647794,0.003887786064297,0.003665705211461,0.003704003989697,0.00369970779866,0.003904212731868,0.003787774126977,0.003862166777253,0.003891627304256,0.003827208653092,0.003726950380951,0.003762743901461,0.00376990204677,0.003852399066091,0.003791010007262,0.004014580044895,0.003981387708336,0.003953621722758,0.003108645789325,0.003717718180269,0.003608769737184,0.003812292590737,0.003793060779572,0.003644674085081,0.003613281995058,0.003849133849144,0.003875682130456,0.003965467214584
/Smarch/JHipster,0.003907814621925,0.003691509366035,0.00372015312314,0.003716660197824,0.003844515886158,0.003868346102536,0.003926976118237,0.003926819190383,0.003868302796036,0.003721174784005,0.003718180116266,0.003701147157699,0.003774083219469,0.003735673148185,0.003955552820116,0.004028726834804,0.003969100303948,0.00367940030992,0.003731072414666,0.003018697258085,0.003788677044213,0.00379443122074,0.003780941944569,0.00363734876737,0.003976789768785,0.003840368706733,0.004008371848613,0.003889079205692,0.003654228057712,0.003744280897081,0.003709909971803,0.00386853935197,0.003792422823608,0.003911526873708,0.003483692184091,0.003928668797016,0.003863282967359,0.003848884720355,0.003313452005386,0.003709207288921,0.003723255358636,0.00378790916875,0.003800197970122,0.003841246012598,0.003845294937491,0.003874172922224,0.00381561787799,0.0038669151254,0.003809427842498,0.004100264981389
/Smarch/JavaGC,0.003831568174064,0.003629511222243,0.003665412776172,0.003678343258798,0.00380543526262,0.003777652978897,0.003841692116112,0.003801505081356,0.003883618861437,0.003835480194539,0.003827282693237,0.003645197954029,0.003654588013887,0.003626436926425,0.003724351990968,0.003672431688756,0.003891006112099,0.002773567102849,0.00284676393494,0.003617621958256,0.003115400671959,0.003067923244089,0.003668905235827,0.003472735174,0.00342012103647,0.003507202025503,0.003451212774962,0.002681076060981,0.003666717093438,0.002683953382075,0.003623660188168,0.003137060441077,0.003688732162118,0.003511267248541,0.003739759325981,0.003661862108856,0.003717305138707,0.003756359219551,0.003950382582843,0.003338612150401,0.003641455899924,0.003562619909644,0.003598387818784,0.003684113267809,0.003763215150684,0.003720792941749,0.003776405006647,0.003780470229685,0.003781379200518,0.003847185987979
/Smarch/LLVM,0.003713943995535,0.003554597962648,0.003487034700811,0.003553930204362,0.003584110178053,0.003656601998955,0.003530334681273,0.00351638905704,0.003553431015462,0.003653313964605,0.003646573983133,0.003590809181333,0.003599014133215,0.003636416047812,0.003587329760194,0.002753663342446,0.003473921213299,0.003072847612202,0.00328012695536,0.003279021009803,0.003593331668526,0.00340445805341,0.003632741048932,0.003309937659651,0.003650056198239,0.003583715297282,0.003449379000813,0.003481621854007,0.003519042395055,0.003584473859519,0.003577869851142,0.003552383743227,0.003625907935202,0.003552400972694,0.00358121516183,0.003593545872718,0.00360015919432,0.003653584048152,0.003641809336841,0.003455526195467,0.002662556245923,0.002706535160542,0.002709751017392,0.003518286161125,0.003066201228648,0.003426495008171,0.003113665152341,0.003563436679542,0.003446436021477,0.00358501682058
/Smarch/Polly,0.003747078590095,0.003639419097453,0.003787975292653,0.003700429107994,0.003618843853474,0.003788545262069,0.002892962191254,0.003731879871339,0.003357728011906,0.003571938723326,0.003238821867853,0.003678950015455,0.003663556650281,0.003764043096453,0.003676616121084,0.003707534167916,0.003722600173205,0.003771591000259,0.003716642968357,0.003780468832701,0.003817400895059,0.003751089796424,0.00365295400843,0.003570633009076,0.003858198877424,0.003794164862484,0.003730247728527,0.00355968484655,0.003597754985094,0.003570938017219,0.002843970898539,0.003721888642758,0.003292123321444,0.00363092077896,0.003181012813002,0.002682649996132,0.002936348784715,0.003757988102734,0.003108505159616,0.003564011771232,0.003229213412851,0.00363046489656,0.003490191884339,0.003400289919227,0.003700868226588,0.00369831873104,0.003688986878842,0.003736124373972,0.00376119883731,0.003714116755873
/Smarch/VP9,0.003828541841358,0.003705570939928,0.003728078212589,0.003737344872206,0.003847233019769,0.003728441428393,0.003758043982089,0.003736463841051,0.003688903991133,0.00367953395471,0.003739246632904,0.003779390826821,0.003738951869309,0.00387696782127,0.003842883277684,0.003750681877136,0.003701272886246,0.002918433398008,0.003789623267949,0.00356785627082,0.003801035229117,0.003394905012101,0.003581156022847,0.003677586093545,0.003746601287276,0.003690483979881,0.003656277898699,0.003852582070977,0.003778759855777,0.003835445735604,0.003389487043023,0.003776286263019,0.003546020947397,0.003599311225116,0.003469059243798,0.003670881036669,0.003698291257024,0.003724514041096,0.003702781163156,0.003839584998786,0.003841022029519,0.003808912821114,0.003329918254167,0.003630348946899,0.003657003864646,0.003629516810179,0.003553858026862,0.003767248243093,0.003738990053535,0.003773767966777
/Smarch/X264,0.003755050245672,0.003680776804686,0.003714542835951,0.003285531885922,0.00354478135705,0.00368456589058,0.003479685168713,0.003619183320552,0.003565146122128,0.00367554789409,0.003707967698574,0.003641057759523,0.003593559842557,0.00362370768562,0.00377455400303,0.003642306197435,0.003659277223051,0.003643072675914,0.003496349789202,0.00353047484532,0.003550262190402,0.003614211920649,0.00361640797928,0.00366074219346,0.003636459819973,0.003653764724731,0.003636720124632,0.00361994234845,0.003594784066081,0.003560939338058,0.003402661066502,0.002652158029377,0.003552468959242,0.002723877318203,0.0034802230075,0.003004076890647,0.003541969694197,0.00334016000852,0.003607281949371,0.003361559938639,0.003477515187114,0.003539987839758,0.003572451882064,0.002649591770023,0.00269950600341,0.003488330170512,0.003594401292503,0.003543853294104,0.003639830742031,0.003540361765772
Smarch/adderII.dimacs.nnf,2.95937124220654,3.28764256695285,3.18826622795314,3.17691027605906,3.19300341513008,3.2056990978308,3.19245178997517,3.21426085615531,3.20511936768889,3.23318914789706,3.19809739105403,3.20259607816115,3.18722012685612,3.18256752891466,3.19543197099119,3.19113971618935,3.29216437600553,3.21524520590901,3.20989967137575,3.22419125121087,3.17573714070022,3.22227779496461,3.17428502580151,3.0685590673238,3.19260318391025,3.26639589900151,3.20006368309259,3.20387262897566,3.17737166304141,3.04088224098086,3.11039024917409,3.00200843485072,3.18098071590066,3.18835882330313,2.99758592899889,2.99079990480095,3.02823981596157,3.11239847633988,3.08164376579225,3.06788432504982,3.02080873399973,3.16583505179733,3.15796266496181,3.1814237027429,3.1839240975678,3.18204440409318,3.33103408431634,3.19648359483108,3.16932460386306,3.00706508662552
Smarch/at91sam7sek.dimacs.nnf,3.31918653007597,3.36353557603434,3.32073463359848,3.3351898258552,3.37838564720005,3.36173502914608,3.38063035812229,3.46541113778949,3.51448123902082,3.34681649971753,3.50468246964738,3.46228936873376,3.46638115821406,3.48680120985955,3.45980611583218,3.41864816984162,3.46619352279231,3.67482257820666,3.70761417131871,3.65457828622311,3.671798390802,3.66051232628524,3.64772279188037,3.64406582619995,3.68535693176091,3.68047822918743,3.66301237419248,3.65578357502818,3.67994685098529,3.65312157617882,3.66085135703906,3.67994262790307,3.65951245697215,3.6463205688633,3.66737102717161,3.64160935115069,3.67887326236814,3.66733847977594,3.67226800601929,3.46728791994974,3.70653477683663,3.66586522385478,3.57481870893389,3.62470849510282,3.69836469879374,3.57045907014981,3.44648373499513,3.73672948684543,3.49225751589984,3.44243642129004
/Smarch/axTLS,0.006382688879967,0.00643505807966,0.006456268951297,0.006470957305282,0.005304953083396,0.005649005062878,0.005901823751628,0.006096719764173,0.005881289951503,0.006404863204807,0.005668305326253,0.004687862005085,0.006169678177685,0.005536398850381,0.00663248822093,0.005224870052189,0.005129458848387,0.005963352974504,0.005996473133564,0.004758730065078,0.005505128297955,0.005445115733892,0.00590619398281,0.005495014600456,0.005932682193816,0.005638923030347,0.004815973341465,0.005786994937807,0.006123304832727,0.006598753854632,0.006537601817399,0.005506090819836,0.004592156037688,0.005979365669191,0.006468079984188,0.005059758201242,0.006432772614062,0.005409534089267,0.004856054205447,0.005543678998947,0.005704037845135,0.005995038896799,0.005894412752241,0.006227096077055,0.005188065115362,0.005763749126345,0.006193439010531,0.005547427106649,0.004803393036127,0.005247101187706
/Smarch/axtls_2_1_4,0.003956517204642,0.003875389695168,0.003653499297798,0.004114385228604,0.003355216234922,0.004199300892651,0.003779500257224,0.004116896074265,0.003893525805324,0.00419749924913,0.004210473969579,0.004240439739078,0.004202520940453,0.004010617733002,0.004305930808187,0.004213482141495,0.004239434376359,0.004144993145019,0.00417192094028,0.004158229101449,0.004165129270405,0.004150704946369,0.00423312978819,0.004190638195723,0.004263761918992,0.004268689081073,0.003818903118372,0.004275212995708,0.004213853739202,0.004214976914227,0.004049417097121,0.004115941934288,0.004141184967011,0.004230530001223,0.003401168156415,0.004090770147741,0.003572764340788,0.004050218965858,0.003909077960998,0.003923404030502,0.004227322060615,0.004231985192746,0.004160879179835,0.004039616789669,0.004061326850206,0.00416065286845,0.004183239769191,0.004177762195468,0.004018515814096,0.004086775705218
Smarch/buildroot.dimacs	,0,0,0,0,0,0,0,0,0,0,0,0,0,0,0,0,0,0,0,0,0,0,0,0,0,0,0,0,0,0,0,0,0,0,0,0,0,0,0,0,0,0,0,0,0,0,0,0,0,0
/Smarch/busybox-1.18.0,0.023082855157554,0.021370964124799,0.019420719239861,0.022897141985595,0.02247269032523,0.023008515127003,0.019168574828655,0.022918125148863,0.020962388254702,0.018345824908465,0.017010921146721,0.023389982990921,0.02053155284375,0.018420678097755,0.019165054894984,0.018224488943815,0.023220960982144,0.022069253027439,0.023649212904275,0.022002970799804,0.023495282046497,0.02150799985975,0.017753729131073,0.018720112275332,0.018262729980052,0.019787622150034,0.018980676308274,0.017876992933452,0.019645834807307,0.019033905118704,0.017817050218582,0.018559054005891,0.022123232949525,0.020573877729476,0.018118439242244,0.024191034957767,0.02285426389426,0.019291818141937,0.019759164657444,0.017578976694495,0.018927059136331,0.01940845604986,0.017904003150761,0.018954715691507,0.018413573969156,0.018245945684612,0.022789808921516,0.023468594998121,0.020265836268664,0.02009221399203
/Smarch/busybox_1_28_0,0.52640471002087,0.571809362620115,0.53406702214852,0.500465466175228,0.50684425001964,0.498689573258162,0.495752623304725,0.503909817896783,0.503074101172388,0.501679860986769,0.505847765598446,0.505180732812732,0.509200118947774,0.501117918640375,0.505576593801379,0.492676598951221,0.508441286161542,0.57256241235882,0.575951999984682,0.526615827344358,0.551070578861982,0.552367638796568,0.524714086204767,0.522348952945322,0.5395626896061,0.560115604195744,0.533873397856951,0.532459399662912,0.541014892980456,0.544810028281063,0.534009229391813,0.521770555060357,0.539759431034327,0.541398673318327,0.523446187842637,0.521855163853616,0.542252962943167,0.519544905982912,0.535148029215634,0.51758801098913,0.520396888721734,0.528518965002149,0.526882335077971,0.528098519891501,0.52445544814691,0.533552485983819,0.554535028990358,0.531163480132818,0.525780767668039,0.528908317908645
Smarch/ecos-icse11.dimacs.nnf,7.47702536080033,7.60204877704382,7.65754327224568,7.51555323880166,7.58856888627633,7.94125726120546,7.47656817315146,7.44198183016852,7.58808968309313,7.63895027525723,7.64401771407574,7.78081418806687,7.72412232076749,7.45359676703811,7.51847458165139,7.49186034686863,7.57739659771323,7.58311013085768,7.76637412514538,7.52275530062616,7.49025547783822,7.50490292906761,7.53225193079561,7.70517508592457,7.40696926787496,7.73707904806361,7.45609967084602,7.52262357110158,10.843429217115,7.59594035008922,7.63351055374369,7.69012886798009,7.76743673998863,7.4823411796242,7.76280236197636,7.49032477894798,7.57639923505485,7.50266934605315,7.53950523165986,7.5967777017504,7.61831282731146,7.44810394523665,8.3193264962174,7.43044109782204,7.45360094914213,7.51493465807289,7.58418548386544,8.0440659718588,7.53837839514017,7.59888846101239
/Smarch/embtoolkit,0.327861773315817,0.321030579973012,0.327757697086781,0.330426111351699,0.339890359900892,0.335137580987066,0.333096794318408,0.324464594945312,0.337289534043521,0.334214321803302,0.331337539013475,0.322281527798623,0.334620835725218,0.340740075800568,0.321170886978507,0.328584359027445,0.332396734040231,0.3374033132568,0.321657293941826,0.331067373976111,0.329051144886762,0.328281733207405,0.318198089022189,0.324222221039236,0.32745460793376,0.325376363005489,0.331826655659825,0.324658526107669,0.324612746015191,0.317174370866269,0.32289622630924,0.323526874184608,0.338879116810858,0.321473087184131,0.322263848036528,0.322540507186204,0.333834060002118,0.327049200888723,0.32317756023258,0.327301134821028,0.329715729225427,0.319743690080941,0.33042908180505,0.328597063198686,0.317666432354599,0.335049253888428,0.3293292587623,0.325152399018407,0.325641392730176,0.326492957770824
/Smarch/fiasco,0.011048322077841,0.006800381932408,0.004777324851602,0.010692731942982,0.008477369789034,0.007509074173868,0.008785613812506,0.004940542858094,0.008451280649751,0.006649998947978,0.008294333703816,0.00911246612668,0.008649718947709,0.005777295678854,0.006693311035633,0.008101682644337,0.007722020149231,0.009069659281522,0.006739659700543,0.006192192900926,0.008506160229445,0.00837388029322,0.00559094035998,0.007929724175483,0.006542903836817,0.006192929577082,0.009827058296651,0.00754136312753,0.005756563972682,0.007997486274689,0.006561693735421,0.008589716162533,0.010928352829069,0.009173831436783,0.008696038741618,0.006823014933616,0.006090192589909,0.010543446056545,0.008206082973629,0.008801653049886,0.009855723008513,0.010116506833583,0.008102500811219,0.006421303376555,0.006842783186585,0.008062646258622,0.007408236153424,0.006178827956319,0.007215558085591,0.007142757996917
/Smarch/fiasco_17_10,0.003975816071033,0.004157985094935,0.004327689763159,0.004614430945367,0.004769159946591,0.005385915748775,0.00530283106491,0.005694399122149,0.005734945181757,0.005897768307477,0.004071697127074,0.005182923749089,0.005168265197426,0.005094746593386,0.004861783236265,0.004838384222239,0.005464256741107,0.005012787878513,0.005356940906495,0.005293630994856,0.004860156681389,0.005173083860427,0.005477066151798,0.004960876889527,0.005259016063064,0.005141584202647,0.005042454227805,0.004969916772097,0.005070227663964,0.005088353063911,0.005150286015123,0.004866837058216,0.0049605127424,0.005125103984028,0.005210521630943,0.005497808102518,0.005650946870446,0.005451628938317,0.004832949023694,0.00535604916513,0.005416833795607,0.005439342930913,0.00505716400221,0.005561205092818,0.005489168688655,0.005414562765509,0.005281342193484,0.005320597905666,0.005151722114533,0.005343183875084
Smarch/freebsd-icse11.dimacs.nnf,8.29509755689651,8.14495564578101,8.17176016094163,7.67673413036391,7.90402261773124,7.89865888375789,7.80127804493532,7.93050097487867,7.71321841096506,7.94269042694941,7.78142899461091,8.05021766200662,7.6837078621611,7.86620248900726,7.73101623915136,7.62247278913856,7.83336084289476,8.51291387574747,8.32682976312935,8.1724026822485,8.29014594014734,8.48826224124059,8.26360829826444,8.47830548509955,8.63004956394434,8.07114426186308,8.32397084310651,8.3034716527909,8.26296233059838,8.23073345422745,8.31776086101308,8.27309521427378,8.10191828198731,8.13385377498344,8.22678376128897,8.41943956585601,8.2931563379243,8.48950772499666,8.32001848705113,8.61382439313456,8.295198159758,8.25155487470329,8.33923935471103,8.19185249414295,8.12513426505029,8.33994176192209,8.47288892697543,8.21591491485015,8.23433402413502,8.43375253677368
Smarch/freetz.dimacs	,0,0,0,0,0,0,0,0,0,0,0,0,0,0,0,0,0,0,0,0,0,0,0,0,0,0,0,0,0,0,0,0,0,0,0,0,0,0,0,0,0,0,0,0,0,0,0,0,0,0
Smarch/integrator_arm9.dimacs.nnf,4.05097041279078,3.85933831008151,3.8776073330082,3.97529801214114,3.85139885591343,3.90872693201527,3.95279205404222,4.02461087005213,3.84335693297908,4.02281171921641,4.1336194910109,4.06620030431077,3.84170693857595,3.88189347181469,3.98286649724469,3.85106129106134,3.89309581276029,4.05113164614886,4.09184433426708,3.92917085113004,4.0767772840336,4.08052791003138,3.8542641941458,3.8981845411472,3.97667856328189,4.02894383436069,4.11951268697158,4.09027522802353,3.85705006681383,3.82617340516299,3.87498224899173,4.00815060501918,3.84993579098955,3.88602311210707,3.94992014020681,3.85779176326469,4.03611053805798,4.07912915712222,4.02451986540109,4.08019615290687,4.08485252130777,3.85556673118845,4.08599768998101,3.78671532217413,3.82457274198532,3.85074187722057,4.18813974224031,3.92714390624315,3.84061186527833,3.90478416997939
/Smarch/lrzip,0.004053472075611,0.004281624220312,0.003954075742513,0.003914508968592,0.00389021076262,0.003912016749382,0.003898921888322,0.003861057106406,0.003812378272414,0.003702478948981,0.003767565824091,0.00408005900681,0.003827495966107,0.003825702704489,0.003745018970221,0.003684637136757,0.003718090709299,0.003767379093915,0.003817248158157,0.003883272409439,0.003820346202701,0.003859089221805,0.003869542852044,0.003822524100542,0.003852646797895,0.003714193589985,0.003646883182228,0.00369317503646,0.003806398715824,0.003729021176696,0.003958709072322,0.00392750184983,0.003282920923084,0.003942364361137,0.003568787127733,0.003701208159328,0.003770736977458,0.003739305771887,0.003830304834992,0.003782851155847,0.003988873679191,0.003057615365833,0.003629971761256,0.003475098405033,0.003739096689969,0.003343993332237,0.00374388275668,0.003812826238573,0.003931373823434,0.003856388852
Smarch/m5272c3.dimacs.nnf,3.14351948723197,3.08133767591789,2.99551215209067,3.09758563293144,3.05635017110035,3.10208366531879,3.05530687980354,3.09055456425995,3.11000427091494,3.1042883452028,3.09998323116451,2.88476205384359,3.07007361622527,3.10152692534029,3.0819841530174,3.08436914300546,3.09139406494796,3.11675490112975,3.07624028297141,3.08595415810123,3.12959380587563,3.1150922011584,3.09149611275643,3.08442282909527,3.07373986393213,3.075094926171,3.07141621923074,3.10249025234953,3.14132993016392,3.10737419687212,3.14389364467934,3.0826119557023,3.10618892870843,3.08786539407447,3.10882691340521,3.07885581208393,3.06002599699423,3.09545904072002,3.11554289609194,3.0583785250783,3.07796326931566,3.07190413214266,3.04643871821463,3.08439125074074,3.08596840873361,3.09837383590639,3.07450135890394,3.09286184469238,3.24679077789187,3.10602933028713
Smarch/olpce2294.dimacs.nnf,4.20428579300642,4.23263385798782,4.23186205001548,4.18733491003513,4.21208394505084,4.20244987495244,4.22701851185411,4.21756793186069,4.17364003509283,4.22296966006979,4.23429794702679,4.20024904282764,4.21521723410115,4.19558715913445,4.21360077569261,3.97562398575246,4.23830881295726,4.2411244190298,4.24312859168276,4.03052028687671,4.20181735185906,4.27114109089598,4.23617682186887,4.22975475015119,4.23675729893148,4.22435382613912,4.22849738085642,4.22127843787894,4.21700986474752,4.2384060821496,4.23822189401835,4.02286690240726,4.23628260428086,4.0792352729477,4.21825555386022,4.2361076832749,4.22473414614797,4.19649764103815,4.2466281009838,4.25943822273985,4.24076076364145,4.22378134727478,4.24705312401056,4.22545182425529,4.21899853600189,4.23494170187041,4.21490372670814,4.17076791916043,4.22263109218329,4.20832326682285
Smarch/pati.dimacs.nnf,2.18676877906546,2.19443848403171,2.25403037434444,2.18102035019547,2.1876831529662,2.20515589183196,2.21331304684281,2.19932929798961,2.17273119278252,2.21190960099921,2.19623604230583,2.19497188506648,2.17424996290356,2.16999966418371,2.20421030698344,2.1848583300598,2.17288787290454,2.2120347158052,2.18029061192647,2.21675649704412,2.19578978512436,2.18166960636154,2.19977206597105,2.20605524536222,2.2023140960373,2.34267350891605,2.21587203303352,2.18409621110186,2.19437405420467,2.1904280660674,2.17868264997378,2.2223123209551,2.20314263086766,2.21540611889213,2.1789630278945,2.1874711420387,2.19483592826873,2.21271599503234,2.19610816333443,2.23824273981154,2.19336189702153,2.20532419718802,2.19075388181955,2.2275349907577,2.18250477313995,2.16746063437313,2.21433509793133,2.21096322918311,2.21942492993549,2.21597633697093
Smarch/phycore229x.dimacs.nnf,4.17360554728657,4.20178771996871,4.20629676990211,4.21601125923917,4.23213272495195,4.22009525680915,4.20364362420514,4.21908634388819,4.19529114989564,4.18868576502427,4.26869689114392,4.20014157984406,4.20953799691051,4.19949948787689,4.21396099077538,4.2004486611113,4.19854144379497,4.20714605087414,4.18584970803931,4.22301308158785,4.18323513306677,4.17036018706858,4.20015904586762,4.0631895265542,4.17698284192011,4.23809065017849,4.24747796822339,4.23239814164117,4.23180975904688,4.22725265007466,4.21406294079497,4.21419037738815,4.21279479889199,4.22490083612502,4.23185846535489,4.20379167189822,4.20256349910051,4.20795400394127,4.17382073309273,4.12658242788166,4.20290571590886,4.21083494788036,4.21122134895995,4.22733662510291,4.24497799901292,4.20265365066007,4.21592801995575,4.19902284536511,4.18851693021134,4.23016673885286
Smarch/ref4955.dimacs.nnf,2.05583098391071,2.02293629990891,2.02953404793516,2.0284296288155,2.0356690143235,2.14726219279692,2.0475342227146,2.03662081295624,2.04096123995259,2.07565714698285,2.04888256918639,2.07935335906222,2.05045030592009,2.02720701415092,2.03648210596293,2.04244557302445,2.02955863066018,2.04456690512598,2.0374653339386,2.02300016814843,2.07519672112539,2.03886930411682,2.02737296186388,2.05896801920608,2.02614944428205,2.14538346696645,2.04500625282526,2.05076241120696,2.01678619999439,2.09591858508065,2.01852315617725,2.05093643581495,2.00309286918491,2.18832194199786,2.05574615485966,2.04410723177716,2.02448456082493,2.04268607124686,2.0538267721422,2.05472933314741,2.02100741397589,2.05048413388431,2.04180382424965,2.04693576088175,2.02280541090295,2.05434750532731,2.04242482082918,2.05272990185767,2.00466938596219,2.04664761433378
Smarch/se77x9.dimacs.nnf,3.56644362118095,3.77593347383663,3.61290561500937,3.60338948201388,3.59413334075361,3.59157425491139,3.70553235523403,3.61520657362416,3.59746331907809,3.65381443221122,3.62894491991028,3.60396163677797,3.62726482376456,3.60208859620616,3.61989644728601,3.61428585276008,3.61258095828816,3.58258597785607,3.6483333199285,3.62860118690878,3.60597752919421,3.61977261817083,3.61884900927544,3.61057049874216,3.61448958422989,3.63203433109447,3.62228140188381,3.67173678381369,3.65787976980209,3.61534489085898,3.62645948957652,3.63476925622672,3.66051280824468,3.61283525312319,3.82182317320257,3.62223585369065,3.60839012777433,3.6189808677882,3.43138465005904,3.60196610493585,3.61093613598496,3.58480519475415,3.62288228562102,3.62053195899352,3.61652933899313,3.61181627912447,3.63677981030196,3.63741473993286,3.622765627224,3.62118702102453
/Smarch/toybox,0.005784729029983,0.005627124104649,0.00587927736342,0.004944673739374,0.005951194092631,0.005899564828724,0.005544714163989,0.005647638812661,0.005781112704426,0.004433347843587,0.004715945106,0.005581606179476,0.005032601300627,0.004838781896979,0.005381972994655,0.005286713130772,0.005862282123417,0.005000641103834,0.005289635621011,0.005327319260687,0.005635587964207,0.005931729916483,0.004783871583641,0.005751447286457,0.00527221057564,0.005415177904069,0.005193318240345,0.005947556812316,0.005865704733878,0.005841836333275,0.00584759702906,0.005743428133428,0.005538195837289,0.004771165084094,0.005002286285162,0.005368268117309,0.004994636401534,0.005379369016737,0.005043599754572,0.005786946043372,0.004932933952659,0.00562696903944,0.005673205014318,0.005832434166223,0.005598878022283,0.005516462959349,0.005468721035868,0.005443130154163,0.005146150942892,0.00517396396026
/Smarch/toybox_0_7_5,0.004754228983074,0.004568544216454,0.004636868368834,0.004864934831858,0.004912332165986,0.004780231975019,0.004618621896952,0.004627717193216,0.004740378353745,0.004799911286682,0.004807760939002,0.00471505522728,0.004970248788595,0.004665514919907,0.004425764549524,0.004750980995595,0.004805070813745,0.004988552071154,0.004915834870189,0.004710135050118,0.004923117812723,0.004918167833239,0.004879336804152,0.004780786111951,0.005004646256566,0.004946290981025,0.004678597208112,0.004551604855806,0.004518416710198,0.004898582119495,0.00488894386217,0.004959410056472,0.004772093147039,0.004867204930633,0.004684722051024,0.004529638215899,0.004641636274755,0.004891858901829,0.005063427146524,0.004873715341091,0.004569279029965,0.00461460230872,0.004726940300316,0.004768818151206,0.004879222251475,0.004780855961144,0.005040366202593,0.004958246834576,0.004977566190064,0.004772134590894
/Smarch/uClibc-ng_1_0_29,0.006095965858549,0.006069014780223,0.006263609044254,0.00633841380477,0.005982999224216,0.006176264956594,0.005804707296193,0.005909007973969,0.006002124864608,0.00564998621121,0.005867721047252,0.005595033057034,0.005417534150183,0.005813124123961,0.005323047284037,0.005264140665531,0.006245621014386,0.005608174018562,0.005869023036212,0.005886923987418,0.005605577956885,0.005691226106137,0.0051030931063,0.005656517110765,0.00614511501044,0.005612741224468,0.005341253243387,0.005608211737126,0.005473627708852,0.004935237113386,0.006517970003188,0.006353134289384,0.006089482922107,0.006031430792063,0.005435487721115,0.005151471123099,0.005831128917634,0.006005061790347,0.00595653988421,0.006256869062781,0.005877200979739,0.006011255085468,0.005918147042394,0.005458049941808,0.005077030044049,0.005380842834711,0.005319255869836,0.00599899282679,0.006002406124026,0.006310522556305
/Smarch/uClinux-config,0.033930992241949,0.027985158842057,0.03373338514939,0.028156416956335,0.033919043838978,0.031449274625629,0.033270169049502,0.028325452003628,0.03249600995332,0.031887911260128,0.02860911982134,0.033196893054992,0.033199070952833,0.030514005105943,0.027541636954993,0.029634178150445,0.034753689076752,0.031670205295086,0.0284962230362,0.029326552059502,0.028597314842045,0.029237111099064,0.029684749431908,0.034184774849564,0.032646994106472,0.029624477960169,0.034236015286297,0.033545572776347,0.029433145653457,0.033042022027075,0.032075705006719,0.03409461164847,0.03416792023927,0.02988143870607,0.028302556835115,0.02783407503739,0.034248453099281,0.033533841837198,0.029615798033774,0.032465505879372,0.032195832114667,0.027765715960413,0.034051546826959,0.031945383176208,0.034747546073049,0.033025075215846,0.028574988245964,0.033334717154503,0.03199719125405,0.032680139411241
/Smarch/uClinux,0.009716816712171,0.008830452337861,0.00783373368904,0.01130587188527,0.009142936673015,0.007527557201684,0.006930810865015,0.007380952127278,0.007768068928272,0.011011239141226,0.009159773122519,0.008087567053735,0.00710979802534,0.00778892589733,0.011286263354123,0.009330785367638,0.007256295997649,0.006495752837509,0.007452757097781,0.007005788851529,0.007011136971414,0.00775500992313,0.007201788015664,0.007101130206138,0.009999244939536,0.008864477742463,0.008595081977546,0.006713942158967,0.00760542601347,0.009184289257973,0.007224543020129,0.009047946427017,0.007722073234618,0.007639762014151,0.006766629870981,0.007094445172697,0.007676653098315,0.008324209135026,0.011317065916956,0.00970755610615,0.007424732204527,0.011134000029415,0.008470970205963,0.009483436588198,0.008972956798971,0.009066104888916,0.006898327730596,0.007169574964792,0.010084487963468,0.00827773893252
/automotive01/automotive01,0.058570611290634,0.061422344762832,0.055579917039722,0.056443940848112,0.061240043025464,0.059967222157866,0.061763634905219,0.061483206693083,0.056173587217927,0.057175640948117,0.055667469743639,0.055493137799203,0.055853487923741,0.056844322010875,0.055241240654141,0.054851027205587,0.055903832893819,0.057350859045982,0.055664876010269,0.055245478171855,0.055690437089652,0.057681967969984,0.05573228513822,0.05586054129526,0.055815139785409,0.061873084865511,0.061381960753352,0.055914613883942,0.056748848874122,0.061404251959175,0.061450805980712,0.055853337980807,0.061971866991371,0.055953898001462,0.057837764266878,0.062869196757674,0.055339051876217,0.05627081822604,0.055636160075665,0.0547487270087,0.054787290748209,0.054863213095814,0.055316883604974,0.057141466066241,0.051521480083466,0.060311201959848,0.055881930980831,0.056377540808171,0.053651540074498,0.061567766126245
/automotive02/automotive2_4,0.15138180507347,0.151498703751713,0.150795145891607,0.151553007308394,0.129242048133165,0.14780036220327,0.15428895317018,0.149913981091231,0.151274488773197,0.125052485149354,0.127533655148,0.12834432721138,0.131471613422036,0.121653891168535,0.131497636903077,0.129626972135156,0.127225797623396,0.131215420085937,0.131058662198484,0.124095744919032,0.131211118772626,0.122017773799598,0.130627479869872,0.12223187321797,0.122343993745744,0.128541265148669,0.121974566020071,0.130173264071345,0.128240927122533,0.122090769931674,0.131297681946307,0.124809581786394,0.123883229214698,0.128475008998066,0.129344481043518,0.127871949691325,0.130003359168768,0.149010635912418,0.130336860660464,0.121831242926419,0.130743206012994,0.127661293838173,0.124681338202208,0.122683515772223,0.123307642992586,0.123416312970221,0.129057901911437,0.131145520601422,0.122613807674497,0.12299430789426
/featureide_examples/berkeleydb,0.007187241688371,0.004994878079742,0.004619625862688,0.004485285840929,0.004712447989732,0.004329778254032,0.004785648081452,0.003716981038451,0.003958954941481,0.004348250571638,0.003951520659029,0.003673921339214,0.003585095051676,0.004342515952885,0.004364978987724,0.004180728923529,0.003451454918832,0.003422585781664,0.003568836953491,0.002924641128629,0.002755410969257,0.00414272909984,0.003360184840858,0.003287074156106,0.003345727920532,0.002675475552678,0.004175094421953,0.002619920764118,0.004147156141698,0.003454535268247,0.003335038200021,0.004342813044786,0.003377754706889,0.003920170944184,0.003740744199604,0.003154424019158,0.003735853824764,0.003608947619796,0.003557140938938,0.004394560121,0.004009845200926,0.004107494372875,0.004296017810702,0.003204708918929,0.003771486226469,0.003649977967143,0.003629703074694,0.003983339294791,0.00338139384985,0.004098913166672
/financial_services/financialServices_2018-05-09,0.028206907678396,0.031228188890964,0.029571692924947,0.029575020074844,0.026192859746516,0.024825018830597,0.02297232998535,0.022881709039211,0.022961350157857,0.022869731765241,0.023097619879991,0.022858142852783,0.022896645125002,0.024613248649985,0.027038082946092,0.026817826088518,0.028885106090456,0.027259452268481,0.029246132820845,0.027905749157071,0.028870343230665,0.029410479124636,0.03207866800949,0.033059879206121,0.031532030086964,0.02727813180536,0.032715470064432,0.031974710058421,0.028100929223001,0.0325759020634,0.032014397438616,0.027822914067656,0.032290501054376,0.032849124167115,0.027272500097752,0.02710676426068,0.032247513066977,0.030281882267445,0.032369089778513,0.033358124084771,0.032271977048367,0.032798571977764,0.028174926992506,0.032814782112837,0.032891055103392,0.031726944725961,0.033326587174088,0.031823742203415,0.031414636876434,0.028867483139038
/confidential/automotive03/03,0.006716026924551,0.009314116090536,0.008514418266714,0.007092838641256,0.006490600295365,0.007706962060183,0.008892640005797,0.006753029767424,0.009087811224163,0.008697794750333,0.006285894662142,0.010110787115991,0.008036371786147,0.008535134140402,0.008497617673129,0.00903602829203,0.009723335038871,0.008790247142315,0.007629821076989,0.006131650414318,0.008801233954728,0.007633063942194,0.006938250269741,0.00783446803689,0.00773945543915,0.008297634776682,0.008855225984007,0.009564178995788,0.007985040079802,0.006363779306412,0.006365450099111,0.007055973634124,0.00787444319576,0.007259227801114,0.006300684995949,0.006756272166967,0.006358905695379,0.010068126022816,0.008024194743484,0.006452575791627,0.008789523039013,0.008540670853108,0.008881899062544,0.009018765762448,0.006775265093893,0.005991619080305,0.007233598269522,0.006516498979181,0.009261534083635,0.008677805773914
/confidential/automotive03/automotive03a,0.005549298133701,0.004732189234346,0.004983711987734,0.005434941034764,0.004827606026083,0.00553220603615,0.005301974248141,0.005473894067109,0.005360427778214,0.005285154096782,0.005688217002898,0.005561901722103,0.004795532207936,0.005112295038998,0.00521983532235,0.00542126595974,0.005503753200173,0.005527075845748,0.005103948991746,0.004626309964806,0.005007593892515,0.005296397954226,0.005143099930137,0.005422717891634,0.005054619628936,0.005444055888802,0.005483234766871,0.005662869196385,0.00504145026207,0.004622460808605,0.005030077882111,0.005452481098473,0.005470355972648,0.005191935226321,0.003346640150994,0.005398819688708,0.00418285606429,0.004409335087985,0.004974543116987,0.004576115868986,0.005047078244388,0.005488046910614,0.00523017719388,0.005824576597661,0.005283636040986,0.004541598260403,0.005377994384617,0.005127885844558,0.005257967859507,0.005005965940654
/confidential/automotive03/automotive03b,0.017261582892388,0.016764310188592,0.014775596093387,0.01405285904184,0.014641915913671,0.015432056970894,0.016395131126046,0.020069162826985,0.019448942039162,0.017162378877401,0.019817539025098,0.019495097454637,0.017306123394519,0.019907124806196,0.019888143986464,0.016908848658204,0.01977114379406,0.019401100929827,0.017739858012647,0.01962904818356,0.019233366008848,0.017563385888934,0.019695646129549,0.019510540179908,0.017446179874241,0.019012006931007,0.020126839634031,0.016399797983468,0.014157162047923,0.014102824032307,0.014495224691928,0.015594305004925,0.014340531080961,0.014484717976302,0.015664300415665,0.014452977105975,0.014579416718334,0.015775491017848,0.0206009298563,0.01818164717406,0.020298613235355,0.016799198929221,0.017025854904205,0.015850159805268,0.01679923478514,0.016548272222281,0.016018026974052,0.014695080928505,0.0149224572815,0.01526673976332
/confidential/automotive04/04,0.005633815191686,0.005932362750173,0.007344690151513,0.005743101704866,0.005884454585612,0.006629489827901,0.00490078702569,0.004748879000545,0.006346973590553,0.00604414427653,0.006371151190251,0.007415016181767,0.005132931750268,0.006950286682695,0.005812511313707,0.006346515845507,0.006395102944225,0.005032929126173,0.007248011883348,0.00620720628649,0.006334255915135,0.007357968017459,0.006570804864168,0.006576251238585,0.005940990988165,0.006359755992889,0.00606920896098,0.006716634146869,0.006016235798597,0.006020712200552,0.006581413093954,0.006346724927425,0.00674771796912,0.005950484890491,0.005961314309388,0.006399258039892,0.006406506057829,0.004843438975513,0.006838622968644,0.005821929313242,0.00487798685208,0.006602308247238,0.007160213775933,0.006564993411303,0.007304982747883,0.006066969130188,0.006133010145277,0.0071005448699,0.007233285810798,0.006946620065719
confidential/automotive05/05.dimacs	,0,0,0,0,0,0,0,0,0,0,0,0,0,0,0,0,0,0,0,0,0,0,0,0,0,0,0,0,0,0,0,0,0,0,0,0,0,0,0,0,0,0,0,0,0,0,0,0,0,0
/confidential/automotive06/automotive06a,0.005348613951355,0.006042495369911,0.004784323740751,0.005569484084845,0.006540147587657,0.005583574995399,0.005575553979725,0.006331061013043,0.005892850924283,0.005849160254002,0.005633566062897,0.005383591167629,0.006153826136142,0.006133355200291,0.005548510700464,0.005107596050948,0.0064168558456,0.005955884698778,0.005788651295006,0.006047205068171,0.005357002839446,0.006046291906387,0.00612930720672,0.005510136950761,0.005141209810972,0.006202128715813,0.006845301948488,0.006672971881926,0.006160049233586,0.003874687943608,0.006183884106576,0.006153505761176,0.006082380190492,0.005708645097911,0.006522675976157,0.004846862051636,0.005764678586274,0.006497196853161,0.005387809127569,0.005532877985388,0.005148435011506,0.006096151191741,0.005910401232541,0.006089054979384,0.005259898956865,0.005922988988459,0.005986288655549,0.005421281792223,0.005201257299632,0.00534084206447
/confidential/automotive06/automotive06b,0.017478559631854,0.019377498887479,0.017549519892782,0.01612765295431,0.016696929000318,0.016014630906284,0.017857743892819,0.018221898004413,0.015437801834196,0.016317371744663,0.017808847129345,0.016366008203477,0.019155631307513,0.01787202199921,0.018175980076194,0.018459782004356,0.016638594213873,0.018811464775354,0.019152133259922,0.019136724062264,0.016310211736709,0.015216318890452,0.014237717725337,0.015479349065572,0.016086525749415,0.019222632050514,0.019186362158507,0.018092632293701,0.016247936990112,0.01406633015722,0.019696902018041,0.019273551180959,0.01586100878194,0.016203214880079,0.019757899921388,0.019500303082168,0.016924500931054,0.01382346265018,0.01443341281265,0.01533066527918,0.014132251963019,0.014209357090294,0.019204702228308,0.015839572064579,0.015175039879978,0.014217874966562,0.014341497793794,0.016014730092138,0.013940546195954,0.014409171883017
/confidential/automotive07/automotive07a,0.012527516111732,0.010528820101172,0.01000677421689,0.010615153703839,0.011177519802004,0.011395324952901,0.011093880981207,0.010595207102597,0.010776949115098,0.010933842975646,0.010998406913132,0.010816339403391,0.010779039002955,0.011147108860314,0.011212436947972,0.010595556814224,0.010749171022326,0.011156955733895,0.010975151322782,0.01100021507591,0.01062588673085,0.010716153774411,0.010986287612468,0.011298109311611,0.011022388935089,0.010652180761099,0.010799848940224,0.010884567629546,0.011029679328203,0.01087011070922,0.010926966089755,0.011028295848519,0.010820325929672,0.010923459194601,0.011082620359957,0.010956762824208,0.010826429817826,0.010865311603993,0.010857074055821,0.010792241897434,0.010828166268766,0.011034918017686,0.011007871013135,0.010971053037793,0.010820792987943,0.010857934132218,0.011123998090625,0.010973191354424,0.010714672971517,0.011012415401638
/confidential/automotive07/automotive07b,0.351990009192377,0.313495440874249,0.33536824118346,0.301111908163875,0.281002981122583,0.294340771157295,0.273790025152266,0.296660012099892,0.300242451019585,0.302719499450177,0.28127716621384,0.276109054684639,0.29793160315603,0.281136417761445,0.277052515186369,0.280945651698858,0.298940980806947,0.30471550533548,0.27964586019516,0.279851599130779,0.299548147711903,0.282777972985059,0.276408870238811,0.278605917934328,0.299922975245863,0.299685347825289,0.282871289178729,0.276240909006447,0.29422503663227,0.283152304124087,0.283905956894159,0.282002548221499,0.301961760036647,0.282762349117547,0.282467963639647,0.280712355859578,0.305824728216976,0.282286555040628,0.281796879135072,0.281903468072414,0.29966312693432,0.283847006037831,0.307785392273217,0.283115765079856,0.277199477888644,0.298950150143355,0.282471783924848,0.280567088164389,0.283936601132154,0.301139947026968
