/CDL/am31_sim;0.3925679298117757,0.40045865485444665,0.3963805907405913,0.36411744030192494,0.3619791348464787,0.3656535432673991,0.3676061066798866,0.36402462096884847,0.36291347490623593,0.36289685871452093,0.3602495309896767,0.3612019829452038,0.3676680796779692,0.36482706060633063,0.35997985769063234,0.3652946609072387,0.3643300738185644,0.3610315448604524,0.363786987029016,0.3620426179841161,0.36210808902978897,0.390703943092376,0.36781586706638336,0.3634320283308625,0.5097697149030864,0.36398635199293494,0.3651639218442142,0.3884027097374201,0.3629096751101315,0.3604143359698355,0.3672827812843025,0.3622289625927806,0.3688243883661926,0.36150536593049765,0.3644392117857933,0.3618692602030933,0.3604175061918795,0.3814647840335965,0.3622010317631066,0.3632274270057678,0.3638769220560789,0.36055747885257006,0.3702110070735216,0.36299899360165,0.36069358279928565,0.3659997428767383,0.36447730381041765,0.36266956105828285,0.3606937490403652,0.3606592840515077
/CDL/ea2468;0.9759531929157674,0.9659532681107521,0.9755195900797844,0.9629365028813481,0.9681414370425045,0.9725493551231921,0.9870532033964992,1.035386930219829,0.9670772077515721,0.9625561181455851,0.9723076457157731,1.0057313558645546,0.9925584699958563,0.9776925886981189,0.966685633175075,0.967022554948926,0.9676962862722576,0.9813586748205125,0.9620500518940389,0.969543581828475,0.9601532639935613,0.9723066720180213,0.9704093714244664,0.9716036701574922,0.9663312830962241,0.970601359847933,0.9638231149874628,0.9830883173272014,1.0376408882439137,1.017792911734432,0.997788735665381,0.9673873181454837,0.9711950961500406,0.9662921158596873,0.9623147882521152,0.9627246358431876,0.9838059479370713,0.9695898192003369,0.9830590207129717,0.9745637746527791,0.9655728293582797,0.9837294719181955,1.110755878034979,1.0244965385645628,0.9709897069260478,1.012644818983972,0.9842880540527403,1.0018966891802847,0.9830106007866561,0.9812172828242183
/CDL/p2106;0.5179744269698858,0.5235480237752199,0.52020761417225,0.5202305018901825,0.5284975781105459,0.5260337931104004,0.544367975089699,0.530444756615907,0.5282860137522221,0.5249201413244009,0.5222961278632283,0.5274505270645022,0.5271944236010313,0.5607897099107504,0.5239279656670988,0.5312959672883153,0.5243451907299459,0.5205265670083463,0.5201306729577482,0.5511620477773249,0.521009283605963,0.5220004166476429,0.5190323181450367,0.5232539311982691,0.5219467524439096,0.6164463139139116,0.5582399927079678,0.5571765420027077,0.5381229822523892,0.5092069581151009,0.5062880269251764,0.5275414329953492,0.5473171882331371,0.5154216191731393,0.5040286369621754,0.5134129100479186,0.5026264721527696,0.5032925792038441,0.5198689918033779,0.5033787912689149,0.5100153852254152,0.5517040989361703,0.511642153840512,0.5521481879986823,0.5145351393148303,0.5132020758464932,0.5156655739992857,0.5174014219082892,0.5118862288072705,0.514588933903724
/KConfig/axTLS;0.009511223994195461,0.00476036174222827,0.004358291160315275,0.004548849072307348,0.003906612284481525,0.0032492270693182945,0.003233222756534815,0.00382213294506073,0.004205657634884119,0.0038349181413650513,0.0030688727274537086,0.002924066036939621,0.0038779713213443756,0.0033607007935643196,0.00339298602193594,0.003256869036704302,0.00224849721416831,0.0038546682335436344,0.0020869290456175804,0.003784176893532276,0.0026550497859716415,0.003801120910793543,0.002708069048821926,0.003334473818540573,0.0030158753506839275,0.0030708666890859604,0.0029375730082392693,0.0029918146319687366,0.002950116991996765,0.0038476651534438133,0.0020746439695358276,0.0036395369097590446,0.0022048549726605415,0.004142093006521463,0.002721515018492937,0.0039039822295308113,0.0030884938314557076,0.0035859658382833004,0.0030832472257316113,0.0031699780374765396,0.003410268109291792,0.003750991076231003,0.0034380839206278324,0.0035594869405031204,0.003471218980848789,0.003961949609220028,0.0035492563620209694,0.003807133063673973,0.0031851311214268208,0.0031395433470606804
/KConfig/busybox-1.18.0;0.006588924676179886,0.0081200678832829,0.006410727743059397,0.005214332137256861,0.005189954303205013,0.008291529957205057,0.0065367757342755795,0.008496087975800037,0.008715320844203234,0.008079882711172104,0.007279530633240938,0.007900406140834093,0.008151574991643429,0.006990727968513966,0.0073099820874631405,0.006845993921160698,0.006778612267225981,0.006138433236628771,0.006512383930385113,0.006015452090650797,0.0069664292968809605,0.006745137274265289,0.00762298796325922,0.006912939250469208,0.006606698967516422,0.006041482090950012,0.0068198926746845245,0.005960969720035791,0.006027246825397015,0.0076740882359445095,0.006293459329754114,0.008319509215652943,0.00728260213509202,0.00627385638654232,0.006611812859773636,0.006837441120296717,0.007498198188841343,0.005896260961890221,0.005148251075297594,0.00634014094248414,0.00618605175986886,0.006007102783769369,0.008202120196074247,0.007423588074743748,0.006325541064143181,0.004998406860977411,0.006008542142808437,0.005967681761831045,0.008330898825079203,0.007218468934297562
/KConfig/embtoolkit;0.009920024778693914,0.010879878886044025,0.008759294636547565,0.010895045008510351,0.009328193962574005,0.00963463680818677,0.015319630969315767,0.013350669760257006,0.009844705928117037,0.008762766141444445,0.0129303690046072,0.012981413397938013,0.009496829938143492,0.010596571024507284,0.009217947721481323,0.015182088129222393,0.015292725060135126,0.014059885870665312,0.01488450588658452,0.013069438748061657,0.010412772186100483,0.011145845986902714,0.009852873161435127,0.012377663049846888,0.011384962126612663,0.009692945051938295,0.010025191120803356,0.01240447722375393,0.011320143938064575,0.00989105412736535,0.00881448807194829,0.008781753946095705,0.015453312080353498,0.012521290685981512,0.008953684940934181,0.008751858957111835,0.009193648118525743,0.010670115239918232,0.014815300237387419,0.012155713979154825,0.010031565092504025,0.009544501081109047,0.015112502966076136,0.012045771349221468,0.012492919806391,0.009627759922295809,0.011624515987932682,0.009809577837586403,0.012481745332479477,0.0102899931371212
/KConfig/uClibc;0.006549165118485689,0.005489521659910679,0.004782375879585743,0.005620941985398531,0.005667394958436489,0.0059208618476986885,0.006250286940485239,0.005554810166358948,0.005873407702893019,0.0063763209618628025,0.006919553969055414,0.005517277866601944,0.005474801175296307,0.006240541115403175,0.005782803054898977,0.005829464178532362,0.006891948636621237,0.004943473264575005,0.005921611096709967,0.0060022748075425625,0.005851029418408871,0.005446344148367643,0.0064219157211482525,0.006542865186929703,0.005495613906532526,0.005780914798378944,0.005646097008138895,0.005854589864611626,0.0056296950206160545,0.006539099849760532,0.007018560077995062,0.006002096924930811,0.005370367784053087,0.005910083185881376,0.0061549036763608456,0.005897616967558861,0.005355608183890581,0.006867450661957264,0.0058806478045880795,0.0056641739793121815,0.006821712013334036,0.005514208227396011,0.005751791875809431,0.005656547844409943,0.006867339834570885,0.0068926699459552765,0.00467050401493907,0.005224849097430706,0.00649230508133769,0.006935514975339174
/KConfig/uClinux-base;0.006360439117997885,0.006572126876562834,0.0054330178536474705,0.005533888936042786,0.006980929058045149,0.007168381009250879,0.006880154833197594,0.005369320046156645,0.004892236087471247,0.006775464862585068,0.005773329176008701,0.005799182690680027,0.006324498914182186,0.0060944939032197,0.007086925208568573,0.0066758194006979465,0.006812275853008032,0.005907643120735884,0.007119421847164631,0.00570657616481185,0.005585559643805027,0.0063310046680271626,0.005735390819609165,0.006283450871706009,0.006159442942589521,0.0057363612577319145,0.006263026036322117,0.005855593830347061,0.006146657280623913,0.006173009984195232,0.005315122194588184,0.006140000186860561,0.006784339901059866,0.0056214481592178345,0.007190893869847059,0.006093580275774002,0.006056373007595539,0.007243708707392216,0.0059363520704209805,0.005390041973441839,0.00620080204680562,0.006802708376199007,0.005624434910714626,0.00635182112455368,0.005837771110236645,0.007005573250353336,0.006413768045604229,0.005321416072547436,0.006578753236681223,0.005968396086245775
/KConfig/uClinux-distribution;0.009394669905304909,0.008988279849290848,0.007645218167454004,0.005809905007481575,0.008616757113486528,0.0076990630477666855,0.0069979289546608925,0.006213521119207144,0.00716931140050292,0.006587428040802479,0.006626933813095093,0.009676323272287846,0.010437638964504004,0.008575581945478916,0.00935866916552186,0.0082860360853374,0.009571413043886423,0.0067783016711473465,0.006414094939827919,0.00687775295227766,0.00590830622240901,0.010023646987974644,0.00751525117084384,0.009367555845528841,0.00843097921460867,0.006886710878461599,0.006492597050964832,0.007566056679934263,0.008383470121771097,0.006311494391411543,0.008234674111008644,0.007880263961851597,0.006098889745771885,0.006920372135937214,0.007125770207494497,0.009970815852284431,0.008442366030067205,0.009527063928544521,0.008662224281579256,0.007194591220468283,0.005836336873471737,0.007210049778223038,0.007532576099038124,0.0069543058052659035,0.008099493570625782,0.008169159293174744,0.007345680613070726,0.006385507062077522,0.009018490090966225,0.008427002001553774
/Smarch/7z;0.003241076599806547,0.0033879028633236885,0.0032071368768811226,0.0031050811521708965,0.0031873411498963833,0.0034652957692742348,0.0035000108182430267,0.003590438049286604,0.0036773737519979477,0.003787767142057419,0.0037995846942067146,0.003853520844131708,0.0037375357933342457,0.003882693126797676,0.003918038681149483,0.0038523180410265923,0.003642790950834751,0.0037034940905869007,0.0036751488223671913,0.0037046470679342747,0.0037765828892588615,0.0038571259938180447,0.00389969814568758,0.0038208509795367718,0.0036953999660909176,0.0037043248303234577,0.0036715520545840263,0.003780784085392952,0.003726482857018709,0.0038384650833904743,0.003805384039878845,0.0038937670178711414,0.0038523711264133453,0.003850360866636038,0.00382467033341527,0.0036546331830322742,0.0036797672510147095,0.0037100212648510933,0.0037990561686456203,0.003783478867262602,0.0034646233543753624,0.003978164866566658,0.00283681508153677,0.003805027808994055,0.0034195873886346817,0.0037311920896172523,0.003178955055773258,0.0037132580764591694,0.003572721965610981,0.0037186769768595695
/Smarch/BerkeleyDBC;0.0034599951468408108,0.0036295168101787567,0.003626492340117693,0.003587569110095501,0.0036922749131917953,0.0036549498327076435,0.0036762761883437634,0.0024689710699021816,0.003375197295099497,0.002960328944027424,0.0035079470835626125,0.0033447430469095707,0.0035729212686419487,0.0036417562514543533,0.0034032906405627728,0.0026819580234587193,0.003586932085454464,0.00311065511777997,0.0026307557709515095,0.0025823498144745827,0.003503411076962948,0.0031111366115510464,0.0034888209775090218,0.003159068990498781,0.003679199144244194,0.0033807549625635147,0.0035843150690197945,0.0036087092012166977,0.0035886401310563087,0.0036829328164458275,0.002734216395765543,0.0036484571173787117,0.00317311380058527,0.003643906209617853,0.004269883967936039,0.003485101740807295,0.0034374441020190716,0.0036197728477418423,0.003680249210447073,0.0036109699867665768,0.003627240192145109,0.003617712762206793,0.003586181905120611,0.003606756217777729,0.0037178671918809414,0.003683685790747404,0.0035905507393181324,0.0034722299315035343,0.0034982129000127316,0.0034027788788080215
/Smarch/Dune;0.002683304250240326,0.0025582988746464252,0.0036677848547697067,0.002854513004422188,0.0034807431511580944,0.0030110212974250317,0.0036047720350325108,0.0032390039414167404,0.0035711871460080147,0.0033931219950318336,0.0036497251130640507,0.003505935426801443,0.0037022940814495087,0.0036653648130595684,0.00368763180449605,0.003626363817602396,0.0036451267078518867,0.0036031468771398067,0.0037350300699472427,0.0027072052471339703,0.00353913102298975,0.003440509084612131,0.00358080817386508,0.0034134858287870884,0.003583111334592104,0.0037137758918106556,0.0036552022211253643,0.003650359809398651,0.0034842118620872498,0.0035362178459763527,0.003558854106813669,0.003622005693614483,0.0036185202188789845,0.003782867919653654,0.003663945011794567,0.0036160037852823734,0.0037034591659903526,0.0036040651611983776,0.0036458568647503853,0.002724495716392994,0.0035550640895962715,0.003512382972985506,0.003186351153999567,0.00364543404430151,0.003616936970502138,0.0036972840316593647,0.0035900739021599293,0.0035412381403148174,0.0034996233880519867,0.003608269616961479
/Smarch/HiPAcc;0.003897220827639103,0.003795878030359745,0.003912258893251419,0.0038562389090657234,0.0038288780488073826,0.0033164620399475098,0.0037716617807745934,0.003689500968903303,0.0038435161113739014,0.0036728698760271072,0.0038239932619035244,0.0038176560774445534,0.003919421229511499,0.003920623101294041,0.003943894058465958,0.0038770977407693863,0.0036949608474969864,0.0037048161029815674,0.00367957865819335,0.0037462329491972923,0.003827270120382309,0.00395929766818881,0.003915645647794008,0.003887786064296961,0.0036657052114605904,0.0037040039896965027,0.0036997077986598015,0.0039042127318680286,0.0037877741269767284,0.003862166777253151,0.0038916273042559624,0.0038272086530923843,0.003726950380951166,0.003762743901461363,0.0037699020467698574,0.003852399066090584,0.00379101000726223,0.0040145800448954105,0.003981387708336115,0.003953621722757816,0.0031086457893252373,0.003717718180269003,0.0036087697371840477,0.003812292590737343,0.003793060779571533,0.0036446740850806236,0.0036132819950580597,0.003849133849143982,0.0038756821304559708,0.003965467214584351
/Smarch/JHipster;0.003907814621925354,0.0036915093660354614,0.003720153123140335,0.0037166601978242397,0.003844515886157751,0.0038683461025357246,0.00392697611823678,0.0039268191903829575,0.003868302796036005,0.0037211747840046883,0.003718180116266012,0.0037011471576988697,0.0037740832194685936,0.0037356731481850147,0.0039555528201162815,0.00402872683480382,0.003969100303947926,0.003679400309920311,0.0037310724146664143,0.0030186972580850124,0.003788677044212818,0.00379443122074008,0.0037809419445693493,0.0036373487673699856,0.003976789768785238,0.0038403687067329884,0.004008371848613024,0.0038890792056918144,0.0036542280577123165,0.0037442808970808983,0.0037099099718034267,0.0038685393519699574,0.0037924228236079216,0.003911526873707771,0.0034836921840906143,0.003928668797016144,0.0038632829673588276,0.0038488847203552723,0.0033134520053863525,0.0037092072889208794,0.0037232553586363792,0.0037879091687500477,0.003800197970122099,0.003841246012598276,0.003845294937491417,0.0038741729222238064,0.0038156178779900074,0.003866915125399828,0.0038094278424978256,0.004100264981389046
/Smarch/JavaGC;0.0038315681740641594,0.003629511222243309,0.003665412776172161,0.0036783432587981224,0.003805435262620449,0.0037776529788970947,0.003841692116111517,0.0038015050813555717,0.003883618861436844,0.0038354801945388317,0.0038272826932370663,0.003645197954028845,0.0036545880138874054,0.0036264369264245033,0.003724351990967989,0.0036724316887557507,0.003891006112098694,0.0027735671028494835,0.0028467639349400997,0.003617621958255768,0.0031154006719589233,0.003067923244088888,0.003668905235826969,0.003472735174000263,0.0034201210364699364,0.00350720202550292,0.003451212774962187,0.0026810760609805584,0.00366671709343791,0.002683953382074833,0.0036236601881682873,0.0031370604410767555,0.003688732162117958,0.0035112672485411167,0.00373975932598114,0.0036618621088564396,0.003717305138707161,0.0037563592195510864,0.003950382582843304,0.003338612150400877,0.00364145589992404,0.003562619909644127,0.0035983878187835217,0.0036841132678091526,0.0037632151506841183,0.003720792941749096,0.00377640500664711,0.0037804702296853065,0.0037813792005181313,0.0038471859879791737
/Smarch/LLVM;0.0037139439955353737,0.0035545979626476765,0.0034870347008109093,0.003553930204361677,0.003584110178053379,0.0036566019989550114,0.0035303346812725067,0.0035163890570402145,0.0035534310154616833,0.0036533139646053314,0.003646573983132839,0.003590809181332588,0.0035990141332149506,0.003636416047811508,0.0035873297601938248,0.002753663342446089,0.003473921213299036,0.0030728476122021675,0.003280126955360174,0.0032790210098028183,0.0035933316685259342,0.0034044580534100533,0.0036327410489320755,0.003309937659651041,0.0036500561982393265,0.003583715297281742,0.003449379000812769,0.003481621854007244,0.003519042395055294,0.0035844738595187664,0.003577869851142168,0.003552383743226528,0.0036259079352021217,0.0035524009726941586,0.003581215161830187,0.0035935458727180958,0.0036001591943204403,0.00365358404815197,0.0036418093368411064,0.0034555261954665184,0.0026625562459230423,0.0027065351605415344,0.0027097510173916817,0.0035182861611247063,0.003066201228648424,0.0034264950081706047,0.0031136651523411274,0.0035634366795420647,0.003446436021476984,0.0035850168205797672
/Smarch/Polly;0.003747078590095043,0.003639419097453356,0.0037879752926528454,0.003700429107993841,0.0036188438534736633,0.00378854526206851,0.0028929621912539005,0.003731879871338606,0.003357728011906147,0.0035719387233257294,0.003238821867853403,0.0036789500154554844,0.0036635566502809525,0.0037640430964529514,0.003676616121083498,0.0037075341679155827,0.0037226001732051373,0.0037715910002589226,0.0037166429683566093,0.0037804688327014446,0.0038174008950591087,0.003751089796423912,0.0036529540084302425,0.0035706330090761185,0.0038581988774240017,0.00379416486248374,0.0037302477285265923,0.003559684846550226,0.0035977549850940704,0.003570938017219305,0.002843970898538828,0.003721888642758131,0.003292123321443796,0.0036309207789599895,0.003181012813001871,0.0026826499961316586,0.002936348784714937,0.003757988102734089,0.0031085051596164703,0.0035640117712318897,0.003229213412851095,0.0036304648965597153,0.0034901918843388557,0.0034002899192273617,0.0037008682265877724,0.0036983187310397625,0.0036889868788421154,0.003736124373972416,0.0037611988373100758,0.003714116755872965
/Smarch/VP9;0.0038285418413579464,0.0037055709399282932,0.0037280782125890255,0.0037373448722064495,0.0038472330197691917,0.0037284414283931255,0.003758043982088566,0.0037364638410508633,0.0036889039911329746,0.0036795339547097683,0.0037392466329038143,0.003779390826821327,0.0037389518693089485,0.0038769678212702274,0.00384288327768445,0.0037506818771362305,0.003701272886246443,0.0029184333980083466,0.0037896232679486275,0.0035678562708199024,0.0038010352291166782,0.003394905012100935,0.0035811560228466988,0.00367758609354496,0.0037466012872755527,0.00369048397988081,0.003656277898699045,0.0038525820709764957,0.0037787598557770252,0.003835445735603571,0.0033894870430231094,0.0037762862630188465,0.0035460209473967552,0.003599311225116253,0.003469059243798256,0.003670881036669016,0.0036982912570238113,0.003724514041095972,0.0037027811631560326,0.0038395849987864494,0.003841022029519081,0.0038089128211140633,0.0033299182541668415,0.0036303489468991756,0.003657003864645958,0.0036295168101787567,0.0035538580268621445,0.0037672482430934906,0.0037389900535345078,0.0037737679667770863
/Smarch/X264;0.0037550502456724644,0.0036807768046855927,0.0037145428359508514,0.003285531885921955,0.003544781357049942,0.0036845658905804157,0.0034796851687133312,0.0036191833205521107,0.0035651461221277714,0.003675547894090414,0.003707967698574066,0.0036410577595233917,0.003593559842556715,0.0036237076856195927,0.0037745540030300617,0.0036423061974346638,0.0036592772230505943,0.0036430726759135723,0.0034963497892022133,0.0035304748453199863,0.003550262190401554,0.0036142119206488132,0.0036164079792797565,0.0036607421934604645,0.003636459819972515,0.0036537647247314453,0.00363672012463212,0.0036199423484504223,0.003594784066081047,0.0035609393380582333,0.0034026610665023327,0.0026521580293774605,0.0035524689592421055,0.0027238773182034492,0.0034802230075001717,0.0030040768906474113,0.003541969694197178,0.003340160008519888,0.0036072819493710995,0.0033615599386394024,0.003477515187114477,0.003539987839758396,0.0035724518820643425,0.0026495917700231075,0.002699506003409624,0.0034883301705121994,0.00359440129250288,0.0035438532941043377,0.003639830742031336,0.0035403617657721043
/Smarch/axTLS;0.006382688879966736,0.006435058079659939,0.006456268951296806,0.006470957305282354,0.005304953083395958,0.005649005062878132,0.005901823751628399,0.006096719764173031,0.005881289951503277,0.006404863204807043,0.005668305326253176,0.004687862005084753,0.0061696781776845455,0.005536398850381374,0.0066324882209300995,0.005224870052188635,0.005129458848387003,0.005963352974504232,0.005996473133563995,0.004758730065077543,0.005505128297954798,0.0054451157338917255,0.005906193982809782,0.005495014600455761,0.005932682193815708,0.005638923030346632,0.004815973341464996,0.0057869949378073215,0.006123304832726717,0.006598753854632378,0.006537601817399263,0.005506090819835663,0.004592156037688255,0.005979365669190884,0.00646807998418808,0.005059758201241493,0.006432772614061832,0.005409534089267254,0.004856054205447435,0.0055436789989471436,0.005704037845134735,0.0059950388967990875,0.005894412752240896,0.006227096077054739,0.005188065115362406,0.005763749126344919,0.00619343901053071,0.0055474271066486835,0.0048033930361270905,0.005247101187705994
/Smarch/axtls_2_1_4;0.003956517204642296,0.0038753896951675415,0.00365349929779768,0.004114385228604078,0.003355216234922409,0.004199300892651081,0.0037795002572238445,0.004116896074265242,0.003893525805324316,0.0041974992491304874,0.004210473969578743,0.004240439739078283,0.004202520940452814,0.004010617733001709,0.004305930808186531,0.004213482141494751,0.004239434376358986,0.004144993145018816,0.004171920940279961,0.004158229101449251,0.004165129270404577,0.004150704946368933,0.004233129788190126,0.004190638195723295,0.004263761918991804,0.004268689081072807,0.0038189031183719635,0.004275212995707989,0.0042138537392020226,0.004214976914227009,0.004049417097121477,0.004115941934287548,0.004141184967011213,0.004230530001223087,0.003401168156415224,0.004090770147740841,0.003572764340788126,0.004050218965858221,0.00390907796099782,0.0039234040305018425,0.004227322060614824,0.004231985192745924,0.0041608791798353195,0.0040396167896687984,0.00406132685020566,0.004160652868449688,0.00418323976919055,0.004177762195467949,0.0040185158140957355,0.004086775705218315
/Smarch/busybox-1.18.0;0.02308285515755415,0.021370964124798775,0.019420719239860773,0.022897141985595226,0.02247269032523036,0.023008515127003193,0.019168574828654528,0.0229181251488626,0.02096238825470209,0.018345824908465147,0.017010921146720648,0.023389982990920544,0.020531552843749523,0.018420678097754717,0.01916505489498377,0.01822448894381523,0.02322096098214388,0.022069253027439117,0.023649212904274464,0.022002970799803734,0.023495282046496868,0.02150799985975027,0.01775372913107276,0.018720112275332212,0.018262729980051517,0.019787622150033712,0.01898067630827427,0.01787699293345213,0.019645834807306528,0.019033905118703842,0.017817050218582153,0.018559054005891085,0.022123232949525118,0.020573877729475498,0.018118439242243767,0.024191034957766533,0.02285426389425993,0.019291818141937256,0.019759164657443762,0.017578976694494486,0.01892705913633108,0.019408456049859524,0.017904003150761127,0.018954715691506863,0.01841357396915555,0.018245945684611797,0.02278980892151594,0.02346859499812126,0.020265836268663406,0.02009221399202943
/Smarch/busybox_1_28_0;0.52640471002087,0.5718093626201153,0.5340670221485198,0.5004654661752284,0.5068442500196397,0.49868957325816154,0.4957526233047247,0.5039098178967834,0.5030741011723876,0.5016798609867692,0.5058477655984461,0.5051807328127325,0.5092001189477742,0.5011179186403751,0.5055765938013792,0.4926765989512205,0.5084412861615419,0.5725624123588204,0.5759519999846816,0.526615827344358,0.5510705788619816,0.5523676387965679,0.5247140862047672,0.5223489529453218,0.5395626896061003,0.5601156041957438,0.5338733978569508,0.5324593996629119,0.5410148929804564,0.5448100282810628,0.5340092293918133,0.5217705550603569,0.5397594310343266,0.5413986733183265,0.5234461878426373,0.5218551638536155,0.5422529629431665,0.5195449059829116,0.5351480292156339,0.5175880109891295,0.5203968887217343,0.5285189650021493,0.5268823350779712,0.5280985198915005,0.5244554481469095,0.5335524859838188,0.5545350289903581,0.5311634801328182,0.5257807676680386,0.5289083179086447
/Smarch/embtoolkit;0.3278617733158171,0.3210305799730122,0.32775769708678126,0.33042611135169864,0.3398903599008918,0.33513758098706603,0.3330967943184078,0.32446459494531155,0.3372895340435207,0.3342143218033016,0.3313375390134752,0.32228152779862285,0.33462083572521806,0.34074007580056787,0.32117088697850704,0.3285843590274453,0.3323967340402305,0.3374033132568002,0.32165729394182563,0.3310673739761114,0.3290511448867619,0.3282817332074046,0.3181980890221894,0.3242222210392356,0.3274546079337597,0.3253763630054891,0.3318266556598246,0.3246585261076689,0.3246127460151911,0.3171743708662689,0.32289622630923986,0.32352687418460846,0.33887911681085825,0.32147308718413115,0.32226384803652763,0.3225405071862042,0.33383406000211835,0.32704920088872313,0.3231775602325797,0.3273011348210275,0.3297157292254269,0.3197436900809407,0.3304290818050504,0.32859706319868565,0.31766643235459924,0.3350492538884282,0.3293292587623,0.32515239901840687,0.32564139273017645,0.32649295777082443
/Smarch/fiasco;0.011048322077840567,0.006800381932407618,0.004777324851602316,0.010692731942981482,0.008477369789034128,0.0075090741738677025,0.008785613812506199,0.004940542858093977,0.008451280649751425,0.00664999894797802,0.008294333703815937,0.009112466126680374,0.008649718947708607,0.005777295678853989,0.006693311035633087,0.008101682644337416,0.007722020149230957,0.009069659281522036,0.006739659700542688,0.006192192900925875,0.008506160229444504,0.008373880293220282,0.005590940359979868,0.007929724175482988,0.006542903836816549,0.0061929295770823956,0.009827058296650648,0.007541363127529621,0.005756563972681761,0.007997486274689436,0.006561693735420704,0.008589716162532568,0.0109283528290689,0.009173831436783075,0.008696038741618395,0.006823014933615923,0.006090192589908838,0.01054344605654478,0.008206082973629236,0.008801653049886227,0.00985572300851345,0.010116506833583117,0.008102500811219215,0.006421303376555443,0.006842783186584711,0.008062646258622408,0.007408236153423786,0.006178827956318855,0.007215558085590601,0.007142757996916771
/Smarch/fiasco_17_10;0.003975816071033478,0.004157985094934702,0.00432768976315856,0.004614430945366621,0.004769159946590662,0.005385915748775005,0.005302831064909697,0.005694399122148752,0.005734945181757212,0.005897768307477236,0.004071697127074003,0.005182923749089241,0.005168265197426081,0.005094746593385935,0.0048617832362651825,0.004838384222239256,0.00546425674110651,0.005012787878513336,0.005356940906494856,0.005293630994856358,0.0048601566813886166,0.005173083860427141,0.0054770661517977715,0.004960876889526844,0.005259016063064337,0.005141584202647209,0.005042454227805138,0.004969916772097349,0.005070227663964033,0.0050883530639112,0.005150286015123129,0.004866837058216333,0.004960512742400169,0.005125103984028101,0.0052105216309428215,0.00549780810251832,0.005650946870446205,0.005451628938317299,0.0048329490236938,0.0053560491651296616,0.00541683379560709,0.0054393429309129715,0.005057164002209902,0.005561205092817545,0.0054891686886549,0.00541456276550889,0.005281342193484306,0.005320597905665636,0.005151722114533186,0.005343183875083923
/Smarch/lrzip;0.004053472075611353,0.004281624220311642,0.003954075742512941,0.00391450896859169,0.0038902107626199722,0.003912016749382019,0.003898921888321638,0.0038610571064054966,0.0038123782724142075,0.00370247894898057,0.0037675658240914345,0.004080059006810188,0.003827495966106653,0.003825702704489231,0.003745018970221281,0.003684637136757374,0.003718090709298849,0.003767379093915224,0.003817248158156872,0.003883272409439087,0.00382034620270133,0.003859089221805334,0.0038695428520441055,0.0038225241005420685,0.0038526467978954315,0.0037141935899853706,0.0036468831822276115,0.003693175036460161,0.0038063987158238888,0.0037290211766958237,0.003958709072321653,0.003927501849830151,0.0032829209230840206,0.003942364361137152,0.0035687871277332306,0.003701208159327507,0.003770736977458,0.0037393057718873024,0.0038303048349916935,0.003782851155847311,0.003988873679190874,0.003057615365833044,0.0036299717612564564,0.00347509840503335,0.0037390966899693012,0.0033439933322370052,0.00374388275668025,0.0038128262385725975,0.0039313738234341145,0.0038563888520002365
/Smarch/toybox;0.005784729029983282,0.0056271241046488285,0.005879277363419533,0.004944673739373684,0.00595119409263134,0.005899564828723669,0.005544714163988829,0.005647638812661171,0.00578111270442605,0.0044333478435873985,0.004715945105999708,0.005581606179475784,0.005032601300626993,0.004838781896978617,0.005381972994655371,0.005286713130772114,0.005862282123416662,0.005000641103833914,0.005289635621011257,0.005327319260686636,0.005635587964206934,0.005931729916483164,0.004783871583640575,0.005751447286456823,0.005272210575640202,0.005415177904069424,0.005193318240344524,0.005947556812316179,0.005865704733878374,0.005841836333274841,0.005847597029060125,0.005743428133428097,0.005538195837289095,0.004771165084093809,0.005002286285161972,0.005368268117308617,0.0049946364015340805,0.005379369016736746,0.005043599754571915,0.005786946043372154,0.0049329339526593685,0.005626969039440155,0.005673205014318228,0.005832434166222811,0.005598878022283316,0.005516462959349155,0.0054687210358679295,0.005443130154162645,0.005146150942891836,0.005173963960260153
/Smarch/toybox_0_7_5;0.004754228983074427,0.004568544216454029,0.004636868368834257,0.004864934831857681,0.0049123321659862995,0.004780231975018978,0.004618621896952391,0.0046277171932160854,0.004740378353744745,0.0047999112866818905,0.004807760939002037,0.004715055227279663,0.0049702487885952,0.004665514919906855,0.004425764549523592,0.004750980995595455,0.00480507081374526,0.004988552071154118,0.004915834870189428,0.0047101350501179695,0.004923117812722921,0.00491816783323884,0.004879336804151535,0.004780786111950874,0.005004646256566048,0.004946290981024504,0.004678597208112478,0.0045516048558056355,0.004518416710197926,0.004898582119494677,0.004888943862169981,0.004959410056471825,0.0047720931470394135,0.0048672049306333065,0.004684722051024437,0.0045296382158994675,0.004641636274755001,0.0048918589018285275,0.005063427146524191,0.004873715341091156,0.004569279029965401,0.00461460230872035,0.0047269403003156185,0.004768818151205778,0.004879222251474857,0.0047808559611439705,0.00504036620259285,0.00495824683457613,0.004977566190063953,0.004772134590893984
/Smarch/uClibc-ng_1_0_29;0.00609596585854888,0.00606901478022337,0.006263609044253826,0.006338413804769516,0.005982999224215746,0.0061762649565935135,0.005804707296192646,0.005909007973968983,0.006002124864608049,0.005649986211210489,0.005867721047252417,0.005595033057034016,0.005417534150183201,0.005813124123960733,0.005323047284036875,0.0052641406655311584,0.0062456210143864155,0.00560817401856184,0.005869023036211729,0.005886923987418413,0.005605577956885099,0.005691226106137037,0.005103093106299639,0.00565651711076498,0.00614511501044035,0.005612741224467754,0.0053412532433867455,0.005608211737126112,0.005473627708852291,0.004935237113386393,0.006517970003187656,0.006353134289383888,0.006089482922106981,0.006031430792063475,0.005435487721115351,0.005151471123099327,0.005831128917634487,0.006005061790347099,0.005956539884209633,0.006256869062781334,0.005877200979739428,0.006011255085468292,0.005918147042393684,0.005458049941807985,0.005077030044049025,0.005380842834711075,0.005319255869835615,0.0059989928267896175,0.006002406124025583,0.006310522556304932
/Smarch/uClinux-config;0.03393099224194884,0.02798515884205699,0.033733385149389505,0.028156416956335306,0.033919043838977814,0.03144927462562919,0.03327016904950142,0.028325452003628016,0.032496009953320026,0.03188791126012802,0.028609119821339846,0.03319689305499196,0.0331990709528327,0.030514005105942488,0.02754163695499301,0.029634178150445223,0.03475368907675147,0.03167020529508591,0.028496223036199808,0.02932655205950141,0.028597314842045307,0.02923711109906435,0.02968474943190813,0.03418477484956384,0.03264699410647154,0.029624477960169315,0.034236015286296606,0.0335455727763474,0.02943314565345645,0.03304202202707529,0.032075705006718636,0.03409461164847016,0.03416792023926973,0.029881438706070185,0.028302556835114956,0.027834075037389994,0.034248453099280596,0.03353384183719754,0.0296157980337739,0.03246550587937236,0.0321958321146667,0.027765715960413218,0.034051546826958656,0.03194538317620754,0.03474754607304931,0.0330250752158463,0.02857498824596405,0.03333471715450287,0.03199719125404954,0.032680139411240816
/Smarch/uClinux;0.00971681671217084,0.008830452337861061,0.007833733689039946,0.01130587188526988,0.009142936673015356,0.007527557201683521,0.0069308108650147915,0.007380952127277851,0.007768068928271532,0.011011239141225815,0.009159773122519255,0.008087567053735256,0.007109798025339842,0.007788925897330046,0.011286263354122639,0.009330785367637873,0.007256295997649431,0.006495752837508917,0.0074527570977807045,0.00700578885152936,0.007011136971414089,0.007755009923130274,0.007201788015663624,0.007101130206137896,0.009999244939535856,0.00886447774246335,0.008595081977546215,0.0067139421589672565,0.007605426013469696,0.009184289257973433,0.007224543020129204,0.00904794642701745,0.00772207323461771,0.0076397620141506195,0.006766629870980978,0.007094445172697306,0.0076766530983150005,0.00832420913502574,0.011317065916955471,0.00970755610615015,0.007424732204526663,0.011134000029414892,0.008470970205962658,0.009483436588197947,0.0089729567989707,0.009066104888916016,0.0068983277305960655,0.007169574964791536,0.010084487963467836,0.008277738932520151
/automotive01/automotive01;0.05857061129063368,0.061422344762831926,0.055579917039722204,0.056443940848112106,0.06124004302546382,0.05996722215786576,0.06176363490521908,0.06148320669308305,0.05617358721792698,0.05717564094811678,0.05566746974363923,0.055493137799203396,0.05585348792374134,0.05684432201087475,0.05524124065414071,0.05485102720558643,0.05590383289381862,0.05735085904598236,0.05566487601026893,0.05524547817185521,0.05569043708965182,0.057681967969983816,0.055732285138219595,0.05586054129526019,0.055815139785408974,0.061873084865510464,0.06138196075335145,0.055914613883942366,0.056748848874121904,0.06140425195917487,0.061450805980712175,0.05585333798080683,0.061971866991370916,0.05595389800146222,0.057837764266878366,0.06286919675767422,0.05533905187621713,0.05627081822603941,0.05563616007566452,0.05474872700870037,0.05478729074820876,0.05486321309581399,0.055316883604973555,0.057141466066241264,0.051521480083465576,0.060311201959848404,0.055881930980831385,0.056377540808171034,0.05365154007449746,0.06156776612624526
/automotive02/automotive2_4;0.15138180507346988,0.15149870375171304,0.1507951458916068,0.15155300730839372,0.12924204813316464,0.1478003622032702,0.15428895317018032,0.1499139810912311,0.15127448877319694,0.12505248514935374,0.12753365514799953,0.12834432721138,0.13147161342203617,0.12165389116853476,0.13149763690307736,0.1296269721351564,0.12722579762339592,0.13121542008593678,0.13105866219848394,0.12409574491903186,0.13121111877262592,0.12201777379959822,0.13062747986987233,0.12223187321797013,0.12234399374574423,0.12854126514866948,0.1219745660200715,0.13017326407134533,0.12824092712253332,0.122090769931674,0.13129768194630742,0.12480958178639412,0.12388322921469808,0.1284750089980662,0.1293444810435176,0.12787194969132543,0.13000335916876793,0.14901063591241837,0.13033686066046357,0.12183124292641878,0.13074320601299405,0.12766129383817315,0.12468133820220828,0.12268351577222347,0.1233076429925859,0.12341631297022104,0.1290579019114375,0.1311455206014216,0.12261380767449737,0.12299430789425969
/featureide_examples/berkeleydb;0.007187241688370705,0.004994878079742193,0.004619625862687826,0.0044852858409285545,0.004712447989732027,0.004329778254032135,0.0047856480814516544,0.0037169810384511948,0.003958954941481352,0.004348250571638346,0.003951520659029484,0.003673921339213848,0.003585095051676035,0.004342515952885151,0.004364978987723589,0.0041807289235293865,0.003451454918831587,0.0034225857816636562,0.0035688369534909725,0.002924641128629446,0.0027554109692573547,0.004142729099839926,0.0033601848408579826,0.0032870741561055183,0.0033457279205322266,0.002675475552678108,0.004175094421952963,0.002619920764118433,0.0041471561416983604,0.0034545352682471275,0.00333503820002079,0.004342813044786453,0.003377754706889391,0.003920170944184065,0.003740744199603796,0.0031544240191578865,0.00373585382476449,0.0036089476197957993,0.003557140938937664,0.004394560120999813,0.0040098452009260654,0.004107494372874498,0.004296017810702324,0.0032047089189291,0.0037714862264692783,0.0036499779671430588,0.00362970307469368,0.003983339294791222,0.003381393849849701,0.004098913166671991
/financial_services/financialServices_2018-05-09;0.02820690767839551,0.031228188890963793,0.029571692924946547,0.02957502007484436,0.02619285974651575,0.0248250188305974,0.02297232998535037,0.022881709039211273,0.02296135015785694,0.02286973176524043,0.023097619879990816,0.022858142852783203,0.02289664512500167,0.024613248649984598,0.02703808294609189,0.026817826088517904,0.028885106090456247,0.027259452268481255,0.02924613282084465,0.027905749157071114,0.02887034323066473,0.029410479124635458,0.032078668009489775,0.03305987920612097,0.03153203008696437,0.027278131805360317,0.03271547006443143,0.031974710058420897,0.028100929223001003,0.03257590206339955,0.03201439743861556,0.027822914067655802,0.032290501054376364,0.032849124167114496,0.027272500097751617,0.027106764260679483,0.03224751306697726,0.030281882267445326,0.032369089778512716,0.03335812408477068,0.03227197704836726,0.03279857197776437,0.02817492699250579,0.03281478211283684,0.03289105510339141,0.03172694472596049,0.03332658717408776,0.03182374220341444,0.03141463687643409,0.028867483139038086
/confidential/automotive03/03;0.006716026924550533,0.009314116090536118,0.00851441826671362,0.007092838641256094,0.006490600295364857,0.007706962060183287,0.008892640005797148,0.006753029767423868,0.009087811224162579,0.008697794750332832,0.0062858946621418,0.010110787115991116,0.008036371786147356,0.008535134140402079,0.008497617673128843,0.009036028292030096,0.009723335038870573,0.008790247142314911,0.007629821076989174,0.006131650414317846,0.00880123395472765,0.007633063942193985,0.00693825026974082,0.00783446803689003,0.007739455439150333,0.008297634776681662,0.00885522598400712,0.009564178995788097,0.007985040079802275,0.006363779306411743,0.006365450099110603,0.007055973634123802,0.00787444319576025,0.007259227801114321,0.006300684995949268,0.006756272166967392,0.00635890569537878,0.010068126022815704,0.008024194743484259,0.006452575791627169,0.008789523039013147,0.008540670853108168,0.008881899062544107,0.00901876576244831,0.006775265093892813,0.0059916190803050995,0.00723359826952219,0.006516498979181051,0.009261534083634615,0.00867780577391386
/confidential/automotive03/automotive03a;0.005549298133701086,0.004732189234346151,0.004983711987733841,0.0054349410347640514,0.004827606026083231,0.0055322060361504555,0.00530197424814105,0.005473894067108631,0.005360427778214216,0.0052851540967822075,0.005688217002898455,0.005561901722103357,0.0047955322079360485,0.005112295038998127,0.005219835322350264,0.005421265959739685,0.005503753200173378,0.005527075845748186,0.00510394899174571,0.0046263099648058414,0.005007593892514706,0.00529639795422554,0.005143099930137396,0.005422717891633511,0.005054619628936052,0.005444055888801813,0.005483234766870737,0.005662869196385145,0.005041450262069702,0.004622460808604956,0.0050300778821110725,0.005452481098473072,0.005470355972647667,0.00519193522632122,0.0033466401509940624,0.00539881968870759,0.004182856064289808,0.0044093350879848,0.0049745431169867516,0.004576115868985653,0.0050470782443881035,0.005488046910613775,0.005230177193880081,0.00582457659766078,0.005283636040985584,0.0045415982604026794,0.005377994384616613,0.005127885844558477,0.005257967859506607,0.005005965940654278
/confidential/automotive03/automotive03b;0.017261582892388105,0.01676431018859148,0.014775596093386412,0.014052859041839838,0.014641915913671255,0.015432056970894337,0.01639513112604618,0.02006916282698512,0.01944894203916192,0.017162378877401352,0.019817539025098085,0.01949509745463729,0.01730612339451909,0.019907124806195498,0.019888143986463547,0.01690884865820408,0.019771143794059753,0.019401100929826498,0.017739858012646437,0.01962904818356037,0.019233366008847952,0.017563385888934135,0.01969564612954855,0.019510540179908276,0.017446179874241352,0.01901200693100691,0.020126839634031057,0.01639979798346758,0.014157162047922611,0.014102824032306671,0.014495224691927433,0.015594305004924536,0.014340531080961227,0.014484717976301908,0.01566430041566491,0.014452977105975151,0.01457941671833396,0.015775491017848253,0.020600929856300354,0.018181647174060345,0.020298613235354424,0.016799198929220438,0.017025854904204607,0.01585015980526805,0.01679923478513956,0.016548272222280502,0.01601802697405219,0.014695080928504467,0.014922457281500101,0.015266739763319492
/confidential/automotive04/04;0.005633815191686153,0.005932362750172615,0.007344690151512623,0.005743101704865694,0.00588445458561182,0.006629489827901125,0.004900787025690079,0.004748879000544548,0.006346973590552807,0.0060441442765295506,0.006371151190251112,0.007415016181766987,0.005132931750267744,0.00695028668269515,0.005812511313706636,0.006346515845507383,0.006395102944225073,0.005032929126173258,0.0072480118833482265,0.0062072062864899635,0.006334255915135145,0.007357968017458916,0.006570804864168167,0.006576251238584518,0.00594099098816514,0.006359755992889404,0.006069208960980177,0.006716634146869183,0.006016235798597336,0.006020712200552225,0.006581413093954325,0.0063467249274253845,0.006747717969119549,0.00595048489049077,0.005961314309388399,0.00639925803989172,0.006406506057828665,0.004843438975512981,0.006838622968643904,0.0058219293132424355,0.00487798685207963,0.006602308247238398,0.007160213775932789,0.0065649934113025665,0.007304982747882605,0.006066969130188227,0.006133010145276785,0.00710054486989975,0.007233285810798407,0.006946620065718889
/confidential/automotive06/automotive06a;0.005348613951355219,0.006042495369911194,0.004784323740750551,0.005569484084844589,0.006540147587656975,0.005583574995398521,0.005575553979724646,0.006331061013042927,0.005892850924283266,0.005849160254001617,0.005633566062897444,0.005383591167628765,0.0061538261361420155,0.00613335520029068,0.005548510700464249,0.005107596050947905,0.006416855845600367,0.005955884698778391,0.005788651295006275,0.006047205068171024,0.005357002839446068,0.006046291906386614,0.006129307206720114,0.00551013695076108,0.005141209810972214,0.00620212871581316,0.006845301948487759,0.00667297188192606,0.006160049233585596,0.0038746879436075687,0.006183884106576443,0.006153505761176348,0.006082380190491676,0.005708645097911358,0.006522675976157188,0.004846862051635981,0.0057646785862743855,0.006497196853160858,0.005387809127569199,0.0055328779853880405,0.005148435011506081,0.006096151191741228,0.0059104012325406075,0.0060890549793839455,0.005259898956865072,0.00592298898845911,0.005986288655549288,0.0054212817922234535,0.005201257299631834,0.005340842064470053
/confidential/automotive06/automotive06b;0.017478559631854296,0.019377498887479305,0.017549519892781973,0.01612765295431018,0.01669692900031805,0.016014630906283855,0.01785774389281869,0.01822189800441265,0.015437801834195852,0.016317371744662523,0.01780884712934494,0.016366008203476667,0.019155631307512522,0.01787202199921012,0.01817598007619381,0.018459782004356384,0.016638594213873148,0.01881146477535367,0.019152133259922266,0.019136724062263966,0.01631021173670888,0.015216318890452385,0.014237717725336552,0.015479349065572023,0.01608652574941516,0.01922263205051422,0.01918636215850711,0.018092632293701172,0.016247936990112066,0.014066330157220364,0.01969690201804042,0.019273551180958748,0.015861008781939745,0.01620321488007903,0.019757899921387434,0.019500303082168102,0.016924500931054354,0.013823462650179863,0.014433412812650204,0.015330665279179811,0.014132251963019371,0.014209357090294361,0.019204702228307724,0.015839572064578533,0.015175039879977703,0.014217874966561794,0.014341497793793678,0.016014730092138052,0.013940546195954084,0.014409171883016825
/confidential/automotive07/automotive07a;0.01252751611173153,0.010528820101171732,0.010006774216890335,0.010615153703838587,0.011177519802004099,0.01139532495290041,0.011093880981206894,0.01059520710259676,0.010776949115097523,0.010933842975646257,0.010998406913131475,0.010816339403390884,0.01077903900295496,0.011147108860313892,0.011212436947971582,0.010595556814223528,0.010749171022325754,0.011156955733895302,0.01097515132278204,0.011000215075910091,0.010625886730849743,0.010716153774410486,0.010986287612468004,0.01129810931161046,0.011022388935089111,0.010652180761098862,0.010799848940223455,0.010884567629545927,0.011029679328203201,0.010870110709220171,0.010926966089755297,0.01102829584851861,0.010820325929671526,0.010923459194600582,0.011082620359957218,0.010956762824207544,0.010826429817825556,0.010865311603993177,0.010857074055820704,0.010792241897433996,0.010828166268765926,0.011034918017685413,0.011007871013134718,0.010971053037792444,0.010820792987942696,0.010857934132218361,0.01112399809062481,0.010973191354423761,0.010714672971516848,0.011012415401637554
/confidential/automotive07/automotive07b;0.35199000919237733,0.31349544087424874,0.33536824118345976,0.30111190816387534,0.28100298112258315,0.2943407711572945,0.273790025152266,0.2966600120998919,0.30024245101958513,0.30271949945017695,0.28127716621384025,0.276109054684639,0.2979316031560302,0.28113641776144505,0.2770525151863694,0.28094565169885755,0.29894098080694675,0.30471550533548,0.2796458601951599,0.2798515991307795,0.29954814771190286,0.282777972985059,0.2764088702388108,0.2786059179343283,0.2999229752458632,0.2996853478252888,0.28287128917872906,0.2762409090064466,0.2942250366322696,0.2831523041240871,0.2839059568941593,0.28200254822149873,0.3019617600366473,0.2827623491175473,0.28246796363964677,0.28071235585957766,0.3058247282169759,0.2822865550406277,0.28179687913507223,0.2819034680724144,0.29966312693431973,0.2838470060378313,0.30778539227321744,0.2831157650798559,0.27719947788864374,0.29895015014335513,0.28247178392484784,0.28056708816438913,0.28393660113215446,0.301139947026968
